0,0,0,4.66094,3.94732,4.9153,0.499302,0.394496,0.395674,0.421581,0.375654,0.463974,0.41687,0.435712,0.492237,0.290867,0.392141,0.340326,0.343859,0.365056,0.361523,0.376832,0.449843,0.405094,0.365056,0.383898,0.456909,0.605286,0.452198,0.577024,0.586445,0.519322,0.586445,0.595866,0.524032,0.579379,0,0,0,0.595866,0,0,0,0,0,0,0,0.374477,0,0,0,0,0,0,0.267315,0,0,0,0,0,0,0.157798,0.207258,0.162509,0,0,
0,0,0,4.33828,4.89882,4.77164,0.536986,0.548762,0.52521,0.509901,0.522854,0.489882,0.513434,0.541696,0.405094,0.508723,0.607642,0.574669,0.580557,0.435712,0.5888,0.555827,0.435712,0.562893,0.595866,0.558182,0.58409,0.602931,0.546406,0.255539,0.255539,0.279091,0,0.193126,0,0.162509,0,0,0,0.646502,0,0,0,0,0,0,0.292045,0,0,0,0,0.209613,0,0,0,0,0,0,0.17664,0,0,0,0,0,0,0.17664,
0,0,0,4.11924,4.66447,4.18872,0.459264,0.414515,0.426291,0.449843,0.429824,0.468685,0.46633,0.461619,0.347392,0.426291,0.574669,0.527565,0.52521,0.459264,0.487526,0.499302,0.511078,0.502835,0.375654,0.518144,0.52992,0.479283,0.489882,0.469862,0.499302,0.496947,0.507546,0.485171,0.47575,0.514611,0,0,0,0,0,0.292045,0,0,0.138957,0,0,0,0,0,0,0,0,0,0,0.383898,0,0.580557,0,0,0,0,0,0,0,0,
0,0,0,5.06486,4.56791,5.12492,0.242586,0.433357,0.433357,0.195482,0.204902,0.468685,0.386253,0.409805,0.390963,0.368589,0.552294,0.532275,0.560538,0.536986,0.541696,0.544051,0.433357,0.541696,0.536986,0.526387,0.47575,0.476928,0.297933,0.435712,0.386253,0.459264,0.428646,0.46633,0.428646,0.428646,0,0,0,0,0,0,0,0,0,0,0,0,0,0,0,0,0,0,0,0.916173,0,0,0,0,0,0,0,0,0,0,
0,0,0,4.50314,4.0062,3.80129,0.398029,0.28969,0.574669,0.541696,0.532275,0.504013,0.513434,0.26967,0.53463,0.272026,0.565248,0.506368,0.496947,0.520499,0.496947,0.481638,0.458086,0.508723,0.496947,0.492237,0.607642,0.578202,0.53463,0.555827,0.560538,0.41687,0.428646,0.59351,0.435712,0.527565,0,0,0,0,0.12247,0,0.204902,0,0,0.153088,0,0,0,1.21293,0,0,0,0,0,0,0,0.164864,0,0,0,0.193126,0,0,0,0,
0,0,0,4.42895,4.02621,4.66565,0.539341,0.53463,0.376832,0.332083,0.518144,0.546406,0.52992,0.541696,0.544051,0.34857,0.586445,0.393318,0.555827,0.574669,0.567603,0.586445,0.558182,0.555827,0.569958,0.553472,0.35799,0.386253,0.447488,0.426291,0.440422,0.454554,0.468685,0.452198,0.499302,0.458086,0,0,0.687718,0,0,0,0,0,0,0,0,0,0.659456,0,0,0,0,0,0,0,0,0,0,0,0,0,0.653568,0,0,0,
0,0,0,4.68567,4.79519,3.64703,0.546406,0.527565,0.499302,0.366234,0.506368,0.513434,0.508723,0.511078,0.501658,0.448666,0.487526,0.459264,0.47104,0.463974,0.46633,0.399206,0.409805,0.41687,0.454554,0.440422,0.52521,0.461619,0.485171,0.492237,0.363878,0.492237,0.413338,0.494592,0.518144,0.487526,0,0,0,0.447488,0,0,0,0,0,0,0,0.0753664,0,0.221389,0,0,0,0.0777216,0.0989184,0,0,0,0,0,0,0,0.817254,0,0,0,
0,0,0,3.49983,2.26099,5.01304,0.540518,0.533453,0.520499,0.514611,0.577024,0.539341,0.532275,0.532275,0.496947,0.356813,0.619418,0.606464,0.602931,0,0.633549,0.602931,0.598221,0.591155,0.645325,0.640614,0.591155,0.531098,0.539341,0.52521,0.541696,0.541696,0.381542,0.561715,0.473395,0.515789,0.640614,0,0,0,0,0,0,0,0,0,0,0,0,0,0,0,0.44631,0,0,0,0,0,0,0,0,0,0,0,0,0,
0,0,0,4.5632,4.74102,4.85524,0.499302,0.41216,0.496947,0.499302,0.522854,0.443955,0.461619,0.47104,0.485171,0.47104,0.607642,0.553472,0.414515,0.539341,0.55465,0.546406,0.496947,0.542874,0.560538,0.494592,0.508723,0.4416,0.482816,0.508723,0.482816,0.511078,0.327373,0.385075,0.551117,0.390963,0,0.23552,0,0,0,0,0,0,0,0.315597,0.163686,0,0,0,0,0,0,0.124826,0,0,0,0.173107,0,0,0.137779,0.120115,0.175462,0,0,0,
0,0,0,4.6633,4.21816,3.39855,0.519322,0.53463,0.527565,0.532275,0.395674,0.327373,0.482816,0.485171,0.492237,0.506368,0.61353,0.544051,0.442778,0.598221,0.53463,0.544051,0.600576,0.519322,0.546406,0.478106,0.52992,0.513434,0.553472,0.520499,0.527565,0.572314,0.567603,0.565248,0.541696,0.509901,0,0,0,0,0,0,0,0,0.541696,0,0,0,0.480461,0,0,0,0,0,0,0,0,0,0,0.5888,0,0,0,0,0,0,
0,0,0,5.1991,3.74477,4.46781,0.605286,0.574669,0.546406,0.572314,0.574669,0.560538,0.577024,0.548762,0.454554,0.478106,0.428646,0.423936,0.393318,0.361523,0.40745,0.395674,0.421581,0.433357,0.392141,0.402739,0.261427,0.17664,0.17193,0.164864,0.188416,0.207258,0.200192,0.21079,0.209613,0.207258,0,0,0,0,0,0,0,0,0,0,0,0,0.282624,0,0,0.200192,0,0.15191,0,0,0,0,0,0,0,0,0,0,0,0,
0,0,0,4.07685,4.13809,4.77517,0.29911,0.274381,0.280269,0.217856,0.2944,0.284979,0.322662,0.310886,0.241408,0.354458,0.295578,0.619418,0.574669,0.522854,0.544051,0.35328,0.609997,0.41216,0.567603,0.56407,0.507546,0.513434,0.459264,0.496947,0.467507,0.478106,0.511078,0.504013,0.398029,0.496947,0,0,0.64768,0,0,0,0,0,0,0,0,0,0,0,0,0.673587,0,0,0,0,0,0,0,0,0.573491,0,0,0,0,0,
0,0,0,5.00951,4.01326,4.53729,0.458086,0.46633,0.485171,0.487526,0.501658,0.508723,0.47575,0.511078,0.508723,0.334438,0.52521,0.5888,0.553472,0.558182,0.539341,0.536986,0.502835,0.478106,0.544051,0.395674,0.621773,0.640614,0.223744,0.213146,0,0.598221,0.560538,0.522854,0.284979,0.241408,0,0,0,0,0,0,0,0,0,0,0,0,0,0,0.592333,0,0,0,0,0,0.186061,0.0918528,0,0,0,0.120115,0,0,0,0,
0,0,0,3.9426,4.66212,5.12138,0.419226,0.428646,0.409805,0.355635,0.367411,0.330906,0.35799,0.362701,0.108339,0.393318,0.555827,0.511078,0.53463,0.558182,0.482816,0.539341,0.572314,0.544051,0.557005,0.52992,0.5888,0.626483,0.59351,0.591155,0.47575,0.58409,0.591155,0.553472,0.58409,0.553472,0,0,0,0,0,0,0.449843,0,0,0,0,0,0,0,0,0,0,0,0.79488,0,0,0,0,0,0,0,0,0,0,0,
0,0,0,4.23229,4.44897,4.62915,0.255539,0.24023,0.233165,0.200192,0.211968,0.249651,0.233165,0.17193,0.254362,0.254362,0.504013,0.485171,0.518144,0.41216,0.521677,0.494592,0.499302,0.52992,0.513434,0.462797,0.560538,0.566426,0.548762,0.548762,0.569958,0.515789,0.355635,0.513434,0.5888,0.501658,0,0,0,0,0,0,0,0,0,0,0,0.678298,0,0,0,0,0,0,0,0,0.748954,0,0,0,0,0,0,0,0,0,
0,0,0,4.57851,2.90985,3.90728,0.626483,0.5888,0.58409,0.572314,0.442778,0.546406,0.591155,0,0.587622,0.560538,0.574669,0.41216,0,0.595866,0.520499,0.41687,0.548762,0.548762,0.598221,0.581734,0.398029,0.400384,0.0671232,0.402739,0.41687,0.40745,0.434534,0.334438,0.374477,0.343859,0,0,0.573491,0,0,0,0,0,0,0,0,0,0,0,0,0.841984,0,0,0,0,0.108339,0,0,0.103629,0,0,0.05888,0.103629,0.0683008,0,
0,0,0,4.63857,4.34534,4.74691,0.536986,0.458086,0.427469,0.506368,0.547584,0.577024,0.483994,0.511078,0,0.520499,0.555827,0.47575,0.536986,0.501658,0.501658,0.492237,0.498125,0.456909,0.527565,0.504013,0.581734,0.609997,0.449843,0.582912,0.59351,0.428646,0.619418,0.428646,0.574669,0.581734,0,0,0,0.496947,0,0,0,0,0,0,0,0,0.857293,0,0,0,0,0,0,0,0.572314,0,0,0,0,0,0,0,0,0,
0,0,0,4.39951,4.1534,4.28175,0.558182,0.560538,0.541696,0.40745,0.468685,0.50048,0.511078,0.501658,0.52521,0.511078,0.390963,0.400384,0.454554,0.379187,0.395674,0.442778,0.409805,0.301466,0.369766,0,0.14249,0.428646,0.389786,0.405094,0.409805,0.427469,0.398029,0.40745,0.386253,0.405094,0,0,0,0,0,0,0,0,0,0,0,0,0,0,0,0.939725,0,0,0,0,0,0,0,0,0,0,0,0.489882,0,0,
0,0,0,4.69274,4.9365,4.45015,0.414515,0.374477,0.414515,0.38272,0.379187,0.360346,0.398029,0.410982,0.385075,0.423936,0.0953856,0.242586,0.242586,0.254362,0.186061,0.186061,0.186061,0.203725,0.229632,0.133069,0.574669,0.52992,0.527565,0.520499,0.511078,0.520499,0.544051,0.53463,0.520499,0.513434,0,0.508723,0,0,0,0,0,0,0,0,0,0.160154,0,0,0.164864,0,0,0,0,0,0,0,0.76073,0,0,0,0,0,0,0,
0,0,0,4.78106,4.68567,3.71062,0.428646,0.389786,0.349747,0.421581,0.343859,0.12247,0.334438,0.320307,0.362701,0.360346,0.560538,0.540518,0.511078,0.541696,0.558182,0.402739,0.515789,0.511078,0.541696,0.520499,0.562893,0.52992,0.547584,0.541696,0.394496,0.520499,0.452198,0.558182,0.504013,0.520499,0,0,0,0.153088,0,0,0,0,0,0.11776,0,0,0,0,0.619418,0,0,0,0,0,0,0,0,0,0,0,0,1.04806,0,0,
0,0,0,4.41011,4.83052,2.29868,0.494592,0.374477,0.449843,0.428646,0.399206,0.440422,0.406272,0.459264,0.431002,0.478106,0.434534,0.608819,0.572314,0.553472,0.581734,0.579379,0.574669,0.574669,0.566426,0.440422,0.579379,0.336794,0.532275,0.249651,0.551117,0.345037,0.544051,0.20608,0.326195,0.55936,0,0.421581,0,0,0,0,0,0,0,0,0.2944,0,0,0.325018,0,0,0,0,0,0,0,0,0,0,0,0,0,0,0.268493,0,
0,0,0,4.39009,4.84229,4.0533,0.579379,0.522854,0.569958,0.53463,0.527565,0.546406,0.519322,0.518144,0.569958,0.52521,0.605286,0.485171,0.35328,0.499302,0.511078,0.499302,0.421581,0.528742,0.52992,0.562893,0.569958,0,0.544051,0.553472,0.58409,0.602931,0.579379,0,0.533453,0.521677,0.624128,0,0,0,0,0,0,0,0,0,0,0,0,0,0,0,0,0,0,0.337971,0,1.25768,0,0,0,0,0,0,0,0,
0,0,0,4.04506,4.65859,4.90706,0.562893,0.55465,0.492237,0.336794,0.383898,0.482816,0.297933,0.35799,0.545229,0.544051,0.376832,0.346214,0.381542,0.41216,0.372122,0.381542,0.365056,0.295578,0.332083,0.350925,0.560538,0.508723,0.522854,0.474573,0.52521,0.511078,0.52992,0.501658,0.528742,0.522854,0,0.131891,0.0871424,0.20608,0,0,0,0,0,0,0,0,0,0,0,0,0,0.680653,0,0,0,0.303821,0.286157,0,0,0,0,0,0,0,
0,0,0,4.35005,3.01112,4.15693,0.614707,0.594688,0.569958,0.574669,0.558182,0,0.560538,0.573491,0.600576,0.574669,0.46633,0.461619,0.487526,0.273203,0.445133,0.473395,0.468685,0.478106,0.47104,0.47575,0.518144,0.346214,0.449843,0.372122,0.499302,0.468685,0.492237,0.508723,0.406272,0.47104,0,0,0,0.661811,0,0,0,0,0,0,0.254362,0,0.214323,0,0.164864,0,0,0.215501,0,0,0,0,0.77015,0,0,0,0,0,0,0,
0,0,0,4.05565,4.46664,4.26173,0.572314,0.567603,0.579379,0.558182,0.53463,0.53463,0.428646,0.38272,0.421581,0.400384,0.459264,0.40745,0.438067,0.346214,0.395674,0.425114,0.405094,0.408627,0.452198,0.468685,0.35328,0.169574,0.355635,0.343859,0.158976,0.236698,0.339149,0.317952,0.346214,0.296755,1.1564,0,0,0,0,0,0,0,0,0,0,0,0,0,0,0,0.805478,0,0,0,0,0,0,0,0,0,0,0.692429,0,0,
0,0,0,4.50432,4.15575,4.30295,0.572314,0.386253,0.518144,0.376832,0.527565,0.47104,0.532275,0.487526,0.527565,0.499302,0.59351,0.572314,0.572314,0.544051,0.572314,0.553472,0.59351,0.565248,0.607642,0.569958,0.560538,0.53463,0.532275,0.515789,0.548762,0.532275,0.506368,0.499302,0.520499,0.487526,0,0,0,0.310886,0.202547,0,0,0,0,0,0,0,0,0,0,0,0,0,0.431002,0,0,0,0.695962,0,0,0,0,0,0,0,
0,0,0,4.53965,4.62561,4.56084,0.527565,0.496947,0.553472,0.390963,0.372122,0.516966,0.53463,0.496947,0.499302,0.506368,0.598221,0.572314,0.439245,0.546406,0.383898,0.581734,0.532275,0.567603,0.403917,0.551117,0.340326,0.617062,0.58409,0.567603,0.546406,0.555827,0.388608,0.562893,0.536986,0.381542,0,0,0,0,0.447488,0,0,0,0,0,0,0,0,0.199014,0,0,0,0,0.233165,0,0,0,0,0.327373,0,0,0,0,0,0,
0,0,0,3.68,4.58204,5.01422,0.553472,0.562893,0.560538,0.555827,0.449843,0.539341,0.539341,0.539341,0.539341,0.553472,0.50048,0.37801,0.496947,0.501658,0.520499,0.480461,0.434534,0.440422,0.504013,0.499302,0.43689,0.574669,0.5888,0.536986,0.581734,0.567603,0.579379,0.572314,0.569958,0.43689,0,0,0,0,0,0,0,0,0,0.405094,0,0,0,0,0,0,0,0.764262,0,0,0.035328,0.11776,0.0506368,0,0.0518144,0,0.0423936,0.0612352,0,0,
0,0,0,4.15693,4.75044,4.71393,0.549939,0.513434,0.402739,0.485171,0.494592,0.522854,0.508723,0.499302,0.513434,0.515789,0.574669,0.551117,0.546406,0.562893,0.572314,0,0.511078,0.518144,0.528742,0.390963,0.499302,0.478106,0.439245,0.482816,0.485171,0.520499,0.501658,0.507546,0.485171,0.431002,0,0,0,0,0,0,1.03982,0,0,0,0,0,0,0,0.459264,0,0,0,0,0,0,0,0,0,0,0,0.433357,0,0,0,
0,0,0,4.59028,4.84229,4.89175,0.405094,0.393318,0.343859,0.369766,0.372122,0.383898,0.398029,0.409805,0.381542,0.312064,0.605286,0.55936,0.561715,0.569958,0.569958,0.558182,0.567603,0.536986,0.574669,0.562893,0.501658,0.476928,0.480461,0.482816,0.432179,0.44631,0.459264,0.454554,0.480461,0.459264,0,0.182528,0,0,0,0,0.1472,0.102451,0,0,0,0,0,0.136602,0.12247,0,0,0.109517,0,0,0,0,0,0,0,0,0,0,0.32384,0,
0,0,0,4.96712,4.63268,4.26409,0.438067,0.621773,0.591155,0.602931,0.558182,0.47104,0.59351,0.574669,0.562893,0.548762,0.602931,0.381542,0.489882,0.558182,0.539341,0.544051,0.545229,0.468685,0.527565,0.402739,0.555827,0.508723,0.544051,0.511078,0.50048,0,0.567603,0.511078,0.485171,0.452198,0,0,0,0,0,0.381542,0,0,0,0,0,0,0,0.76544,0,0,0,0,0,0,0,0,1.09281,0,0,0,0,0,0,0,
0,0,0,4.38185,4.42071,4.77281,0.579379,0.551117,0.546406,0.565248,0.562893,0.558182,0.558182,0.485171,0.47575,0.553472,0.52992,0.508723,0.489882,0.482816,0.520499,0.499302,0.513434,0.370944,0.553472,0.482816,0.539341,0.499302,0.468685,0.462797,0.478106,0.461619,0.461619,0.447488,0.504013,0.481638,0.58409,0,0,0,0,0,0,0,0,0,0,0.70185,0,0,0,0,0,0,0,0,0.431002,0,0,0,0,0,0,0,0,0,
0,0,0,4.33592,3.58579,4.16988,0.595866,0.55465,0.447488,0.555827,0.567603,0.553472,0.536986,0.568781,0.555827,0.572314,0.506368,0.34857,0.368589,0.52521,0.536986,0.508723,0.532275,0.381542,0.521677,0.513434,0.365056,0.310886,0.186061,0.263782,0.266138,0.327373,0.34857,0.286157,0.320307,0.284979,0,0.810189,0,0,0,0,0,0,0,0,0,0,0,0.741888,0,0,0,0,0,0,0,0.374477,0,0,0,0,0,0.275558,0,0,
0,0,0,4.49608,4.62561,4.70569,0.572314,0.296755,0.558182,0.53463,0.359168,0.511078,0.374477,0.482816,0.536986,0.52521,0.170752,0.426291,0.440422,0.469862,0.456909,0,0.463974,0.41216,0.40745,0.219034,0.5888,0.527565,0.579379,0.52521,0.511078,0.542874,0.572314,0.536986,0.511078,0.553472,0.400384,0,0,0,0,0,0,0,0,0,0,0,0,0.494592,0,0,0,0,0,0,0.188416,0.146022,0,0.0800768,0,0.120115,0.150733,0,0,0.183706,
0,0,0,4.10865,3.69295,4.85289,0.553472,0.515789,0.551117,0.524032,0.560538,0.50048,0.53463,0.539341,0.524032,0.532275,0.605286,0.621773,0.62295,0.463974,0.62295,0.605286,0.5888,0.633549,0.546406,0,0.325018,0.52521,0.473395,0.504013,0.449843,0.511078,0.478106,0.409805,0.485171,0.44631,0,0,0,0.708915,0,0,0,0,0,0,0,0,0,0,0,0.787814,0,0,0,0,0,0,0,0,0,0,0,0,0,0,
0,0,0,4.595,4.80696,3.18541,0.560538,0.520499,0.53463,0.553472,0.53463,0.53463,0.520499,0.522854,0.561715,0.562893,0.342682,0.560538,0.518144,0.506368,0.522854,0.496947,0.327373,0.473395,0.508723,0.504013,0.548762,0.560538,0.555827,0.538163,0.52992,0.548762,0.532275,0.532275,0.551117,0.569958,0,0,0,0,0,0,0.138957,0.188416,0,0.17193,0.452198,0,0,0,0,0,0,0,0,0,0,0,0,0,0,0.513434,0,0,0,0,
0,0,0,4.16282,5.42049,4.44191,0.600576,0.546406,0.566426,0.586445,0.579379,0.506368,0.516966,0.516966,0.565248,0.41687,0.605286,0.565248,0.427469,0.55465,0.562893,0.498125,0.355635,0.518144,0.569958,0.31913,0.619418,0.5888,0.600576,0.624128,0.539341,0.592333,0.574669,0.605286,0,0.614707,0,0,0,0,0,0,0,0,0,0.798413,0,0,0,0,0,0,0,0,0,0,0,0,0,0,0.76073,0,0,0,0,0,
0,0,0,5.06604,3.94849,4.53258,0.256717,0.224922,0.252006,0.287334,0.178995,0.174285,0.193126,0.214323,0.17664,0.219034,0.579379,0.539341,0.334438,0.34857,0.515789,0.522854,0.52992,0.513434,0.521677,0.551117,0.390963,0.565248,0.520499,0.515789,0.485171,0.487526,0.555827,0.506368,0.520499,0.520499,0.076544,0,0,0,0,0,0,0.0812544,0.116582,0,0,0,0,0,0,0.988006,0,0,0,0,0,0,0,0.261427,0.247296,0,0,0,0,0,
0,0,0,3.64938,4.56202,4.64681,0.568781,0.522854,0.532275,0.492237,0.549939,0.558182,0.538163,0.513434,0.558182,0.445133,0.579379,0.518144,0.539341,0.536986,0.52521,0.532275,0.515789,0.520499,0.513434,0.513434,0.334438,0.306176,0.287334,0.242586,0.133069,0.214323,0.29911,0.282624,0.146022,0.18135,0,0,0.666522,0,0,0,0,0,0,0,0,0,0,0,0,0.228454,0,0.223744,0,0,0,0,0,0,0,0.167219,0,0,0,0.130714,
0,0,0,3.9638,4.80461,3.76243,0.304998,0.308531,0.343859,0.241408,0.282624,0.0553472,0.303821,0.11776,0.141312,0.306176,0.52521,0.297933,0.494592,0.539341,0.532275,0.546406,0.496947,0.502835,0.524032,0.518144,0.536986,0.513434,0.303821,0.499302,0.339149,0.499302,0.482816,0.480461,0.508723,0.504013,0,0,0.940902,0,0,0,0,0,0,0,0.0753664,0,0.109517,0,0,0.094208,0,0,0,0.0836096,0,0.400384,0,0,0,0,0,0,0.320307,0,
0,0,0,4.65152,4.46546,4.50903,0.383898,0.336794,0.339149,0.157798,0.166042,0.327373,0.327373,0.32384,0.296755,0.334438,0.58409,0.577024,0.58409,0.602931,0.572314,0.579379,0,0.539341,0.540518,0.579379,0.386253,0.553472,0.393318,0.506368,0.551117,0.506368,0.53463,0.539341,0.520499,0.520499,0,0,0,0.489882,0,0,0,0,0,0,0.589978,0,0,0,0,0,0,0,0,0,0,0,0,0,0,0,0.859648,0,0,0,
0,0,0,3.69413,4.53612,4.07567,0.5888,0.463974,0.58409,0.58409,0.600576,0.58409,0.581734,0.579379,0.571136,0.579379,0.619418,0.578202,0.612352,0.621773,0.626483,0.632371,0.633549,0.624128,0.633549,0,0.558182,0.64297,0.579379,0.571136,0.59351,0.562893,0.577024,0.572314,0.581734,0.435712,0,0,0,0,0,0.47575,0,0,0.350925,0,0.880845,0,0,0,0,0,0,0,0,0,0,0,0,0,0.607642,0,0,0,0,0,
0,0,0,2.98993,4.03328,3.84015,0.532275,0,0.508723,0.504013,0.256717,0.37801,0.447488,0,0.492237,0.443955,0.595866,0.557005,0.459264,0.577024,0.572314,0.50048,0.442778,0.541696,0.558182,0.553472,0.423936,0.409805,0.435712,0.359168,0.468685,0.447488,0.440422,0.41216,0.345037,0.388608,0.0753664,0,0,0,0.011776,0,0,0,0,0,0,0,0,0,0.138957,0,0.153088,0,0,0,0,0.244941,0,0,0,0,0,0,0.175462,0,
0,0,0,4.15811,4.63268,4.34417,0.409805,0.546406,0.508723,0.513434,0.515789,0.536986,0.513434,0.546406,0.485171,0.527565,0.566426,0.579379,0.561715,0.569958,0.44631,0.560538,0.548762,0.560538,0.558182,0.609997,0.508723,0.465152,0.368589,0.433357,0.454554,0.485171,0.418048,0.435712,0.431002,0.438067,0.256717,0,0,0,0.272026,0,0,0,0,0,0,0,0.308531,0,0,0,0,0,0.303821,0,0,0,0.449843,0,0,0,0,0,0,0,
0,0,0,3.63407,4.25702,4.57851,0.47104,0.478106,0.479283,0.499302,0.473395,0.433357,0.440422,0.433357,0.480461,0.452198,0.508723,0,0.489882,0.506368,0.489882,0.429824,0.452198,0.431002,0.485171,0.452198,0.487526,0.46633,0.499302,0.485171,0.41687,0.452198,0.428646,0.456909,0.433357,0.449843,0.408627,0,0,0,0,0.448666,0,0,0,0,0,0,0,0.891443,0,0,0,0,0,0,0,0,0,0,0,0,0,0.180173,0.164864,0,
0,0,0,4.59264,3.53516,4.8258,0.369766,0.341504,0.336794,0.316774,0.309709,0.365056,0.360346,0.34857,0.309709,0.300288,0.388608,0.514611,0.480461,0.50048,0.480461,0.445133,0.438067,0.461619,0.478106,0.496947,0.428646,0.40745,0.327373,0.439245,0.445133,0.386253,0.414515,0.361523,0.369766,0.398029,0,0.156621,0.164864,0,0.182528,0,0,0,0,0,0,0,0,0,0.372122,0,0,0,0.327373,0,0,0,0,0,0.607642,0,0,0,0,0,
0,0,0,4.62679,3.80718,4.14044,0.572314,0.546406,0.548762,0.546406,0.565248,0.544051,0.565248,0.513434,0.52992,0.520499,0.339149,0.383898,0.241408,0.409805,0.327373,0.423936,0.247296,0.410982,0.409805,0.402739,0.322662,0.558182,0.345037,0.313242,0.515789,0.301466,0.511078,0.557005,0.544051,0.478106,0,0,0.301466,0,0,0,0,0,0,0,0,0,0.252006,0,0,0,0,0.220211,0,0,0.64768,0,0,0,0,0,0,0,0,0,
0,0,0,2.50004,3.95674,4.40422,0.373299,0.433357,0.452198,0.452198,0.431002,0.461619,0.461619,0.388608,0.47575,0.449843,0.282624,0.487526,0.442778,0.438067,0.452198,0.360346,0.433357,0.335616,0.449843,0.459264,0.282624,0.29911,0.228454,0.118938,0.219034,0.237875,0.221389,0.24023,0.259072,0.17664,0,0,0,0,0,0,0,0.992717,0,0,0,0,0,0,0,0,0.438067,0,0,0,0,0,0,0,0,0,0,0,0,0.904397,
0,0,0,4.49725,4.85289,4.55142,0.277914,0.282624,0.341504,0.334438,0.325018,0.343859,0.301466,0.303821,0.34857,0.175462,0.187238,0.157798,0.18135,0.200192,0.202547,0.340326,0.174285,0.150733,0.190771,0.188416,0.489882,0,0.506368,0.518144,0.52521,0.536986,0.520499,0.518144,0.40745,0.47104,0.565248,0,0,0,0,0,0,0,0,0,0,0.270848,0,0,0,0,0,0,0,0,0,0,0,0,0,0.548762,0,0,0,0,
0,0,0,4.24525,4.61501,4.95416,0.398029,0.369766,0.254362,0.327373,0.320307,0.313242,0.141312,0.341504,0.336794,0.340326,0.565248,0.399206,0.562893,0.562893,0.551117,0.485171,0.527565,0.522854,0.551117,0.546406,0.390963,0.369766,0.196659,0.381542,0.342682,0.296755,0.381542,0.162509,0.303821,0.226099,0,0,0,0,0,0,0,0,1.01745,0,0,0,0,0,0.666522,0,0,0,0,0,0,0,0,0,0,0,0,0,0,0,
0,0,0,4.49254,4.44662,5.80321,0.385075,0.398029,0.390963,0.40745,0.388608,0.419226,0.386253,0.376832,0.394496,0.390963,0.573491,0.579379,0.600576,0.581734,0.591155,0.602931,0.46633,0.5888,0.5888,0.577024,0.518144,0.513434,0.527565,0.541696,0.544051,0.496947,0.522854,0.501658,0.527565,0.433357,0,0,0,0,0,0.956211,0,0,0,0,0,0,0,0,0,0,0,0,0.713626,0,0,0,0,0,0,0,0,0,0,0,
0,0,0,4.80225,4.23347,4.86113,0.489882,0.52521,0.52521,0.536986,0.527565,0.536986,0.551117,0.52992,0.508723,0.513434,0.346214,0.341504,0.279091,0.127181,0.320307,0.315597,0.277914,0.28969,0.296755,0.315597,0.577024,0.548762,0.511078,0.400384,0.522854,0.508723,0.491059,0.527565,0.504013,0.327373,0,0,0.250829,0,0,0,0,0,0,0,0,0,0.508723,0,0,0,0,0,0,0,0,0,0,0,0,0,0,0,0.386253,0.280269,
0,0,0,4.62915,4.11571,5.46171,0,0.70185,0.657101,0.64768,0.659456,0.683008,0,0.673587,0.687718,0.65239,0.626483,0.557005,0.567603,0.626483,0.567603,0.440422,0.5888,0.591155,0.555827,0.624128,0.546406,0.322662,0.287334,0.501658,0.513434,0.506368,0.53463,0.438067,0.511078,0.508723,0.918528,0,0,0,0,0,0,0,0,0,0,0.41687,0,0,0,0,0,0,0,0,0,0,0,0,0,0,0,0,0,0,
0,0,0,4.63386,4.22052,5.0154,0.536986,0.509901,0.492237,0.527565,0.506368,0.485171,0.512256,0.52521,0.499302,0.402739,0.565248,0.536986,0.558182,0.419226,0.52992,0.421581,0.528742,0.546406,0.59351,0.518144,0.52521,0.504013,0.431002,0.501658,0.480461,0.499302,0.522854,0.496947,0.451021,0.478106,0,1.05748,0,0,0,0,0,0,0,0,0,0,0,0,0.708915,0,0,0,0,0,0,0.167219,0,0.0683008,0,0.0800768,0.0800768,0.0788992,0,0,
0,0,0,4.62797,3.81189,3.92023,0.480461,0.449843,0.461619,0.518144,0.367411,0.375654,0,0.496947,0.468685,0.369766,0.617062,0.463974,0.552294,0.541696,0.547584,0.545229,0.53463,0.558182,0.546406,0.454554,0.428646,0.423936,0.31913,0.388608,0.388608,0.405094,0.390963,0.330906,0.413338,0.405094,0.216678,0,0,0.214323,0,0.24023,0,0,0,0,0,0,0.730112,0,0,0,0,0,0,0,0,0,0,0,0,0,0.23081,0,0.395674,0,
0,0,0,4.25702,4.12984,5.24503,0.555827,0.511078,0.362701,0.539341,0.532275,0.508723,0.480461,0.553472,0.481638,0.47104,0.303821,0.541696,0.333261,0.483994,0.52521,0.518144,0.522854,0.512256,0.496947,0.346214,0.399206,0.29911,0.334438,0.161331,0.32384,0.0788992,0.35328,0.362701,0.350925,0.350925,0,0,0,0,0,0,0,0.803123,0,0,0,0,0,0,0,0.721869,0,0,0,0,0,0,0,0,0,0,0,0,0,0,
0,0,0,4.8788,4.44662,3.0806,0,0.551117,0.515789,0.418048,0.574669,0.55936,0.565248,0.600576,0.567603,0.574669,0.52992,0.492237,0.489882,0.506368,0.489882,0.506368,0.516966,0.47575,0.370944,0.504013,0.489882,0.468685,0.487526,0.502835,0.489882,0.34857,0.515789,0.327373,0,0.452198,0,0,0,0,0,0,0.12247,0,0.128358,0,0,0.668877,0,0,0,0,0,0,0,0,0.759552,0,0,0,0,0,0,0,0,0,
0,0,0,4.83052,4.51256,4.56202,0.5888,0.577024,0.617062,0.572314,0,0.578202,0.527565,0.569958,0.59351,0.548762,0.591155,0.496947,0.485171,0.508723,0.527565,0.515789,0.518144,0.482816,0.539341,0.456909,0.605286,0.546406,0.560538,0.555827,0.532275,0.574669,0.551117,0.551117,0.452198,0.55465,0,0,0,0,0,0.511078,0,0,0,0,0,0.791347,0,0,0,0,0,0,0,0,0.23552,0,0,0,0,0.195482,0,0,0,0.187238,
0,0,0,4.90117,5.40401,4.0533,0.5888,0.572314,0.560538,0.598221,0.581734,0.567603,0.452198,0.571136,0.562893,0.55936,0.402739,0.383898,0.401562,0.393318,0.376832,0.191949,0.40745,0.184883,0.256717,0.428646,0.454554,0.37801,0.41216,0.421581,0.237875,0.423936,0.266138,0.442778,0.393318,0.38743,0,0,0,0,0,0,0,0,0,0,0,0,0,0,0,0,0,0,0,0,0.741888,0,0,0,0,0,0,0,0,0,
0,0,0,3.04527,4.64092,4.721,0.143667,0,0.136602,0.0965632,0,0.11776,0.094208,0.12247,0.094208,0.111872,0.520499,0.52992,0.508723,0.515789,0.522854,0.440422,0.536986,0.52521,0.509901,0.511078,0.522854,0.52521,0.381542,0.527565,0.485171,0.518144,0.513434,0.536986,0.43689,0.485171,0,0,0.386253,0,0,0,0,0,0,0,0,0,0,0.88791,0,0,0,0,0,0,0.174285,0.242586,0,0,0,0,0,0,0.116582,0,
0,0,0,5.43227,4.7422,4.55025,0.545229,0.508723,0.515789,0.43689,0.536986,0.494592,0.485171,0.494592,0.518144,0.365056,0.449843,0.5888,0.539341,0.541696,0.562893,0.558182,0.541696,0.562893,0.555827,0.581734,0.508723,0.451021,0.494592,0.511078,0.453376,0.425114,0.428646,0.47575,0.440422,0.47575,0,0,0,0,0,0,0,0,0,0,0,0,0,0,0,0,0,0,0,0.578202,0,0,0,0.478106,0,0,0,0,0,0,
0,0,0,4.74691,4.66447,4.53847,0.548762,0.454554,0.493414,0.47104,0.47104,0.506368,0.511078,0.518144,0.491059,0.511078,0.467507,0.506368,0.489882,0.478106,0.41687,0.452198,0.425114,0.454554,0.480461,0.494592,0.621773,0.435712,0.428646,0.5888,0.58409,0.578202,0.579379,0.573491,0.47104,0.59351,0,0,0,0,0,0.303821,0,0.301466,0,0,0.452198,0,0,0,0,0,0,0,0,0,0,0,0,0,0,0.376832,0,0,0,0,
0,0,0,4.59264,4.63032,3.2066,0.494592,0.481638,0.506368,0.467507,0.487526,0.487526,0.494592,0.482816,0.482816,0.478106,0.587622,0.562893,0.598221,0.398029,0.581734,0.569958,0.555827,0.435712,0.544051,0.581734,0.609997,0.609997,0.47575,0.614707,0.612352,0.626483,0.638259,0.595866,0.59351,0,0,0,0,0,0,0,0,0.478106,0,0,0.200192,0,0,0,0.184883,0,0,0,0,0,0.103629,0,0,0.219034,0,0.123648,0.186061,0,0,0,
0,0,0,3.87077,3.37971,4.39009,0.555827,0.322662,0.553472,0.572314,0.544051,0.522854,0.5888,0.456909,0.428646,0.536986,0.419226,0.34857,0.41687,0.329728,0.402739,0.400384,0.400384,0.355635,0.421581,0.312064,0.553472,0.539341,0.558182,0.548762,0.528742,0.545229,0.536986,0.359168,0.541696,0.52992,0,0,0.71127,0,0,0,0,0,0,0,0,0,0,0,0.17193,0,0,0.227277,0.166042,0,0,0,0,0,0.796058,0,0,0,0,0,
0,0,0,4.57027,3.06176,5.11667,0.426291,0.428646,0.614707,0.605286,0.445133,0.558182,0.572314,0.558182,0.5888,0.587622,0.52992,0.478106,0.478106,0.487526,0.47104,0.522854,0.465152,0.449843,0.47575,0.482816,0.586445,0.508723,0.50519,0.332083,0.494592,0.325018,0.496947,0.513434,0.479283,0.504013,0,0,0,0,0,0,0,0.178995,0,0.143667,0,0.844339,0,0,0,0,0,0,0,0,0,0,0,0,0,0,0,0,0,0,
0,0,0,4.92355,2.93693,4.55378,0.551117,0.395674,0.536986,0.52992,0.53463,0.555827,0.504013,0.53463,0.292045,0.489882,0.469862,0.369766,0.487526,0.501658,0.463974,0.456909,0.487526,0.392141,0.461619,0.468685,0.423936,0.361523,0.395674,0.379187,0.356813,0.395674,0.402739,0.386253,0.41216,0.41687,0.732467,0,0,0,0,0,0,0,0,0,0,0,0.502835,0,0,0,0,0,0,0,0,0,0,0,0,0,0,0.607642,0,0,
0,0,0,4.22641,4.22641,4.26409,0,0.40745,0.317952,0.310886,0.287334,0.249651,0.292045,0.306176,0.322662,0.332083,0.548762,0.544051,0.52521,0.489882,0.522854,0.515789,0.489882,0.522854,0.552294,0.53463,0.605286,0.581734,0.58409,0.598221,0.555827,0,0.586445,0.581734,0.551117,0.560538,0,0,0.359168,0,0,0,0,0,0,0,0,0,0,0,0,0,0,0,0,0.456909,0.184883,0,0.193126,0,0.0718336,0.0836096,0,0,0.0989184,0,
0,0,0,5.54179,4.97418,4.07214,0.558182,0.553472,0.53463,0.35799,0.569958,0.504013,0.504013,0.560538,0.548762,0.539341,0.546406,0.499302,0.491059,0.398029,0.479283,0.483994,0.513434,0.483994,0.501658,0.501658,0.463974,0.47104,0.447488,0.432179,0.438067,0.454554,0.459264,0.491059,0,0.343859,0,0,0,0,0,0,0,0,0,0,0.129536,0.0989184,0,0.101274,0.0965632,0,0,0,0.070656,0,0,0,0,0,0.745421,0,0,0,0,0,
0,0,0,4.41364,3.75066,4.42189,0.376832,0.58409,0.555827,0.59351,0.544051,0.551117,0.41216,0.548762,0.546406,0.560538,0.508723,0.492237,0.496947,0,0.482816,0.518144,0.515789,0.509901,0.536986,0.366234,0.522854,0.513434,0.553472,0.504013,0.555827,0.454554,0.508723,0.438067,0.478106,0.487526,0.889088,0,0,0,0,0,0,0,0,0,0,0,0,0,0,0,0.99625,0,0,0,0.892621,0,0,0,0,0,0,0,0,0,
0,0,0,4.57851,4.78694,4.57498,0.645325,0.638259,0.602931,0.602931,0.58409,0.609997,0.602931,0.388608,0,0.597043,0.621773,0,0.553472,0.605286,0.612352,0.633549,0.585267,0.58409,0.604109,0.595866,0,0.393318,0.388608,0.388608,0.261427,0.405094,0.41216,0.459264,0.435712,0.429824,0,0,0,0,0.365056,0,0,0,0,0,0,0,0,0.143667,0,0,0.167219,0.17664,0,0,0,0.187238,0,0.0894976,0,0,0.141312,0,0.12247,0,
0,0,0,4.75279,5.67956,5.35808,0.527565,0.548762,0.496947,0.504013,0.47575,0.520499,0.521677,0.522854,0.544051,0.518144,0.567603,0.561715,0.541696,0.569958,0.560538,0.562893,0.562893,0.532275,0.562893,0.532275,0.565248,0.58409,0.598221,0.55936,0.558182,0.600576,0.573491,0.560538,0.574669,0.562893,0.209613,0,0.129536,0,0,0,0.129536,0,0,0,0,0,0,0,0,0,0,0,0,0,0,0,0,0,0,0,0,0,0,0,
0,0,0,3.99677,4.92943,4.35359,0.527565,0.445133,0.463974,0.459264,0.452198,0.480461,0.499302,0.46633,0.494592,0.516966,0.478106,0.456909,0.38272,0.454554,0.452198,0.403917,0.452198,0.418048,0.478106,0.462797,0.209613,0,0.209613,0.213146,0.211968,0.233165,0.270848,0.272026,0.18135,0.128358,0,0.275558,0,0,0,0,0,0,0,0.41687,0,0,0.332083,0,0,0,0,0.202547,0,0,0,0,0,0,0,0,0,0,0.774861,0,
0,0,0,4.37007,3.50689,4.38538,0.61353,0.47575,0.59351,0.485171,0.59351,0.565248,0.599398,0.600576,0.577024,0.59351,0.174285,0.326195,0.244941,0.247296,0.247296,0.252006,0.254362,0.219034,0.270848,0.266138,0.595866,0.53463,0.538163,0.555827,0.520499,0.538163,0.569958,0.52992,0.385075,0.539341,0,0,0,0,0,0,0,0,0,0.920883,0,0,0,0,0,0,0,0,0,0,0,0,0,0,0,0,0,0.327373,0,0,
0,0,0,3.806,5.00362,4.47017,0.591155,0.574669,0.546406,0.383898,0.532275,0.532275,0.532275,0.553472,0.560538,0.542874,0.459264,0.478106,0.460442,0.469862,0.504013,0.445133,0.492237,0.440422,0.47575,0.463974,0.489882,0.41687,0.28969,0.44631,0.46633,0.277914,0.459264,0.449843,0.247296,0.440422,0,0,0.64768,0,0,0,0,0,0,0,0,0,0,0,0,0.161331,0,0.144845,0,0,0,0.972698,0,0,0,0,0,0,0,0,
0,0,0,4.68096,4.06272,4.2476,0.334438,0.262605,0.268493,0.320307,0.308531,0.259072,0.237875,0.261427,0.241408,0.313242,0.546406,0.405094,0.532275,0.520499,0.527565,0.567603,0.513434,0.548762,0.572314,0.508723,0.548762,0.540518,0.501658,0.518144,0.52992,0.567603,0.520499,0.541696,0.551117,0.560538,0,0,0,0,0,0.77015,0,0,0,0,0,0,0,0,0,0,1.03393,0,0,0,0,0,0,0,0,0,0.88791,0,0,0,
0,0,0,4.32768,3.81896,4.55378,0.473395,0.456909,0.26967,0.301466,0.438067,0.46633,0.434534,0.438067,0.309709,0.463974,0.595866,0.514611,0.504013,0.372122,0.527565,0.532275,0.549939,0.518144,0.548762,0.532275,0.52521,0.506368,0.504013,0.542874,0.439245,0.527565,0.456909,0.508723,0.473395,0.50519,0.178995,0,0.228454,0,0,0,0,0,0,0,0.229632,0,0,0.242586,0,0,0,0,0,0,0,0,0,0,0.266138,0,0,0.221389,0,0,
0,0,0,4.6527,3.60817,4.43955,0.47575,0.508723,0.454554,0.310886,0.461619,0.449843,0.46633,0.461619,0.447488,0.501658,0.562893,0.569958,0.409805,0.602931,0.571136,0.553472,0.553472,0.544051,0.58409,0.541696,0.692429,0.654746,0.708915,0.46633,0.666522,0.666522,0.46633,0.485171,0,0.400384,0,0,0,0,0.277914,0,0,0,0,0.196659,0,0,1.17289,0,0,0,0,0,0,0,0,0,0.362701,0,0,0,0,0,0,0.292045,
0,0,0,4.99185,4.51727,4.6209,0.600576,0.581734,0.544051,0.52521,0.532275,0.577024,0.595866,0.558182,0.569958,0.449843,0.546406,0.499302,0.522854,0.52992,0.533453,0.549939,0.541696,0.553472,0.541696,0.553472,0,0.540518,0.359168,0.544051,0.532275,0.544051,0.551117,0.572314,0.560538,0.46633,0,0,0.177818,0,0,0.0753664,0.11305,0,0,0,0.399206,0,0,0,0,0.421581,0,0,0,0,0,0.602931,0,0,0,0,0,0,0,0,
0,0,0,4.92355,4.6786,4.51374,0,0.558182,0.508723,0.40745,0.369766,0.461619,0.463974,0.501658,0.506368,0.355635,0.263782,0.217856,0.233165,0.268493,0.229632,0.261427,0.282624,0.237875,0.226099,0.144845,0.565248,0.38743,0.293222,0.520499,0.501658,0.518144,0.520499,0.511078,0.515789,0.516966,0,0,0,0,0.445133,0,0,0,0,0,0,0,0,0,0,0,0.422758,0,0,0,0,0,0,0,0,0,0.859648,0,0,0,
0,0,0,4.27233,4.5161,4.3006,0.577024,0.569958,0.555827,0.569958,0.555827,0.456909,0.558182,0.565248,0.541696,0.546406,0.421581,0.586445,0.552294,0.546406,0.533453,0.502835,0.544051,0.558182,0.58409,0.581734,0.459264,0.406272,0.426291,0.386253,0.390963,0.372122,0.374477,0.372122,0.380365,0.401562,0,0,0,0,0,0,0.199014,0,0.248474,0,0,0.423936,0,0,0,0,0,0,0,0,0,0,0,0,0.223744,0.138957,0,0,0,0,
0,0,0,3.75301,4.43013,4.55142,0.671232,0.612352,0,0.655923,0.501658,0.626483,0.612352,0.631194,0.602931,0.619418,0.569958,0.541696,0.473395,0.461619,0.438067,0.449843,0,0.474573,0.511078,0.350925,0.553472,0.506368,0.520499,0.499302,0.522854,0.442778,0.544051,0.494592,0.511078,0.513434,0,0,0,0,0,0,0,0.986829,0,0,0,0,0,0,0,0.552294,0,0,0,0,0,0,0,0,0,0.428646,0,0,0,0,
0,0,0,4.56438,4.87997,4.47488,0.562893,0.494592,0.548762,0.53463,0.53463,0.496947,0.504013,0.506368,0.536986,0.393318,0.548762,0.522854,0.531098,0.544051,0.511078,0.390963,0.494592,0.360346,0.565248,0.34857,0.374477,0.621773,0.567603,0.361523,0.394496,0.567603,0.602931,0.614707,0.611174,0.609997,0,0,0,0,0,0.317952,0,0,0,0.211968,0,0,0,0,0,0,0,0,0,0.612352,0.242586,0,0,0,0,0.405094,0,0,0,0,
0,0,0,3.24311,5.1991,4.49608,0.607642,0.58409,0.544051,0.577024,0.459264,0.591155,0.581734,0.61824,0.595866,0.41687,0.395674,0.216678,0.402739,0.297933,0.345037,0.381542,0.393318,0.372122,0,0.398029,0.440422,0.47575,0.482816,0.461619,0.47575,0.452198,0.47575,0.482816,0.468685,0.515789,0.791347,0,0,0,0,0,0,0,0,0,0,0,0,0,0,0,0,0,0,0,0,0,0,0,1.02216,0,0,0,0,0,
0,0,0,4.76575,4.48901,4.56084,0.405094,0.41216,0.389786,0.388608,0.41216,0.376832,0.216678,0.433357,0.431002,0.346214,0.405094,0.381542,0.393318,0.334438,0.327373,0.322662,0.365056,0.2944,0.367411,0.355635,0.58409,0.572314,0.561715,0.574669,0.535808,0.423936,0.558182,0.53463,0.577024,0.581734,0.459264,0,0,0,0,0,0,0.287334,0,0,0,0.186061,0,0,0.124826,0,0,0,0,0.141312,0.234342,0,0.369766,0,0,0,0.266138,0,0,0,
0,0,0,5.26387,3.97793,4.49608,0.633549,0.617062,0.5888,0.591155,0.560538,0.586445,0.581734,0.568781,0.385075,0.567603,0.414515,0.406272,0.456909,0.442778,0.438067,0.448666,0.454554,0.478106,0.473395,0.489882,0.488704,0.463974,0.463974,0.35328,0.2944,0.400384,0.405094,0.440422,0.332083,0.454554,0,0,0,0,0,0,0,0,0,0,0,0,0,0.296755,0,0,0,0,0.204902,0,0,0.488704,0,0,0,0,0,0,0,0,
0,0,0,4.70804,4.1216,4.45015,0.540518,0.518144,0.522854,0.491059,0.506368,0.518144,0.512256,0.506368,0.544051,0.501658,0.487526,0.465152,0.508723,0.459264,0.47575,0.41687,0.501658,0.473395,0.513434,0.494592,0.624128,0.579379,0.607642,0.390963,0.569958,0.544051,0.565248,0.569958,0.582912,0.565248,0,0,0,0,0,0,0,0,0,0.508723,0,0,0,0,0.558182,0,0,0,0,0,0,0,0,0,0,0.224922,0,0,0,0.180173,
0,0,0,3.70708,5.02482,3.49158,0.369766,0.483994,0.482816,0.442778,0.47104,0.501658,0.513434,0.492237,0.369766,0.46633,0.489882,0.473395,0.521677,0.485171,0.52521,0.350925,0.485171,0.413338,0.496947,0.485171,0.631194,0.577024,0.329728,0.617062,0.313242,0.330906,0.253184,0.52992,0.555827,0,0.221389,0,0,0,0,0,0.169574,0,0,0.160154,0,0,0,0,0,0,0,0,0,0,0,0,0,0,0,0,0,0,0,0.485171,
0,0,0,5.31922,4.25585,3.28904,0.400384,0.555827,0.40745,0.522854,0.372122,0.522854,0.499302,0.515789,0.489882,0.502835,0.566426,0.548762,0.560538,0.548762,0.555827,0.511078,0.548762,0.499302,0.548762,0.53463,0.372122,0.341504,0.381542,0.380365,0.306176,0.303821,0.325018,0.343859,0.34857,0.35328,0,0,0,0,0,0,0,0,0,0,0.957389,0,0,0,0,0,0,0,0,0,0,0,0.456909,0,0,0,0.343859,0,0,0,
0,0,0,4.35476,3.80954,4.45486,0.569958,0.381542,0.536986,0.499302,0.489882,0.515789,0.558182,0.531098,0.520499,0.479283,0.515789,0.410982,0.440422,0.409805,0.440422,0.440422,0.414515,0.414515,0.492237,0.459264,0.555827,0.53463,0.515789,0.489882,0.548762,0.435712,0.492237,0.518144,0.511078,0.520499,0,0,0.239053,0,0,0,0,0,0,0,0.34857,0,0,0,0,0,0.35799,0,0,0,0,0.508723,0,0,0,0,0,0,0,0,
0,0,0,4.64445,5.02953,4.62208,0.574669,0.527565,0.49577,0.419226,0.577024,0.447488,0.574669,0.577024,0.487526,0.567603,0.52521,0.47575,0.476928,0.506368,0.487526,0.459264,0.459264,0.459264,0.41216,0.494592,0.515789,0.506368,0.520499,0.335616,0.501658,0.501658,0.468685,0.440422,0.478106,0.287334,0.140134,0.237875,0,0,0,0,0,0,0,0,0,0,0,0.107162,0.174285,0,0,0,0,0.120115,0,0,0.202547,0.107162,0,0,0,0.101274,0,0,
0,0,0,4.76692,4.69038,4.93297,0.600576,0.449843,0.541696,0.542874,0.555827,0.574669,0.577024,0.577024,0.567603,0.561715,0.256717,0.435712,0.428646,0.334438,0.362701,0.386253,0.401562,0.346214,0.372122,0.374477,0.438067,0,0.400384,0.372122,0.419226,0.256717,0.41216,0.346214,0.256717,0.431002,0,0,0,0,0,0,0.277914,0,0,0,0.197837,0,0.226099,0,0,0,0,0,0,0,0.0965632,0,0,0,0.0635904,0,0,0,0,0.0447488,
0,0,0,5.46995,4.65976,2.90278,0.621773,0.567603,0.577024,0.5888,0.59351,0.376832,0.581734,0.561715,0.5888,0.544051,0.522854,0.52992,0.419226,0.546406,0.508723,0.463974,0.483994,0.489882,0.478106,0.532275,0.08832,0.118938,0.130714,0.134246,0.107162,0.150733,0.156621,0.047104,0.183706,0.138957,0,0,0,0,0,0,0,0,0,0,0,0,0.421581,0,0,0,0,0,0,0,0,0,0,0,0.965632,0,0,0,0,0,
0,0,0,5.09901,4.87173,3.16421,0.508723,0.515789,0.515789,0.518144,0.52992,0.522854,0.520499,0.520499,0.456909,0.499302,0.61353,0.577024,0.34857,0.567603,0.339149,0.565248,0.56407,0.544051,0.544051,0.555827,0.155443,0.157798,0.17193,0.167219,0.23081,0.223744,0.064768,0.20608,0.162509,0.178995,0,0,0,0,0,0,0,0,0,0.266138,0,0,0,0,0,0,0,0,0,0,0,0,1.02687,0,0,0,0,0,0,0,
0,0,0,4.38774,4.43131,3.92612,0.553472,0.487526,0.532275,0.508723,0.512256,0.506368,0.418048,0.504013,0.513434,0.489882,0.553472,0.35328,0.522854,0.343859,0.558182,0.53463,0.521677,0.535808,0.522854,0.548762,0.581734,0.532275,0.562893,0.536986,0.532275,0.560538,0.548762,0.544051,0.501658,0.555827,0,0,0,0.317952,0,0,0,0.226099,0,0,0,0,0.864358,0,0,0,0,0,0,0,0,0,0,0,0,0,0,0,0,0,
0,0,0,4.20756,4.30648,4.48195,0.619418,0.581734,0.569958,0.552294,0.555827,0.532275,0.548762,0.555827,0.562893,0.544051,0.402739,0.376832,0.35799,0,0.350925,0.343859,0.34857,0.390963,0.400384,0.434534,0.59351,0.560538,0.581734,0.541696,0.553472,0.546406,0.562893,0.536986,0.553472,0.527565,0.248474,0,0,0.193126,0,0,0,0,0,0,0,0,0,0.244941,0.259072,0,0,0,0,0,0,0.388608,0,0,0,0,0,0,0.236698,0,
0,0,0,2.93105,3.97911,4.25938,0.562893,0.507546,0.522854,0.499302,0.482816,0.494592,0.467507,0.47575,0.485171,0.458086,0.600576,0.562893,0.55465,0.577024,0.548762,0.591155,0.579379,0.58409,0.560538,0.431002,0.17664,0.17664,0.17193,0.11776,0.174285,0.154266,0.186061,0.202547,0.197837,0.195482,0,0,0,0,0.342682,0,0,0.369766,0,0,0,0.336794,0,0,0.287334,0,0,0,0,0,0,0,0,0,0.190771,0,0.310886,0,0,0,
0,0,0,5.59007,4.57262,4.64328,0.46633,0.492237,0.492237,0.34857,0.473395,0.486349,0.440422,0.474573,0.442778,0.427469,0.409805,0.581734,0.548762,0.423936,0.597043,0.526387,0.532275,0.53463,0.551117,0.405094,0.506368,0.428646,0.47104,0.445133,0.459264,0.395674,0.473395,0.426291,0.463974,0.435712,0,0,0,0,0,0,0,0,0,0,0,0,0,0,0,0,0,0,0,0,0,0,0,0,0,0,0.367411,0,0,0,
0,0,0,4.18401,4.05683,4.98714,0.365056,0.569958,0.586445,0.594688,0.544051,0.600576,0.536986,0.591155,0.553472,0.548762,0.546406,0.520499,0.506368,0.520499,0.47575,0.372122,0.526387,0.506368,0.539341,0.520499,0.555827,0.532275,0.536986,0.493414,0,0.540518,0.533453,0.558182,0.474573,0.518144,0,0,0,0,0,0,0.186061,0.200192,0.237875,0,0,0,0,0.527565,0,0,0,0,0,0,0,0.12247,0,0.150733,0,0,0.116582,0,0.094208,0,
0,0,0,4.12749,4.50903,4.21228,0.520499,0.541696,0.244941,0.381542,0.506368,0.504013,0.532275,0.480461,0.369766,0.508723,0.544051,0.506368,0.515789,0.506368,0.499302,0.522854,0.487526,0.508723,0.540518,0.50048,0.334438,0.296755,0.334438,0,0.307354,0.279091,0.259072,0.313242,0.223744,0.256717,0,0,0,0,0,0,0,0,0.527565,0,0,0,0,0,0,0,0,0.804301,0,0,0,0,0,0,0,0,0,0,0,0.511078,
0,0,0,42.7316,23.7498,26.4548,1.93715,2.639,2.80858,1.91007,2.03725,2.72026,2.49769,2.40113,2.60132,2.61898,3.28197,3.30317,3.31848,3.34203,2.87217,3.35145,3.26902,3.29257,3.27255,3.33143,3.60934,0,3.54575,3.62701,3.62819,3.55871,3.52102,3.5222,3.65409,3.63761,0.433357,0.601754,0.655923,0,0.637082,0.482816,0,0,0.601754,0,0,1.56621,0,0,0,0.949146,0,1.9242,0,0,0,0,0,0,4.83758,0,0,0,0,0,
0,0,0,35.1302,35.0524,35.2997,3.27962,2.52595,2.48238,3.3067,2.51889,3.2278,3.26548,3.31612,3.23016,3.27373,3.32201,3.25371,3.22074,3.22898,3.27608,2.67786,2.63782,3.27491,3.25371,3.23958,0.999782,2.20329,1.82528,2.04314,1.19762,1.29183,1.4826,1.47082,1.06691,1.1093,0,0,0.619418,1.13992,0,0,0.856115,0.77015,0.862003,0,0,1.89476,0,0,0,0,2.16207,0,0,0,0,0,1.59918,0,0,0,1.40488,0,0,0.648858,
0,0,0,30.6282,22.8643,36.3525,2.44352,2.57306,2.46943,2.40819,2.43174,2.38582,2.33754,2.50593,2.39288,2.50004,2.28101,2.38935,2.43645,2.28808,2.39406,2.39995,2.44705,2.38582,1.92773,2.33047,2.3234,3.04174,2.32576,3.01937,3.00524,2.99817,2.94871,2.95578,2.37051,2.95931,0,0,0,1.02451,1.20586,1.01038,0,0,1.40134,0,0,0,0,0,4.87291,0,2.57659,0,0,0,0,2.27041,0,2.08906,0,0,0,2.26688,0,0,
0,0,0,24.4187,35.9345,23.9571,3.32908,3.29375,2.11615,3.24076,2.11615,2.00663,0,3.22662,2.99699,3.20543,2.53184,3.06058,3.03585,3.06294,3.09591,3.04292,3.10769,2.54362,3.05352,3.02643,2.97108,2.99817,2.90278,2.95224,2.90985,2.8651,2.98051,2.8757,2.90043,2.91338,0.830208,0,0,0,1.33069,0.902042,0,0,0,1.472,0,2.12321,1.58623,0,0,0,0,0,0,0,0,0,0,3.0912,0,0,0,0,0,0,
0,0,0,33.4886,27.3027,25.9366,3.18305,3.1383,3.13948,2.10084,3.15597,3.17834,3.22074,3.12771,2.13028,2.10908,2.58248,2.54362,2.57423,2.54008,2.53184,2.08906,2.6708,2.56481,1.98897,2.59543,2.77325,2.82271,2.74145,2.74616,2.77443,2.7862,2.75794,2.66491,2.69906,2.68728,0,6.72763,0,0,0,0,0,3.97911,0,0,3.0335,0,0,2.53655,0,0,0,0,0,0,0,0,1.44138,5.46995,0,0,0,0,0,0,
0,0,0,20.4608,28.1505,27.4946,2.51418,2.53066,2.33989,2.53184,2.48356,2.46001,2.45883,2.48709,2.46943,2.43763,1.92184,1.96424,1.65924,1.28123,1.8559,1.9607,1.9819,1.94775,2.00781,1.93951,3.09356,3.1383,3.03585,3.0912,3.03703,3.04292,3.07589,3.04174,3.0912,3.12535,0,0,0,0,0,0,0,0,4.83994,3.22191,0,2.91692,1.27416,0,0,0,2.25981,0,0,0,0,0,0,0,2.03372,0,0,0,0,0,
0,0,0,26.874,34.6756,27.6347,2.92398,2.37757,2.87923,2.83448,2.90985,2.84744,2.87923,2.82271,2.79562,2.85215,3.02996,3.08884,3.01937,3.03821,3.04881,3.07589,3.02879,2.99581,3.01583,2.98993,2.93222,2.95931,2.90632,2.96755,2.97344,3.00052,2.45412,2.91927,2.86275,2.94753,0,0,0,0,0,0,2.17856,0,0,1.75345,3.53044,0,0,0.601754,0,0,0,0,0,1.30831,0,0,0.710093,2.08082,0,1.42607,0,0,0,0,
0,0,0,28.2235,23.552,35.0018,3.0594,3.00524,2.95695,2.08553,3.03468,2.9546,2.05491,2.97462,3.04998,3.02054,2.86863,2.90514,2.9228,2.85097,2.87334,2.91103,2.92751,2.85804,2.88983,2.83802,2.70024,2.69553,2.81211,2.77325,2.84037,2.77089,2.7862,2.74028,2.84744,2.76147,0,0,0,0,0,2.86392,0,0,2.33047,0,1.26828,0,0,0,0,1.7452,0,0,0,0,1.18231,0.515789,0.514611,0,0,0,1.72283,0,1.25885,0,
0,0,0,28.5285,33.8077,29.3953,3.35616,3.3644,3.33732,3.39502,3.33496,3.33614,3.34909,3.41622,3.375,3.4068,3.32083,3.36323,3.33379,3.34674,3.28315,3.29846,3.27608,2.8286,2.74263,3.37382,2.11026,1.87121,1.88063,1.90536,1.75816,2.0137,1.61213,1.97601,1.98543,1.83706,0.989184,0,0,0,1.34953,2.2551,0,0,0,0,0,0,4.72453,0,4.04977,0,0,0,0,4.57615,2.37757,0,0,0,0,1.07986,0,2.6814,0,0,
0,0,0,29.6767,23.2234,21.3475,3.15597,3.06412,3.08649,2.51064,3.12417,2.22095,3.10886,3.09944,3.16068,3.1018,3.29257,3.23604,3.23251,3.21249,3.21249,3.27608,3.21603,3.27608,3.19365,3.25489,3.45743,3.36205,3.37736,3.38207,3.38089,3.3644,3.43977,3.40091,3.42446,2.83919,3.91788,0,0,0,0,0,0,0,0,0,1.20586,0,0,0,0.604109,2.65313,0,0,0,0,0,0,0.892621,0,0,0,0,0,2.17149,1.45551,
0,0,0,22.0729,37.5725,28.2094,2.1609,2.31752,2.24097,2.29514,2.29514,2.29985,2.20682,1.83823,2.22331,2.37757,2.69906,2.73674,2.6814,2.64489,2.71672,2.65313,2.74734,2.66255,2.70495,2.73085,2.44352,2.92045,3.0229,2.89807,2.99228,2.91574,2.98522,2.96755,2.93693,2.95342,3.60934,0,0,0,0,0,0,0,0,0,2.62487,2.95342,2.83684,0,0,0,0,0,0,0,0,0.727757,0.487526,0.633549,0,0,0,0,1.91831,0,
0,0,0,24.7673,26.4618,28.3872,2.84744,2.42232,2.88159,2.89454,2.86628,2.82506,2.92045,2.87334,2.84744,2.82388,2.8545,2.88041,2.93458,2.944,2.87452,2.8651,2.90043,2.91456,2.89219,2.9334,2.61309,2.62723,2.62723,2.63311,2.63429,2.6284,2.6602,2.64489,2.6814,2.17267,1.14698,0,0,1.46964,0,0,1.19526,0,0.82903,0,0,2.64018,0,0,0,0,0,0,2.27041,0,0,0,0.756019,1.23059,0,0,0,0,2.13146,0,
0,0,0,40.9016,22.5699,41.3149,3.90257,3.9638,3.86959,3.86724,3.90021,3.9273,3.86724,0,3.86724,3.87313,2.90749,2.84273,2.41055,2.88276,2.8651,2.92045,2.84508,2.90396,2.8545,2.8439,1.6192,1.66277,0.892621,1.65453,1.73225,1.7452,1.8818,1.48142,1.35895,1.39428,0,1.28712,1.25414,0,0,1.41783,1.23295,0,0,0,0,0,0,0,0,0,0,2.7073,0,4.60559,1.26592,1.39546,1.78524,0,1.01038,1.3036,0,0,0,0,
0,0,0,22.5251,23.4248,34.4036,2.3234,2.82153,2.98522,2.92987,2.93576,2.91103,2.92398,2.95107,2.90514,2.89336,2.3081,3.16303,3.18188,3.23369,3.18894,2.39053,2.35049,3.18894,3.19954,2.31987,3.79423,3.72122,2.16678,2.3446,1.78053,3.61288,3.72004,1.89358,1.87592,1.82528,0,3.59404,0,0,0,0,0,0,0,1.03629,0,0,3.91434,0,0,0,3.76714,0,0,0,0,0,0,0,0,1.67808,0,0,0,1.81586,
0,0,0,27.6689,24.56,29.8204,2.04431,2.75323,1.97012,2.69199,2.7497,2.71555,1.99485,2.71201,2.61427,2.76147,2.66373,2.05844,2.7179,2.77443,2.75676,2.64136,2.65313,2.74145,2.67786,2.53891,2.91574,2.95813,2.98522,2.92987,2.95931,2.91692,2.12086,2.90278,2.93458,2.87452,0,0,0,0,4.12042,2.51418,0,0,0,0,0,0,0,0.938547,0,0,1.67101,1.02687,3.23369,0,0.748954,0,0,0,0,1.36131,0,0,0,1.5509,
0,0,0,32.3816,36.8153,23.6321,2.57423,2.54597,2.55421,2.52124,2.56599,2.64489,2.6178,2.53655,1.70752,2.4023,3.01583,3.03232,2.98993,2.93929,2.97108,2.98404,2.94871,2.93222,2.9652,2.89336,3.26784,3.22545,3.27608,3.23251,2.64136,3.28904,2.6814,3.29139,3.1913,3.19954,0,0,0,1.08457,0,0,0,0.872602,0.910285,0.586445,0,0,0,1.17171,0,0,0,2.65902,1.20704,0,0,0.867891,0,1.20822,0.896154,0,0.923238,0,0,0,
0,0,0,39.5226,23.5697,29.6319,3.32319,1.93833,2.31516,3.2066,3.29139,3.25371,1.94775,3.25253,2.4341,3.16774,3.2384,3.32083,3.26077,2.72261,3.23487,3.25489,3.23369,3.2702,3.30199,3.23487,3.28904,3.34085,2.75323,3.31494,3.34909,3.34321,3.28786,3.36087,3.31848,3.29846,1.63804,0,0,0,1.0198,0,0,0.957389,0,0,0,1.06102,0,1.25414,1.07279,0,0,0,0,0,1.36602,0,0,0,0,0,0,0,0,1.24001,
0,0,0,19.7519,27.2402,21.6537,2.91574,2.85568,2.84861,2.89572,2.87099,2.93222,2.92045,2.91456,2.83802,2.88041,2.83802,2.7497,2.84037,2.02194,2.03843,2.818,2.83213,1.99014,2.86863,1.80644,0,3.33143,3.29021,3.33025,3.32201,3.32319,3.2384,2.61545,3.33732,3.26077,0.223744,0,0,0.821965,1.06808,0.37801,0,0.605286,0,0.612352,3.93083,0,0,0,0,2.35991,0,0,0,0,0,0,0,0,1.92891,0,0,1.02687,0.978586,0,
0,0,0,28.7688,33.1753,23.8864,3.41033,3.43977,3.37736,3.44448,3.40209,0,3.41151,3.3279,3.48923,3.34909,3.06176,2.95578,3.00288,2.98286,2.95931,3.01937,3.03585,3.06058,2.97344,3.04292,2.94164,2.86157,2.9122,2.86392,2.94871,2.91927,2.95342,2.87217,2.87923,2.87099,0,0,0.692429,0,0.943258,0,0,0,0,1.83588,0,1.48378,0,0,1.2777,0,0.29911,0.237875,0,0,0,3.45979,0,0,0,0,0,0,0,1.33069,
0,0,0,31.6103,40.9051,28.0775,3.03821,3.1018,3.01701,3.04292,3.08767,3.1124,3.01937,3.05469,3.02761,3.06412,2.59661,3.73064,3.70355,3.76596,3.71062,3.77774,3.71768,3.70237,3.79069,0,3.37853,3.35969,3.29846,3.30435,3.31023,3.33025,3.28904,3.34085,3.38324,3.30552,0,0,0,0,0,1.22588,0.973875,0,0,0,2.11615,0,0.479283,0,0,0.952678,0,1.15876,0,0,0,0,0,0,0,0,0,0,1.74638,1.52735,
0,0,0,28.5804,35.1137,36.9613,2.72143,2.68964,2.69906,2.12204,2.6496,2.69906,2.70024,2.63429,2.67551,2.6178,2.50004,3.06058,3.13713,3.0594,3.08178,3.07,3.14419,3.04174,3.1018,2.16561,1.93833,1.3719,1.37073,0,2.00663,2.20682,2.22095,2.1079,2.1762,2.09495,0,0,0,0,0,1.30714,2.73792,0.349747,0,0,1.17996,0,0,1.40252,0,1.38368,0.272026,0,0,0,0.79488,1.42725,0,0.712448,0,0,0.816077,0,0,0.856115,
0,0,0,21.662,34.0067,25.8695,3.21838,3.16303,3.23369,3.18894,3.15479,3.18894,3.19365,3.17245,2.72497,3.25253,2.96402,3.00406,2.41172,2.92516,2.42232,2.97462,3.01348,2.92869,2.98168,3.01701,2.86863,1.65571,2.18445,2.71672,2.18092,2.91456,2.96402,0,3.00406,3.07,1.27416,0,0.847872,0,1.19644,0,0,0,0.379187,0,1.15994,0,0,0,0,0.38272,0,0.662989,1.11872,0,1.85119,0,0,2.09613,0,0,0,0,1.66866,0,
0,0,0,24.3139,23.9465,30.8378,3.19247,3.19718,3.26666,3.249,3.16303,2.16561,2.56364,3.22898,3.22074,3.19718,2.96284,3.06647,2.99346,2.17385,2.94989,3.02996,3.04645,3.04174,3.0594,3.07471,2.81682,2.49887,2.87334,2.96637,2.82388,2.86863,2.8651,2.93576,2.94047,2.88394,0,0,0,0,0,0,0,2.00663,2.92869,0,0.657101,0,2.63665,0.0023552,0.577024,0.79959,0.520499,0,1.16229,0,0,0,0.896154,0,1.78995,0,1.93362,0,0,0,
0,0,0,30.1006,38.6441,33.0658,3.11475,3.10651,3.16303,2.52948,3.20896,3.13124,0,3.21485,3.07354,3.18188,2.12086,2.75323,2.818,2.79916,2.82977,2.12086,2.8439,2.15972,2.73556,2.81917,3.1807,2.67551,3.13477,3.15244,3.09238,3.1595,3.16657,3.10533,3.08296,3.08884,0,0,0,0.82903,0,0,0,1.05866,0,0,0,0,0,0.403917,1.24001,0,0,0.400384,1.11283,0,0,2.53891,0,0,0,0,0,2.93811,0.843162,0,
0,0,0,26.4795,33.4073,24.1714,2.71084,2.74263,2.7179,2.75441,2.70848,2.80504,2.70377,2.7391,2.78502,2.78267,2.84744,2.92751,2.88394,2.37404,2.92398,2.94164,2.81564,2.89572,2.85921,2.95695,2.82506,2.8757,2.84626,2.82388,2.87099,1.9348,2.75676,2.82035,2.88512,2.81917,0,2.93458,0,0,0,0,3.79658,0,0,0,0,1.40723,0,0,0,0,0.764262,0,1.75345,0,1.36837,0,0,0.718336,0,0,0,1.00332,0.798413,0.634726,
0,0,0,28.054,21.0178,30.249,3.15479,3.08884,3.11593,3.12535,3.13713,3.04763,3.09591,3.06412,3.09238,3.06765,3.40091,3.42211,3.44448,3.4327,3.37265,3.40797,3.35852,3.36323,3.37853,3.4645,3.23722,3.24193,3.17481,2.56481,3.25724,2.62134,3.21603,3.18423,3.1913,3.25371,3.23133,0,0,0,0,0,0,2.65196,0,0,0.932659,0,1.598,0,0,0,0,0,0,0,0,0,0,0,1.53559,1.00449,0,0,0,2.07375,
0,0,0,24.3375,40.9357,27.093,3.40209,3.38442,3.37736,3.42799,3.375,3.3856,3.41622,3.36794,3.4327,3.39973,3.57755,3.55635,3.61994,3.06176,3.53398,3.56342,3.61052,3.52338,3.57284,3.56106,3.23133,3.2278,3.26784,3.28433,3.25724,3.20307,3.23958,3.20307,3.08649,2.61663,0,0,1.09988,0,0.839629,1.19644,1.32127,0,0,0,1.51086,1.02922,0.916173,0.787814,1.27299,0,0,0,0,0,0,0,0,0,0,5.74198,0,0,0,0,
0,0,0,25.4821,35.9568,35.3727,2.94636,2.99228,2.96991,2.97462,2.45176,2.93105,3.00052,2.91809,2.95107,3.01819,3.38324,2.72968,3.38678,3.47628,3.42093,3.44566,2.60956,2.70259,3.40209,3.43624,3.26195,3.18894,3.20543,3.28904,3.19483,3.23016,3.21603,3.24429,3.1913,2.65902,0,0,2.39171,0,0.876134,0,0,0,0,0,0,0,1.22824,0,0,0,0,1.21999,0,1.38604,0,0,0,2.44823,0,1.598,0,0,0,0,
0,0,0,22.1295,28.0245,29.0643,2.45883,3.09827,3.05705,2.40819,3.0335,3.08413,3.05234,3.13124,3.10651,3.11593,3.36911,3.45272,3.3538,3.3856,2.62016,0,3.32554,2.64371,2.6814,3.35027,2.99699,3.02525,3.07942,3.0335,2.96991,3.04056,2.24215,3.07354,3.06294,2.9758,0,0,0,1.10577,0.419226,0,0.839629,0,1.36955,0,0,1.26592,0,1.39546,0,0,1.42372,0,0,0.460442,1.4402,0,0,0.571136,0,0,0,0,0,0.940902,
0,0,0,26.801,33.3273,30.0323,3.29846,3.25606,3.2596,3.23958,3.21132,3.20307,3.25606,2.61427,2.53537,3.2596,3.4645,3.49158,3.48099,3.4068,2.80269,3.43035,3.43388,3.45155,3.51514,3.39738,3.42799,3.39267,3.41504,2.66844,2.75087,3.40562,3.42799,3.45155,3.47745,3.38678,0,0,0,0,1.83117,0,3.09591,0,0,0,0,5.02246,0,0,0,0,0,0,0,0,0,0,1.49202,0,1.41901,0,0,0,0,0.675942,
0,0,0,34.5331,36.8071,28.7982,3.36911,3.28904,2.65078,3.30552,3.34438,2.75323,3.31612,3.31023,3.30081,3.33143,3.19365,3.10769,2.63076,2.55068,3.16303,3.13713,3.09944,3.13359,3.09356,3.17599,2.58248,2.59308,1.9242,2.55421,2.54126,2.62958,2.51064,2.54126,2.4023,2.54126,0.599398,0,0,0,1.72989,1.19291,0,0.632371,0,0,0,0,0,2.38228,3.99206,0,0,0,0,2.72026,0,0.568781,0.705382,0,0.635904,0.978586,0.771328,0.902042,0.226099,0,
0,0,0,35.1796,29.3211,28.6357,2.88159,2.94164,2.33989,2.85332,2.9546,2.88865,2.86157,2.33165,2.90278,2.88748,2.87805,2.89807,2.86746,2.93105,2.8286,2.95695,2.45176,2.89807,2.89336,2.87923,2.76383,2.79091,2.69435,2.72143,2.76618,2.6284,2.6708,2.71555,2.67904,2.78502,0.487526,0,0.869069,0.852582,0,0,1.05866,0,0.963277,0,2.39053,0,0,0.809011,0.521677,0,0,0,0,0,1.69928,0,0,0.401562,0,0.906752,0.49577,0,0,0.953856,
0,0,0,28.1199,24.9557,26.9988,2.70377,2.68611,2.71672,2.69082,2.73439,2.58601,2.7391,2.70966,2.78149,2.72497,2.76854,2.68257,2.72497,2.7391,2.69553,2.69199,2.69199,2.72614,2.765,2.68611,2.50476,1.99485,2.4341,2.46236,2.39288,2.25628,2.4706,2.47414,2.49416,2.48827,0.653568,1.68161,0,0,1.74285,0,0.710093,0,0,0.738355,0.997427,0,0,0,1.36602,0,0.577024,0,0,1.2247,0,0,0,0,0,2.57659,0,2.51771,0,0,
0,0,0,29.9511,34.2611,28.83,2.94753,2.93222,2.91338,2.89336,2.89219,2.97344,2.96402,2.13381,2.87099,2.96402,0,3.84957,3.82484,3.86488,3.88137,0,3.79187,3.84486,3.81542,3.9061,2.87688,2.97344,2.91103,2.89454,2.89572,2.95813,2.93576,2.87334,2.87805,2.88865,0,1.52264,0,0,0,2.8863,0,0,0,0,2.47532,0.882022,0,0,1.24708,0,0,0,0,0,0,1.47436,0,0,1.00332,0.459264,0,0,0,0.200192,
0,0,0,32.2392,23.9889,22.067,2.84626,2.8969,2.79444,2.8439,2.84508,2.79091,2.81329,2.88276,2.86392,2.8286,2.84979,2.86628,2.81329,2.21507,2.75441,2.78856,2.83919,2.86628,2.85097,1.90771,2.84861,2.82742,2.7285,2.75794,2.84861,2.83919,2.81211,2.77207,2.71672,2.77089,0,0,0,3.18894,0,0,6.067,0,0,0,0,2.04314,0,0,0,0,0.85376,0.884378,1.01745,0,1.50968,0,2.02783,0,0,0,0,0,0,0,
0,0,0,34.0432,29.5695,20.8447,3.42211,3.44801,3.40444,3.45861,2.91927,3.3856,3.42799,3.46685,3.39384,3.37618,0,4.00737,3.97322,2.81093,3.95909,2.92398,2.92987,2.86392,3.91434,3.91434,3.07471,3.04881,3.09002,3.06647,3.00641,2.4129,3.01937,3.0806,3.00524,2.40113,0.685363,0,0,0,2.06787,0,0,1.87827,0,0,0,3.76125,0,0,1.36955,0,0,0,0,0,0,0,0,0,1.75227,0,0,0,0,1.5615,
0,0,0,27.4181,36.528,37.0614,3.02761,2.53891,3.08649,3.02996,3.07471,3.02879,3.01466,3.09709,3.12182,3.13359,2.96049,2.99699,3.00995,2.9652,3.03468,2.32694,3.06294,2.33871,2.94636,2.32929,2.20447,2.13381,2.17385,1.9348,2.32223,2.24215,2.23862,2.34931,2.2657,2.36227,0,0,1.9819,1.84765,0,0.811366,0,0,0,0,0,1.75109,0.662989,0,0.158976,0,0.314419,0,0,0,0,1.31185,1.10694,0,0,0,0.41687,0,0.768973,0,
0,0,0,26.4925,28.6993,22.1636,3.38089,3.34321,3.30199,3.39149,3.40915,0,3.35734,2.66255,2.67551,3.29846,2.99228,3.07942,3.03468,2.97462,2.97697,3.03703,2.9652,3.03468,3.01112,2.95931,2.93458,2.98639,0,2.95107,2.98051,3.00406,2.93222,2.96755,2.89807,2.99581,0,2.19505,0.787814,0,0,0,0,0,0,1.60389,0.960922,0,0,2.66962,0,0,0,0.744243,0,0,0,0,1.50968,0,0,0,0,0,0,2.30103,
0,0,0,39.1776,26.6738,24.3516,2.00545,2.13734,2.00663,1.96306,1.93362,1.94775,1.9242,1.44963,2.07375,1.97248,2.96873,2.95931,2.49416,2.9228,2.95224,2.94518,2.90514,2.84037,2.90985,2.91927,2.51889,3.40444,2.5024,3.375,2.5601,3.40797,2.48945,3.35145,3.34909,3.375,2.39171,0,0,1.00449,0,0.999782,0,0,1.46376,0,1.10577,0.415693,0,0.56407,0.203725,0.513434,0.840806,0,0,0,0,2.06669,0,0,1.11519,0,0,0,1.55325,0,
0,0,0,20.1746,28.6416,26.0874,3.14301,3.05705,3.06176,3.07589,3.06883,3.11122,3.0806,3.12417,3.07707,3.13595,3.3856,3.31494,3.38678,3.37971,3.41622,3.35852,3.39502,3.33967,3.37382,3.33261,3.83427,3.92965,3.84604,3.83898,0,3.123,3.86606,3.88608,3.04998,0,0,0,2.93458,0.611174,0,0,1.19291,0,0,0,0.191949,0.473395,1.0881,0,0.50048,0,0.187238,0.194304,0.373299,0,1.49555,0,0,0,1.34364,0,0,0,1.70045,0,
0,0,0,33.4674,23.5178,36.6669,2.06904,1.73814,2.0031,2.15501,1.94304,1.68161,1.66042,1.99485,1.8559,1.97366,3.09473,3.0594,3.11122,3.10769,3.04998,3.04174,2.52595,3.13713,3.07118,3.12064,2.5495,3.123,2.6178,3.16539,3.19836,3.12535,3.17245,3.14301,3.19483,3.10415,0.697139,0,1.12696,0,0,0,1.13638,0.816077,0,0.956211,0,0,0,2.40819,0,0,0,1.42136,0,0,0,0,1.16229,0.713626,0,0,2.07611,0,0,0,
0,0,0,23.4331,22.5546,25.9943,3.41504,2.47767,3.25724,3.42211,3.46568,2.50476,2.56364,0,3.39267,2.60367,2.86392,2.81564,2.15383,2.8651,2.82153,2.82742,2.25393,2.7968,2.77089,2.8969,0,2.91103,2.82153,0,2.83919,2.84155,2.79327,2.98993,2.89101,2.90514,0.719514,0,0.959744,0.547584,1.22706,0,0,0,0.862003,0,0,0,0,0,2.48356,0,0,0,0,0,0,1.52028,0,1.48966,1.02569,0,0,0,1.04453,0,
0,0,0,25.9119,36.1982,29.2857,3.11475,3.10415,3.1701,3.19601,2.4023,2.41761,3.16186,3.1124,2.47178,3.14419,3.08531,3.08884,3.01819,3.06765,2.40466,2.31398,3.0335,2.44116,3.10533,3.06412,2.95578,2.98875,2.94518,2.95578,2.90278,2.86275,2.89807,2.90278,2.8545,2.91338,0,0,0,0,0,0,0,3.13359,0,0,0,0,1.31656,0,0,0,0,1.82764,0,0,0,0,0.903219,0,0,0,0,0,0.449843,2.62487,
0,0,0,21.4676,27.0612,22.2248,3.46332,3.43741,3.49394,2.81917,3.42211,3.47981,3.42564,3.50336,3.4539,3.42446,3.24782,3.26313,3.22545,3.26784,3.18541,3.21249,3.19954,3.18659,3.20778,3.26195,3.59757,3.55517,3.61523,3.56577,3.54929,3.63054,3.54458,3.59404,3.54811,2.91574,3.48216,0,0,0,0,0,1.73225,0,0,0,4.52434,0,0,3.85546,0,0,0,0,0,0,0,0,3.63172,0,0.743066,0,0,0,0,0,
0,0,0,28.7405,25.2937,31.5585,0,0,3.58579,0,3.50807,3.54104,3.59992,3.51043,3.54104,3.50218,2.64371,3.23016,3.18305,3.12535,3.19836,3.20543,3.25724,3.15361,0,3.24076,2.51771,2.40701,2.42232,2.49533,2.41526,2.46707,2.41172,2.39524,2.46354,2.49887,0,0,3.84957,0,0,0,0,0,2.25157,0,2.2869,0,0,0,0,0,0,3.66351,0,0,0,0,0.398029,0,0.405094,1.35424,0,1.1199,0,0,
0,0,0,24.0513,30.7518,28.1187,2.66255,2.68964,2.64489,2.68846,2.62605,2.5495,2.57423,2.57894,2.66609,2.61545,2.9911,3.01466,2.97815,2.92751,2.99228,2.44823,2.92634,2.92751,2.99346,2.92516,2.90985,3.02054,2.90985,2.91927,2.83331,2.96402,2.83213,3.00406,2.93105,2.92045,1.73814,0,2.20329,0,0,0,2.05962,0,1.62744,0,0,0,0,1.19291,0,0,0,1.22824,0.784282,0.158976,0,0.784282,0,0.55936,0,0.694784,1.09517,0.368589,0.493414,0,
0,0,0,22.6417,34.4448,29.1774,3.03232,3.01701,2.99228,3.07354,3.02408,3.04763,2.98639,2.51535,3.09473,3.08178,3.23251,3.24664,3.30435,2.68846,3.30081,3.26313,3.27137,3.28315,3.31965,3.33025,1.6663,2.22566,2.19151,2.20329,2.15501,2.11968,2.27395,2.20447,2.27983,2.37875,1.6298,1.09399,0,0,0,1.346,0,0,1.67455,1.78524,0,1.21882,0,0,3.29964,0,0,1.11283,0,0,0,0,0,1.77464,1.5874,1.22588,0,0,0,0,
0,0,0,32.2851,21.8515,25.1842,3.1807,3.24664,3.21838,3.20425,3.22662,3.25842,3.18423,3.18541,3.27137,3.23133,2.40937,2.43881,2.44823,2.4235,2.49887,2.47532,2.49533,2.39053,2.52242,2.49062,2.89219,2.86746,2.94047,1.99839,2.89572,2.9334,2.79798,2.78738,2.88512,2.89336,0,0,0,1.32951,0,0,0,0,1.3354,0,0,1.46376,0,0,0.925594,0,0,0,1.6875,0,2.54244,0,2.04314,0,0,0,0,0,0,0,
0,0,0,20.3171,23.3824,33.604,2.84744,2.69199,2.7497,2.76383,2.78267,2.74852,2.80151,2.69553,2.77443,2.72968,1.98543,3.03703,2.95931,2.96402,2.91927,2.2975,2.97933,2.88394,3.03703,3.07471,2.1609,2.15619,2.23744,1.49908,2.1291,2.10319,1.8924,1.98897,1.95011,1.45434,1.72989,0,0,0,2.6967,0,0,0,2.7497,0,1.42019,0,0,0,1.32716,0.26025,0,0,0,1.07633,0,0,0,0,0,0,4.8364,0,0,3.58932,
0,0,0,32.2097,29.8969,29.6473,2.46825,2.19505,1.42725,2.40466,1.36484,2.27512,1.64157,2.25746,2.36462,1.45787,2.81917,2.76854,2.85332,2.86746,2.818,2.82506,2.80269,2.76029,2.76736,2.79091,3.40444,3.44919,0,3.42328,3.36558,3.40797,2.72732,3.33025,3.3385,3.375,0,0,0.399206,0,0,1.59683,0,0,0.538163,2.43174,0,0,0,0,0,0,0.574669,1.42372,2.16443,0,0,1.30949,0,0.544051,0,0,0,0.20608,0,0.838451,
0,0,0,27.2838,31.6504,28.061,2.90985,2.97697,2.94989,2.85921,2.85097,2.96166,2.91692,2.88512,2.88983,0,2.49769,2.4023,2.41644,2.47767,2.37169,2.03018,2.38817,2.39995,2.48945,2.43881,3.59992,3.03821,3.62583,3.65763,3.61876,3.66822,3.54811,3.58226,0,3.57284,0,0,1.19291,3.16421,0,1.95482,0,0,0,0,0,0,0,0,0,0,0,1.71812,3.24311,0,0,2.50593,0,0,0,2.03725,0,0,0.572314,0,
0,0,0,30.4233,24.1055,41.9025,2.70495,2.73556,2.75087,2.70612,2.7756,2.76854,2.72614,2.67904,2.7285,2.75441,2.98404,2.97226,2.99935,3.0229,2.98168,3.02879,2.19622,2.97697,2.9228,3.02879,3.0912,3.14419,3.08767,3.11828,3.13006,3.12653,3.17952,2.56717,3.10062,2.96991,0,0,0,0.851405,0,0.758374,0,0,0,1.00332,0,0,0,0,2.86746,0,0,0,1.22941,0,0,1.91596,0,0,0,0.916173,0,1.64864,1.82646,0,
0,0,0,37.3605,22.5605,30.3314,2.3081,2.92163,3.01937,2.92751,2.82742,2.2398,0,2.8439,2.94282,2.9228,3.43153,3.38913,3.41504,3.40091,3.35616,3.46097,2.84155,3.43859,3.45979,3.37971,3.05823,3.03703,2.97933,2.98522,2.98757,3.07118,2.44823,3.02408,3.07,3.01701,1.75462,0.244941,0,0,0,0.233165,1.16818,0,0,1.58505,0,0,0,0,0,0,0,0,0,2.24686,0,2.48945,0,0,0,0,0.615885,0.783104,0.64768,1.28829,
0,0,0,35.9957,20.0663,30.4857,3.04645,3.14655,3.08413,3.15715,2.49533,3.06529,0,3.14184,2.944,3.11357,3.01466,2.42821,3.0017,3.02643,3.04645,3.00641,3.07825,3.06647,2.99935,2.47767,3.54693,3.40444,0,3.35145,0,3.51749,0,3.54575,3.04998,3.4433,1.05042,0,1.3719,1.13874,0,0,0,0,0,1.5297,0,1.2565,1.14698,0,1.95599,0,0,0,0,0,0,0,0,0,1.27887,0,0,1.88298,0,2.11026,
0,0,0,29.705,28.8076,28.0893,2.68846,3.31494,3.35616,3.27844,3.29728,3.26313,3.32319,3.24311,3.29021,3.32672,3.3279,3.27255,3.2702,0,3.30199,3.34792,3.28904,3.24193,2.72261,3.37382,3.05587,3.05234,3.00406,3.02761,3.03939,3.08413,3.02054,3.00288,2.56246,3.07589,0,0.524032,0,0.796058,0,0,0,0,0.714803,1.51557,1.49202,0.604109,0,0.787814,0,0,0,0,1.38957,0.67712,0,0,0,0,0.771328,0,0,0,0.800768,2.50004,
0,0,0,30.0029,21.9387,29.7214,2.82035,2.80033,2.82153,2.8286,2.78385,2.83566,2.87688,2.79916,2.29396,2.87923,3.2961,3.23133,3.26902,2.48238,3.23133,2.49887,3.28904,3.27844,3.23604,2.47414,3.25489,3.23958,2.4129,3.3279,3.22662,3.31612,2.40819,2.37993,2.3764,3.28786,5.26034,1.53677,0,0,0,0,0,0,0,0,0,0,0,0,1.86296,0,0,0,2.46943,0,0,0,0,0.482816,2.02783,0,1.83588,0,0,1.64864,
0,0,0,32.7938,26.8399,38.9892,3.05352,3.05705,2.55304,3.08531,2.48591,2.98522,3.06294,3.09002,3.06058,3.01583,2.67786,2.68611,2.68375,2.72143,2.71437,2.73439,2.7285,1.97248,2.72379,2.77914,1.94186,1.85825,1.93362,1.47318,1.80291,1.3354,1.91596,1.87709,1.89358,2.08435,0,0.867891,0,0.585267,0.94679,0,0,0.671232,0,0,0,0,0,0,0,0,0,0,3.35852,2.70966,0,0,0,1.31185,3.20189,0,0,0,0,0,
0,0,0,41.7848,24.2009,21.7185,2.78031,2.75558,2.76854,2.81446,2.80151,2.77443,2.74381,2.73674,2.71908,2.38228,3.16421,3.08531,2.17149,2.16914,3.10062,3.11828,3.14772,3.08296,3.07825,3.15479,2.66138,2.59896,2.65313,2.59072,2.63665,2.57423,2.50004,2.11144,2.64253,2.05256,0,0,0,0.761907,0.768973,0,1.17407,1.11165,0,0.967987,0,0,1.0092,0,1.6192,0,0.967987,0,0,0.0894976,0,0,0,0,0,0,0,0,3.47392,4.25349,
0,0,0,24.6684,37.357,28.5368,3.41504,2.65902,2.62016,3.32319,3.38442,3.34321,3.42093,2.69553,3.33614,3.37147,2.5236,2.53891,2.53537,2.334,2.5024,2.57306,2.45059,2.39877,2.04785,2.49651,3.10415,3.12653,3.07707,3.05469,3.0594,3.08531,3.05823,3.03232,3.11004,3.03821,1.7452,0,1.2353,0,0,0.774861,0,0,1.07162,0,1.52499,0,0.449843,0,0,0.743066,0.723046,0,0,0,0,0,0,2.80151,1.08928,1.05395,0,0,0,0,
0,0,0,32.7455,34.9571,35.2986,2.80504,2.84744,2.86275,2.81329,2.88748,2.78031,2.84861,2.6708,2.74381,2.30456,3.40562,3.38678,3.41151,3.44448,3.45979,3.42682,3.37382,3.36323,3.39267,3.41975,3.40444,3.3856,3.39031,3.41504,3.37029,3.3644,3.35263,3.36323,2.80269,3.41622,2.57541,0,0,1.4037,0,0,0.724224,0,0,0,0,0,0,0,0,0,0,3.37382,1.31185,0,0,0,0,0,0,4.02975,0,0,0,0,
0,0,0,23.9748,35.3233,38.9421,2.41761,1.3142,1.50733,2.26217,2.58954,1.53795,2.51889,2.62016,2.56717,2.47649,2.55304,3.20189,3.21838,3.22545,3.28904,3.30435,3.25135,2.64253,3.28197,3.24076,3.28904,2.76383,3.28079,3.25135,3.25842,3.2961,3.27844,3.36323,3.19601,3.33967,0,0,0,0,0,3.18305,0,3.37382,0,0,0,0.76073,0,1.03393,2.29161,0,0,1.92302,0,0,0,3.10415,2.72379,0,0,0,0,3.95085,0,0,
0,0,0,34.3082,25.8318,24.2609,2.95342,2.93105,3.00288,2.94047,2.92398,2.96755,3.0229,3.01466,2.97697,2.95224,2.61898,3.08296,3.12064,3.13713,3.05234,3.1124,3.09356,3.03114,2.99228,3.10651,2.54126,2.21036,2.54362,2.62016,2.53891,2.51889,2.54597,2.5919,2.38111,2.51889,0,1.45434,0,0,0,0,0,1.60625,1.41901,0,0,0,0,2.84155,1.02216,0,0,0,2.53066,0,0,0,0,0,1.89711,0,1.57916,0,1.53441,0,
0,0,0,26.5101,27.4157,25.0264,3.33496,3.28197,3.32554,3.28786,3.30906,3.32201,3.25724,3.25606,2.27277,2.60721,3.05234,2.98404,3.05587,3.12182,3.02525,3.06883,3.08531,3.03821,3.09238,3.10886,3.67764,3.61641,3.59639,3.62583,3.65174,3.58932,3.6482,3.63172,3.60463,3.65998,0,0,1.85001,0,0,0.683008,0,2.27395,0,0,0,1.44492,0,0,0.761907,0.439245,0,0.405094,0,0.634726,0,0,1.07162,0,0,0,0,0,1.72872,0,
0,0,0,31.197,26.2381,22.0082,3.19601,3.10298,3.09356,3.10651,3.16068,3.1701,3.16303,3.13006,3.06647,3.07589,3.40915,3.34203,3.42328,3.3173,3.34085,3.34674,3.36323,3.38678,3.37853,3.32083,3.1807,3.12182,3.15126,3.2066,3.1489,3.17363,3.12064,3.12417,3.17952,3.17599,0,3.31494,0,0,0,0,0,0,0,0,0,0,0,2.37757,0,0,0,0,0,0,0,1.46258,0,0,0,0,1.30949,0,2.0502,0,
0,0,0,39.2577,38.1448,29.2186,1.77818,3.83309,0,1.66042,3.79776,2.70612,2.46707,3.61876,3.70826,1.59447,3.03703,3.08767,3.12182,3.07942,3.07589,3.03821,3.04881,3.0912,3.06058,3.04174,1.93597,1.95011,1.94893,1.99839,1.8135,2.22213,1.64157,1.90418,1.93951,2.00663,0,2.85568,0,2.95813,0,0,3.22309,0,0,0,0,0,0,1.37779,0,0,0,0,1.87474,0,0,0,0,0,0,0,0,0,0,5.65955,
0,0,0,23.7958,26.801,29.6155,2.98757,2.93929,2.91574,2.95931,2.84979,2.90632,2.90985,2.33989,2.95224,2.91103,2.74734,2.58719,2.66844,2.78502,2.66373,2.67197,2.70495,2.63076,2.70141,2.72497,3.17599,3.1489,3.2172,2.61898,3.12417,3.11357,3.18423,3.18776,3.14537,3.14066,0,0,0,0,0,0,1.41783,2.72497,0,0,0,0,0,0,0,0,5.06368,0,1.94186,0,0,0,0,2.63547,0,0,0,0,2.23744,0,
0,0,0,35.3351,21.1332,36.2548,2.76736,2.12675,2.74616,2.67668,2.73439,2.72261,2.65549,2.75441,2.639,2.70848,2.03018,2.03372,2.59661,2.63076,2.73321,2.67904,2.69199,2.53184,2.66844,1.88887,2.75794,2.65431,2.73203,2.71319,2.69788,2.7391,2.70612,2.6967,2.64724,2.66962,1.25061,0,2.64607,0.654746,0,0,0,0,0,0,0,0,0,0.473395,1.13285,0,1.94186,0,0.403917,0,0,3.11711,0,0,0,0,1.35424,0,0,0,
0,0,0,22.9302,23.1493,24.5848,3.09944,3.1913,3.09827,2.55657,3.09591,3.15008,3.16186,3.10533,2.49651,3.11946,2.21742,2.31516,1.91596,2.19505,2.1762,2.21507,2.05373,2.21153,2.18916,2.24215,2.69199,3.63643,2.7179,3.60346,2.76383,3.67411,3.58815,3.61405,3.62348,2.77325,0,0,0.718336,0.585267,0,0,0.699494,0.869069,0,0.979763,0,0,0,2.15972,0,2.53537,0,1.98072,0,0,3.04527,0,0,0,0,0,0,0,0,0,
0,0,0,37.4135,35.1773,31.31,2.55186,2.43763,2.41055,2.44941,1.88063,2.41172,2.44588,2.49416,1.82999,2.44588,3.19718,0,3.17128,3.23133,3.11711,3.21367,3.11711,3.17245,3.14655,3.24311,0,2.45883,2.25981,2.31045,2.49416,2.46236,2.41055,2.52831,2.34342,2.23862,0,2.31163,0,0,2.25981,0,0,2.33047,0,0,0.869069,0.478106,0,1.02333,0,0,0.359168,0.951501,0,0,0,3.13477,0,0,0,0,0,0,2.75205,0,
0,0,0,29.2363,27.3262,24.7414,2.96991,2.95813,3.05469,3.0441,2.9758,3.06883,2.99699,2.98404,2.99935,3.00877,2.06433,1.70634,2.04196,1.28358,2.01487,2.00545,2.05844,1.48966,2.00074,1.36131,3.01701,2.93105,2.94871,2.9758,2.92869,2.97933,2.95695,2.90514,3.0229,2.98993,0,0,0,0,1.7452,0,0,0,0,0,0,0,5.68545,0,0,0,0,0,3.13124,0,0,1.48142,0,0,0,0,0,1.67219,0.395674,0,
0,0,0,42.045,23.943,23.9112,3.27137,3.1913,3.20778,2.65549,3.28904,3.249,2.66962,3.27726,3.21603,3.18894,3.10769,3.123,3.11711,2.63194,3.13124,3.10769,3.14301,3.1913,3.18659,3.15832,3.12771,2.9758,3.05234,3.02525,2.99581,3.0806,3.04645,3.04763,0,3.10651,0.920883,0,0,0,2.03372,0,0,0.715981,1.47789,0,3.4857,0,0,0,0,2.15265,0,0,0,0,1.40134,1.05513,0,0,0.627661,0,0,0,0,0,
0,0,0,28.6004,28.525,29.7697,3.01112,3.57166,3.56577,3.62112,3.5799,3.57166,2.95578,3.61876,3.59404,3.60228,3.46685,3.41622,3.40326,3.38796,3.4174,3.43859,3.36323,2.85568,3.44919,3.37971,3.35263,3.36794,3.37265,3.38442,3.43388,3.41151,3.35027,3.39149,3.35263,3.36558,0,1.06808,0,0,1.60271,0,0,3.2172,0,0,0,1.13285,0.535808,0,1.13874,0.714803,0,0,0,0.602931,0,3.70237,0,0,1.55914,0,0,0,0,0,
0,0,0,22.5864,35.2774,33.6699,3.43859,3.45037,3.52456,2.90043,3.49747,3.48216,3.44448,3.50807,3.53398,3.45272,2.38935,2.97815,3.00877,2.41997,3.06058,3.03703,3.07,3.02996,3.09002,2.99699,2.06433,1.90065,2.05491,2.00663,2.09377,2.10908,2.0608,2.12439,2.14323,2.1397,0,0,2.61427,0,0,0,0,0,0,0,2.24568,0,2.11732,0,0,2.04314,0,2.1868,0,0,0,0,0,0,6.05169,0,0,0,0,0,
0,0,0,32.0025,27.5653,24.3304,2.54244,2.54715,2.56246,2.56128,2.53302,2.53537,2.48945,2.47649,2.46707,2.46472,3.23604,3.21603,2.64489,3.24076,3.20307,3.21132,3.17834,3.19012,3.18188,2.62723,3.16421,3.13948,3.1124,3.17363,3.18659,3.14419,3.13242,3.1124,3.20307,3.11357,0.884378,0.432179,0.0141312,0,0.605286,0.157798,0.047104,1.11165,0,0,0.665344,0,0,1.00332,0,0,0.732467,0,0,1.52264,0,0,0,0,0,0,0,0,2.8545,3.06765,
0,0,0,24.0172,28.0575,22.6947,2.79091,2.28101,2.73439,2.8074,2.82506,2.77325,2.8439,2.82742,2.73792,2.76029,3.23016,3.1807,3.17481,3.19247,3.14655,2.12086,3.21485,2.41879,3.13477,2.4235,3.18541,3.18541,2.50829,3.24076,3.16657,3.18541,3.22309,0,3.18188,2.50476,1.58976,0,0,1.28594,2.62958,0,0,0,0,0,1.12225,0.847872,1.76876,0,0,0,0,0,0,0,0,0,0,2.06316,0,2.16561,0,0,0,0,
0,0,0,23.5873,26.1274,22.0659,2.76265,3.28786,3.32672,3.28904,3.34438,3.36794,3.3538,3.36323,3.27255,3.27844,2.70259,0,3.43506,3.47628,3.33967,3.40326,3.40326,2.64842,3.34438,3.29728,2.96991,2.91338,2.93105,2.92163,2.98168,2.99935,2.99581,2.95107,2.88159,2.88276,1.07162,0.998605,1.66984,0,0,0,0,0,0,1.71105,0,0,0,4.16517,0,1.13874,0,0,0,0,2.22213,0,0,0,0,0,0,0,2.21507,0,
0,0,0,33.1012,31.4219,29.3481,1.66984,2.60956,2.6284,1.71223,2.58719,1.43314,1.54148,1.62156,2.5813,2.58954,2.93929,3.31848,2.88041,2.86746,3.07,0,3.07,3.17363,0,0,2.99346,2.94282,2.04902,2.95695,2.90396,2.92045,2.99581,2.95695,2.96402,2.85686,0,0.713626,0,0,0,0,1.97248,1.63333,1.27181,0,0,0,0,1.31067,0,2.23037,0,0,0,1.51322,0,0,0,0,0,1.81821,0,0,0,0,
0,0,0,24.3751,25.1983,24.8309,2.65667,2.64489,2.62723,2.6967,2.68964,2.67668,2.7391,2.52242,2.68493,2.63429,2.85215,2.78738,2.77089,2.86746,2.74499,2.86628,2.83566,2.63782,2.81211,2.89219,3.02525,3.03114,3.02879,2.45059,3.04174,3.06176,3.02054,2.94989,3.02408,2.95813,2.02194,1.78053,0,1.56032,0,0,0,0,0,0,0,0,0,0,0,2.98639,0,0,0,4.09569,0,0,2.50004,0,0,0,0,0,0,2.38111,
0,0,0,28.6569,27.6383,35.7013,2.98875,2.91338,2.93222,2.88865,2.98522,2.96049,2.92163,2.91338,2.96873,2.92634,3.05116,2.46825,3.06412,2.48474,3.03821,3.1018,3.02172,3.0017,3.06765,3.08531,2.98639,3.07707,2.3446,3.11593,3.04174,3.12417,3.02761,3.03585,3.09002,2.43763,0,2.75323,0,0,0.97623,0,0,0,0,0,0,2.91692,0,2.88394,0,0,0,0,0,0.494592,0.65239,0.0730112,0,0,0,0,0,0.155443,0.496947,1.08692,
0,0,0,34.9229,22.5534,22.0776,3.11828,3.18188,2.1609,2.56128,3.18423,3.31377,3.26902,3.12771,3.17363,3.25253,3.45743,3.46332,3.51985,2.84273,3.45979,3.45272,3.50925,3.46685,3.45272,3.43859,2.64136,2.68846,3.35498,3.27726,3.25489,3.32201,3.25371,3.31023,3.33967,3.2596,0.950323,0,0,0,0,0,0.767795,0.962099,1.78995,0,0,0,0,0,0,0,0,0,0,3.31965,1.72872,0,0,0,0.653568,1.17171,0,0,0,0,
0,0,0,21.3428,34.1516,35.7084,2.97462,3.05469,3.00759,3.03114,3.03939,2.98404,2.96049,2.94871,2.94047,3.00641,3.19012,3.04645,3.2066,3.25606,3.16303,3.21132,0,3.18423,3.18305,2.61309,3.19836,2.50004,3.22427,3.16303,3.14184,2.56246,3.20307,3.12535,3.21249,2.50476,1.17289,0.651213,0,0,0,0,0,0,1.59329,1.41194,0,0,2.944,0,0,0,0,0,0,1.76993,0.827853,0.965632,1.16818,0,0,0,0,0,0,0,
0,0,0,16.5947,26.2169,26.9023,3.44566,3.45861,3.49629,3.42917,2.72497,3.47156,3.42446,3.40797,3.41033,2.73321,2.54597,1.97601,2.53184,2.50476,2.50004,2.45765,2.32223,2.42821,1.95835,2.4918,2.44705,3.25018,3.26548,3.31848,3.29257,3.30317,3.25135,3.2855,3.27608,3.26077,0,0,0,3.7695,0,2.29632,0,0,0,0,0.898509,0,0,0,0.949146,0,0.872602,1.472,0.79017,0,0,0.633549,0,0.580557,0.395674,1.54383,0,0,0,0,
0,0,0,25.0134,28.923,24.8379,3.11122,3.1018,3.05587,3.04645,3.15008,3.0594,3.12182,3.04056,3.08296,3.13242,2.86863,2.94753,2.86275,2.89101,2.8969,2.90749,2.85686,2.94871,2.90043,2.87452,2.53891,2.63311,2.54833,2.63311,2.55068,2.51182,2.58012,2.57894,2.5813,2.54479,0,0,0,0.950323,0,0,2.0714,0,1.17996,0,3.08649,0,0,0,0,2.20918,0,0,0,0,0,0,1.29772,0,2.39053,0,1.21411,0,0,0,
0,0,0,25.243,35.0136,24.3151,3.08884,3.08884,3.01701,3.04174,2.98639,3.05234,3.04881,2.98522,3.0017,2.50593,3.01466,2.98639,3.02172,3.00641,2.95578,2.99346,3.04174,2.96166,2.97226,3.00759,2.46943,3.04174,2.94636,3.00524,2.96284,2.96755,2.97933,2.94164,3.00406,3.04645,0,3.15126,0,0,0,1.46376,0,0,0,0,0,0,2.41172,0,0,2.7391,0,0,0.76073,0,0,0,0,4.42189,0,0,0,0,0,1.56503,
0,0,0,36.9908,29.904,26.5325,2.53302,2.62016,2.62958,2.73792,2.66255,2.66255,2.11379,2.5813,2.4023,2.63076,3.13359,3.17599,2.64489,3.1913,3.19247,3.18423,3.15361,3.13948,3.17245,3.2172,3.05823,2.57777,3.18541,3.15597,3.18188,3.15126,3.14066,3.14301,3.07118,3.10415,0.541696,0,1.96188,0,0,3.16421,0,0,0,0,0,3.66705,0,0,0,0,0,0,0,0,0,0.704205,1.66395,0,0,1.09281,1.70045,1.37544,0,0,
0,0,0,35.189,23.6026,30.3444,2.87805,2.80622,2.83566,2.89807,2.79444,2.85097,2.82742,2.87452,2.79091,2.79562,2.25157,2.27748,2.89101,2.91927,2.87805,2.86275,2.88748,2.84155,2.93576,2.92045,2.75205,2.72732,2.7073,2.72497,2.27866,2.73439,2.79327,2.77325,2.28572,2.6967,0.896154,0,0,0.764262,0,0,1.13521,0,0.924416,0,0,0,0.703027,1.35424,1.76169,0,0,0,0,0,0,0,1.06337,0,0.812544,0.526387,0.944435,0,0,0,
0,0,0,27.9562,22.2778,35.1231,3.38913,3.35616,3.45626,3.35027,3.37265,3.41386,3.42564,3.39855,3.43624,3.38913,3.27373,3.24076,3.27491,3.23369,3.31023,3.22074,3.28433,3.23722,3.22545,3.29728,3.45037,3.40091,3.41504,2.90278,3.45155,3.49276,3.42799,3.41975,3.47392,3.40326,0,0,2.40937,0,1.52852,0,0,0,1.346,0,0,0.983296,0,0,0,0,0,1.3354,0,0.58409,3.90021,0,0,1.48142,0,0,0,0,0,1.06337,
0,0,0,21.6054,30.1407,20.3124,2.54479,3.0123,3.03114,3.0441,3.01583,3.01112,3.08531,3.04998,2.98993,3.06765,3.10886,3.15244,3.08413,3.07825,3.08296,2.52242,3.09238,2.55304,3.14419,3.13359,2.86275,2.78738,2.80858,2.6602,2.03254,2.14088,2.14794,2.7756,2.83684,2.76618,0,0.879667,0,0.725402,0,0,1.20822,0,0,1.472,0.945613,0,0,0,0,0,1.81586,0,0,0.817254,1.49555,0,1.42725,0,1.09164,0,0,0,0,1.6875,
0,0,0,40.0125,24.2986,23.565,2.36462,3.69884,2.37522,3.62701,2.39171,3.64703,2.31398,3.70002,1.91831,2.29514,2.92987,2.87923,2.8757,2.95107,2.8969,2.96755,2.83802,2.9334,2.96991,2.94636,2.88394,2.85097,2.18445,2.21507,2.85686,2.71437,2.8439,2.79209,2.86746,2.09142,0,0,0,0,1.33658,0,0.943258,0,1.64393,1.21999,0,4.03917,0,1.34953,0,0,0,0,0,0,0,0,0,0,0,3.43506,0,0,2.55421,0,
0,0,0,35.4175,27.1743,35.9686,3.23604,3.22191,3.28904,2.50004,3.26431,2.51182,3.30199,3.21956,2.46589,3.20072,3.13242,3.14301,2.05256,3.17599,3.13124,2.40466,3.19247,2.41408,2.36698,3.20543,2.55657,2.33636,2.4341,2.48238,2.49416,2.48591,2.41055,2.48474,2.45176,2.34813,0,3.52809,0,0,0,0,0,3.6482,0,3.3385,0.993894,0,0,1.5615,0,0.757197,0,1.80291,0,0,0.724224,0,0.796058,0.327373,0.666522,0.574669,0.651213,0,0,0,
0,0,0,35.8249,43.0907,36.2771,3.4857,2.63429,2.69553,3.49747,2.66138,3.42682,3.43506,3.38913,3.46214,3.36911,2.72614,2.75205,2.73792,2.61427,2.72261,2.73792,2.68375,2.74145,2.65667,2.5707,3.08884,3.10769,4.04977,3.99795,4.09098,0,4.00855,4.07685,3.13359,3.98264,0,1.65688,0,0,0.301466,0.349747,0,0,0,0,1.53088,0,0,0,0,1.50497,0,2.86981,0,0,0,1.14816,1.09399,0,0,0,0,2.42115,0,0,
0,0,0,23.1139,22.7618,30.3409,2.8074,2.80504,2.79091,2.74028,2.13617,2.88512,2.7968,2.78856,2.85215,2.8863,2.68728,2.72732,2.8074,2.7391,2.79444,2.70612,2.765,2.77089,2.69082,2.2763,1.98661,2.75558,2.75205,2.78267,2.73556,2.68846,2.70377,2.71201,2.76618,2.818,1.56032,0,0,1.55561,2.08553,0,0,0,1.11636,0,1.79348,0,0.650035,1.17171,0,0,0,0,0,1.52146,0,3.54929,0,0,0,0,0,1.041,0,0,
0,0,0,34.0326,25.3737,22.6841,2.87217,2.82977,2.80387,2.89572,2.81329,2.31045,2.90867,2.84273,2.87688,2.83919,2.86981,2.86746,2.76618,2.80622,2.80975,2.23744,2.76265,2.78385,2.83213,2.77443,0.997427,0,0,1.19173,0,0,0,0,2.20093,2.15265,4.416,0,0,0,0,1.32127,0,0,0,0,0,0,0,2.19858,0,1.97601,0,0,0,2.22684,0,0,4.83523,0,0,0,0,0,0,7.02085,
0,0,0,35.8367,38.3803,33.0564,3.66116,3.6329,3.61876,3.63172,3.68589,2.89572,3.7012,3.68824,2.92987,3.64467,3.39502,3.33261,2.639,3.33496,2.78856,3.36911,3.41033,3.41857,3.32554,3.3538,1.33658,1.85119,2.15972,1.80173,2.0396,2.20564,1.38604,0.939725,2.29043,2.11615,1.43549,0,0.955034,0,0,0,0,0,0,0.745421,0,0,0,0,0,1.06573,0.737178,1.41312,0,0,0,0,5.02246,0,0,0,0,0,0,3.86017,
0,0,0,20.4467,30.0005,20.4643,3.18423,3.19601,3.13006,3.23369,3.22191,3.1595,2.63547,3.14066,3.1489,3.2066,2.46825,2.39642,2.42939,2.48591,2.05962,2.37993,2.44234,2.41172,2.26806,2.32812,2.98522,2.99346,3.0123,2.54597,3.04056,3.00877,3.06058,3.01937,2.99228,3.02054,0,0,2.29396,0,0,0,0,0,0,1.40017,0,0,1.74403,0.884378,1.07162,1.28358,0,0,0,0,0,0,0,1.72989,1.77229,1.24237,0,0,0,0,
0,0,0,24.5023,28.3884,25.9178,3.06765,2.38346,3.09356,3.08767,3.20896,3.11946,2.47767,2.41761,3.15715,3.10062,3.25371,2.65902,3.31377,2.68493,3.33967,3.27373,3.23016,3.29257,3.29021,3.28315,3.01466,3.07942,3.0017,3.03703,3.0912,3.04763,3.0123,3.04292,3.09827,3.0594,0,0,0,1.53795,0,0,0,1.48495,2.42821,0,0,0,3.87901,0,1.68515,0,0,0,0,0,1.78877,0,0.777216,0,1.23295,0,0,0,0.806656,0,
0,0,0,27.2826,42.0203,37.6349,3.05823,3.09591,3.04763,3.04292,3.02879,3.11004,3.11122,3.02879,3.01701,3.07589,2.85686,2.75205,2.83802,2.75912,2.80622,2.27159,2.75441,2.68257,2.75205,2.79091,2.10437,2.15501,2.20564,1.53559,1.23295,1.95128,1.99485,1.69339,1.26945,2.00428,0,0,0,0,1.83941,0,0,0,0,3.91552,0,0,0.561715,1.23295,0,0,0.620595,1.33893,0,0,0,0,0,0,4.05448,0,0,0,0,0,
0,0,0,29.7697,28.3896,31.5726,3.02996,3.07707,2.45883,3.02054,3.07118,3.00406,3.01112,3.03468,2.45176,3.09591,2.72732,2.74028,2.81446,2.75558,2.76736,2.7968,2.82388,2.78031,2.84273,2.82388,2.37404,2.39877,3.32554,0,0,2.36933,2.28454,2.36815,2.55421,3.36323,0,0,0,1.61802,3.13359,0,0,0,0,0,0.820787,0,0,1.6192,0,0,0.745421,0.390963,0,0,0,0,0,0.518144,0.983296,0,0,1.18584,1.33069,0,
0,0,0,29.7426,28.2483,30.1831,3.43506,3.39973,3.38324,2.70024,3.34674,3.33496,2.62958,3.35263,3.38442,2.60838,3.30906,3.28433,3.20896,3.249,3.23722,3.29492,3.21485,3.26431,3.21249,3.24193,2.92398,2.98639,2.97462,2.94518,2.88276,2.90985,2.97462,2.91927,2.87099,2.95224,0,0,0,0.788992,1.12696,0.67712,0,0,1.67101,0,0,0,0,0,0,0,0,0,3.501,0,0.26025,0,2.32812,0.798413,0,0.673587,0,0,0,0,
0,0,0,21.0343,23.1457,23.393,2.82153,2.79209,2.73321,2.73321,2.74145,2.75912,2.70024,2.69906,2.80151,2.76029,3.13948,3.20307,2.4918,2.5024,3.16774,3.18776,3.22662,3.17952,3.13359,2.55304,0,3.09356,3.13948,2.38228,3.13124,2.51182,3.10298,3.09709,3.1595,3.1595,1.3036,0,2.60367,0,0,1.25061,0,0,0,0,0,0,0,0,1.13874,0,0,0.221389,0,1.05395,0,0.918528,0.41216,0,0.999782,0,0,0,0.461619,1.10577,
