0,0,0,0,4.56791,5.12492,0,0,0,0,0,0,0,0,0,0,0.552294,0.532275,0.560538,0.536986,0.541696,0.544051,0.433357,0.541696,0.536986,0.526387,0.47575,0.476928,0.297933,0.435712,0.386253,0.459264,0.428646,0.46633,0.428646,0.428646,0,0,0,0,0,0,0,0,0,0,0,0,0,0,0,0,0,0,0,0.916173,0,0,0,0,0,0,0,0,0,0,
0,0,0,0,4.89882,4.77164,0,0,0,0,0,0,0,0,0,0,0.607642,0.574669,0.580557,0.435712,0.5888,0.555827,0.435712,0.562893,0.595866,0.558182,0.58409,0.602931,0.546406,0.255539,0.255539,0.279091,0,0.193126,0,0.162509,0,0,0,0,0,0,0,0,0,0,0.292045,0,0,0,0,0.209613,0,0,0,0,0,0,0.17664,0,0,0,0,0,0,0.17664,
0,0,0,0,4.66447,4.18872,0,0,0,0,0,0,0,0,0,0,0.574669,0.527565,0.52521,0.459264,0.487526,0.499302,0.511078,0.502835,0.375654,0.518144,0.52992,0.479283,0.489882,0.469862,0.499302,0.496947,0.507546,0.485171,0.47575,0.514611,0,0,0,0,0,0,0,0,0,0,0,0,0,0,0,0,0,0,0,0.383898,0,0.580557,0,0,0,0,0,0,0,0,
0,0,0,0,3.94732,4.9153,0,0,0,0,0,0,0,0,0,0,0.392141,0.340326,0.343859,0.365056,0.361523,0.376832,0.449843,0.405094,0.365056,0.383898,0.456909,0.605286,0.452198,0.577024,0.586445,0.519322,0.586445,0.595866,0.524032,0.579379,0,0,0,0,0,0,0,0,0,0,0,0.374477,0,0,0,0,0,0,0.267315,0,0,0,0,0,0,0.157798,0.207258,0.162509,0,0,
0,0,0,0,4.02621,4.66565,0,0,0,0,0,0,0,0,0,0,0.586445,0.393318,0.555827,0.574669,0.567603,0.586445,0.558182,0.555827,0.569958,0.553472,0.35799,0.386253,0.447488,0.426291,0.440422,0.454554,0.468685,0.452198,0.499302,0.458086,0,0,0,0,0,0,0,0,0,0,0,0,0.659456,0,0,0,0,0,0,0,0,0,0,0,0,0,0.653568,0,0,0,
0,0,0,0,4.79519,3.64703,0,0,0,0,0,0,0,0,0,0,0.487526,0.459264,0.47104,0.463974,0.46633,0.399206,0.409805,0.41687,0.454554,0.440422,0.52521,0.461619,0.485171,0.492237,0.363878,0.492237,0.413338,0.494592,0.518144,0.487526,0,0,0,0,0,0,0,0,0,0,0,0.0753664,0,0.221389,0,0,0,0.0777216,0.0989184,0,0,0,0,0,0,0,0.817254,0,0,0,
0,0,0,0,4.0062,3.80129,0,0,0,0,0,0,0,0,0,0,0.565248,0.506368,0.496947,0.520499,0.496947,0.481638,0.458086,0.508723,0.496947,0.492237,0.607642,0.578202,0.53463,0.555827,0.560538,0.41687,0.428646,0.59351,0.435712,0.527565,0,0,0,0,0,0,0,0,0,0,0,0,0,1.21293,0,0,0,0,0,0,0,0.164864,0,0,0,0.193126,0,0,0,0,
0,0,0,0,2.26099,5.01304,0,0,0,0,0,0,0,0,0,0,0.619418,0.606464,0.602931,0,0.633549,0.602931,0.598221,0.591155,0.645325,0.640614,0.591155,0.531098,0.539341,0.52521,0.541696,0.541696,0.381542,0.561715,0.473395,0.515789,0,0,0,0,0,0,0,0,0,0,0,0,0,0,0,0,0.44631,0,0,0,0,0,0,0,0,0,0,0,0,0,
0,0,0,0,3.74477,4.46781,0,0,0,0,0,0,0,0,0,0,0.428646,0.423936,0.393318,0.361523,0.40745,0.395674,0.421581,0.433357,0.392141,0.402739,0.261427,0.17664,0.17193,0.164864,0.188416,0.207258,0.200192,0.21079,0.209613,0.207258,0,0,0,0,0,0,0,0,0,0,0,0,0.282624,0,0,0.200192,0,0.15191,0,0,0,0,0,0,0,0,0,0,0,0,
0,0,0,0,4.13809,4.77517,0,0,0,0,0,0,0,0,0,0,0.295578,0.619418,0.574669,0.522854,0.544051,0.35328,0.609997,0.41216,0.567603,0.56407,0.507546,0.513434,0.459264,0.496947,0.467507,0.478106,0.511078,0.504013,0.398029,0.496947,0,0,0,0,0,0,0,0,0,0,0,0,0,0,0,0.673587,0,0,0,0,0,0,0,0,0.573491,0,0,0,0,0,
0,0,0,0,4.21816,3.39855,0,0,0,0,0,0,0,0,0,0,0.61353,0.544051,0.442778,0.598221,0.53463,0.544051,0.600576,0.519322,0.546406,0.478106,0.52992,0.513434,0.553472,0.520499,0.527565,0.572314,0.567603,0.565248,0.541696,0.509901,0,0,0,0,0,0,0,0,0,0,0,0,0.480461,0,0,0,0,0,0,0,0,0,0,0.5888,0,0,0,0,0,0,
0,0,0,0,4.74102,4.85524,0,0,0,0,0,0,0,0,0,0,0.607642,0.553472,0.414515,0.539341,0.55465,0.546406,0.496947,0.542874,0.560538,0.494592,0.508723,0.4416,0.482816,0.508723,0.482816,0.511078,0.327373,0.385075,0.551117,0.390963,0,0,0,0,0,0,0,0,0,0,0.163686,0,0,0,0,0,0,0.124826,0,0,0,0.173107,0,0,0.137779,0.120115,0.175462,0,0,0,
0,0,0,0,4.01326,4.53729,0,0,0,0,0,0,0,0,0,0,0.52521,0.5888,0.553472,0.558182,0.539341,0.536986,0.502835,0.478106,0.544051,0.395674,0.621773,0.640614,0.223744,0.213146,0,0.598221,0.560538,0.522854,0.284979,0.241408,0,0,0,0,0,0,0,0,0,0,0,0,0,0,0.592333,0,0,0,0,0,0.186061,0.0918528,0,0,0,0.120115,0,0,0,0,
0,0,0,0,4.66212,5.12138,0,0,0,0,0,0,0,0,0,0,0.555827,0.511078,0.53463,0.558182,0.482816,0.539341,0.572314,0.544051,0.557005,0.52992,0.5888,0.626483,0.59351,0.591155,0.47575,0.58409,0.591155,0.553472,0.58409,0.553472,0,0,0,0,0,0,0,0,0,0,0,0,0,0,0,0,0,0,0.79488,0,0,0,0,0,0,0,0,0,0,0,
0,0,0,0,2.90985,3.90728,0,0,0,0,0,0,0,0,0,0,0.574669,0.41216,0,0.595866,0.520499,0.41687,0.548762,0.548762,0.598221,0.581734,0.398029,0.400384,0.0671232,0.402739,0.41687,0.40745,0.434534,0.334438,0.374477,0.343859,0,0,0,0,0,0,0,0,0,0,0,0,0,0,0,0.841984,0,0,0,0,0.108339,0,0,0.103629,0,0,0.05888,0.103629,0.0683008,0,
0,0,0,0,4.9365,4.45015,0,0,0,0,0,0,0,0,0,0,0.0953856,0.242586,0.242586,0.254362,0.186061,0.186061,0.186061,0.203725,0.229632,0.133069,0.574669,0.52992,0.527565,0.520499,0.511078,0.520499,0.544051,0.53463,0.520499,0.513434,0,0,0,0,0,0,0,0,0,0,0,0.160154,0,0,0.164864,0,0,0,0,0,0,0,0.76073,0,0,0,0,0,0,0,
0,0,0,0,4.34534,4.74691,0,0,0,0,0,0,0,0,0,0,0.555827,0.47575,0.536986,0.501658,0.501658,0.492237,0.498125,0.456909,0.527565,0.504013,0.581734,0.609997,0.449843,0.582912,0.59351,0.428646,0.619418,0.428646,0.574669,0.581734,0,0,0,0,0,0,0,0,0,0,0,0,0.857293,0,0,0,0,0,0,0,0.572314,0,0,0,0,0,0,0,0,0,
0,0,0,0,4.1534,4.28175,0,0,0,0,0,0,0,0,0,0,0.390963,0.400384,0.454554,0.379187,0.395674,0.442778,0.409805,0.301466,0.369766,0,0.14249,0.428646,0.389786,0.405094,0.409805,0.427469,0.398029,0.40745,0.386253,0.405094,0,0,0,0,0,0,0,0,0,0,0,0,0,0,0,0.939725,0,0,0,0,0,0,0,0,0,0,0,0.489882,0,0,
0,0,0,0,4.68567,3.71062,0,0,0,0,0,0,0,0,0,0,0.560538,0.540518,0.511078,0.541696,0.558182,0.402739,0.515789,0.511078,0.541696,0.520499,0.562893,0.52992,0.547584,0.541696,0.394496,0.520499,0.452198,0.558182,0.504013,0.520499,0,0,0,0,0,0,0,0,0,0,0,0,0,0,0.619418,0,0,0,0,0,0,0,0,0,0,0,0,1.04806,0,0,
0,0,0,0,4.84229,4.0533,0,0,0,0,0,0,0,0,0,0,0.605286,0.485171,0.35328,0.499302,0.511078,0.499302,0.421581,0.528742,0.52992,0.562893,0.569958,0,0.544051,0.553472,0.58409,0.602931,0.579379,0,0.533453,0.521677,0,0,0,0,0,0,0,0,0,0,0,0,0,0,0,0,0,0,0,0.337971,0,1.25768,0,0,0,0,0,0,0,0,
0,0,0,0,4.65859,4.90706,0,0,0,0,0,0,0,0,0,0,0.376832,0.346214,0.381542,0.41216,0.372122,0.381542,0.365056,0.295578,0.332083,0.350925,0.560538,0.508723,0.522854,0.474573,0.52521,0.511078,0.52992,0.501658,0.528742,0.522854,0,0,0,0,0,0,0,0,0,0,0,0,0,0,0,0,0,0.680653,0,0,0,0.303821,0.286157,0,0,0,0,0,0,0,
0,0,0,0,3.01112,4.15693,0,0,0,0,0,0,0,0,0,0,0.46633,0.461619,0.487526,0.273203,0.445133,0.473395,0.468685,0.478106,0.47104,0.47575,0.518144,0.346214,0.449843,0.372122,0.499302,0.468685,0.492237,0.508723,0.406272,0.47104,0,0,0,0,0,0,0,0,0,0,0.254362,0,0.214323,0,0.164864,0,0,0.215501,0,0,0,0,0.77015,0,0,0,0,0,0,0,
0,0,0,0,4.83052,2.29868,0,0,0,0,0,0,0,0,0,0,0.434534,0.608819,0.572314,0.553472,0.581734,0.579379,0.574669,0.574669,0.566426,0.440422,0.579379,0.336794,0.532275,0.249651,0.551117,0.345037,0.544051,0.20608,0.326195,0.55936,0,0,0,0,0,0,0,0,0,0,0.2944,0,0,0.325018,0,0,0,0,0,0,0,0,0,0,0,0,0,0,0.268493,0,
0,0,0,0,4.46664,4.26173,0,0,0,0,0,0,0,0,0,0,0.459264,0.40745,0.438067,0.346214,0.395674,0.425114,0.405094,0.408627,0.452198,0.468685,0.35328,0.169574,0.355635,0.343859,0.158976,0.236698,0.339149,0.317952,0.346214,0.296755,0,0,0,0,0,0,0,0,0,0,0,0,0,0,0,0,0.805478,0,0,0,0,0,0,0,0,0,0,0.692429,0,0,
0,0,0,0,4.15575,4.30295,0,0,0,0,0,0,0,0,0,0,0.59351,0.572314,0.572314,0.544051,0.572314,0.553472,0.59351,0.565248,0.607642,0.569958,0.560538,0.53463,0.532275,0.515789,0.548762,0.532275,0.506368,0.499302,0.520499,0.487526,0,0,0,0,0,0,0,0,0,0,0,0,0,0,0,0,0,0,0.431002,0,0,0,0.695962,0,0,0,0,0,0,0,
0,0,0,0,4.58204,5.01422,0,0,0,0,0,0,0,0,0,0,0.50048,0.37801,0.496947,0.501658,0.520499,0.480461,0.434534,0.440422,0.504013,0.499302,0.43689,0.574669,0.5888,0.536986,0.581734,0.567603,0.579379,0.572314,0.569958,0.43689,0,0,0,0,0,0,0,0,0,0,0,0,0,0,0,0,0,0.764262,0,0,0.035328,0.11776,0.0506368,0,0.0518144,0,0.0423936,0.0612352,0,0,
0,0,0,0,4.62561,4.56084,0,0,0,0,0,0,0,0,0,0,0.598221,0.572314,0.439245,0.546406,0.383898,0.581734,0.532275,0.567603,0.403917,0.551117,0.340326,0.617062,0.58409,0.567603,0.546406,0.555827,0.388608,0.562893,0.536986,0.381542,0,0,0,0,0,0,0,0,0,0,0,0,0,0.199014,0,0,0,0,0.233165,0,0,0,0,0.327373,0,0,0,0,0,0,
0,0,0,0,4.75044,4.71393,0,0,0,0,0,0,0,0,0,0,0.574669,0.551117,0.546406,0.562893,0.572314,0,0.511078,0.518144,0.528742,0.390963,0.499302,0.478106,0.439245,0.482816,0.485171,0.520499,0.501658,0.507546,0.485171,0.431002,0,0,0,0,0,0,0,0,0,0,0,0,0,0,0.459264,0,0,0,0,0,0,0,0,0,0,0,0.433357,0,0,0,
0,0,0,0,4.63268,4.26409,0,0,0,0,0,0,0,0,0,0,0.602931,0.381542,0.489882,0.558182,0.539341,0.544051,0.545229,0.468685,0.527565,0.402739,0.555827,0.508723,0.544051,0.511078,0.50048,0,0.567603,0.511078,0.485171,0.452198,0,0,0,0,0,0,0,0,0,0,0,0,0,0.76544,0,0,0,0,0,0,0,0,1.09281,0,0,0,0,0,0,0,
0,0,0,0,4.42071,4.77281,0,0,0,0,0,0,0,0,0,0,0.52992,0.508723,0.489882,0.482816,0.520499,0.499302,0.513434,0.370944,0.553472,0.482816,0.539341,0.499302,0.468685,0.462797,0.478106,0.461619,0.461619,0.447488,0.504013,0.481638,0,0,0,0,0,0,0,0,0,0,0,0.70185,0,0,0,0,0,0,0,0,0.431002,0,0,0,0,0,0,0,0,0,
0,0,0,0,4.84229,4.89175,0,0,0,0,0,0,0,0,0,0,0.605286,0.55936,0.561715,0.569958,0.569958,0.558182,0.567603,0.536986,0.574669,0.562893,0.501658,0.476928,0.480461,0.482816,0.432179,0.44631,0.459264,0.454554,0.480461,0.459264,0,0,0,0,0,0,0,0,0,0,0,0,0,0.136602,0.12247,0,0,0.109517,0,0,0,0,0,0,0,0,0,0,0.32384,0,
0,0,0,0,4.62561,4.70569,0,0,0,0,0,0,0,0,0,0,0.170752,0.426291,0.440422,0.469862,0.456909,0,0.463974,0.41216,0.40745,0.219034,0.5888,0.527565,0.579379,0.52521,0.511078,0.542874,0.572314,0.536986,0.511078,0.553472,0,0,0,0,0,0,0,0,0,0,0,0,0,0.494592,0,0,0,0,0,0,0.188416,0.146022,0,0.0800768,0,0.120115,0.150733,0,0,0.183706,
0,0,0,0,3.69295,4.85289,0,0,0,0,0,0,0,0,0,0,0.605286,0.621773,0.62295,0.463974,0.62295,0.605286,0.5888,0.633549,0.546406,0,0.325018,0.52521,0.473395,0.504013,0.449843,0.511078,0.478106,0.409805,0.485171,0.44631,0,0,0,0,0,0,0,0,0,0,0,0,0,0,0,0.787814,0,0,0,0,0,0,0,0,0,0,0,0,0,0,
0,0,0,0,4.80696,3.18541,0,0,0,0,0,0,0,0,0,0,0.342682,0.560538,0.518144,0.506368,0.522854,0.496947,0.327373,0.473395,0.508723,0.504013,0.548762,0.560538,0.555827,0.538163,0.52992,0.548762,0.532275,0.532275,0.551117,0.569958,0,0,0,0,0,0,0,0,0,0,0.452198,0,0,0,0,0,0,0,0,0,0,0,0,0,0,0.513434,0,0,0,0,
0,0,0,0,3.58579,4.16988,0,0,0,0,0,0,0,0,0,0,0.506368,0.34857,0.368589,0.52521,0.536986,0.508723,0.532275,0.381542,0.521677,0.513434,0.365056,0.310886,0.186061,0.263782,0.266138,0.327373,0.34857,0.286157,0.320307,0.284979,0,0,0,0,0,0,0,0,0,0,0,0,0,0.741888,0,0,0,0,0,0,0,0.374477,0,0,0,0,0,0.275558,0,0,
0,0,0,0,4.56202,4.64681,0,0,0,0,0,0,0,0,0,0,0.579379,0.518144,0.539341,0.536986,0.52521,0.532275,0.515789,0.520499,0.513434,0.513434,0.334438,0.306176,0.287334,0.242586,0.133069,0.214323,0.29911,0.282624,0.146022,0.18135,0,0,0,0,0,0,0,0,0,0,0,0,0,0,0,0.228454,0,0.223744,0,0,0,0,0,0,0,0.167219,0,0,0,0.130714,
0,0,0,0,3.94849,4.53258,0,0,0,0,0,0,0,0,0,0,0.579379,0.539341,0.334438,0.34857,0.515789,0.522854,0.52992,0.513434,0.521677,0.551117,0.390963,0.565248,0.520499,0.515789,0.485171,0.487526,0.555827,0.506368,0.520499,0.520499,0,0,0,0,0,0,0,0,0,0,0,0,0,0,0,0.988006,0,0,0,0,0,0,0,0.261427,0.247296,0,0,0,0,0,
0,0,0,0,4.80461,3.76243,0,0,0,0,0,0,0,0,0,0,0.52521,0.297933,0.494592,0.539341,0.532275,0.546406,0.496947,0.502835,0.524032,0.518144,0.536986,0.513434,0.303821,0.499302,0.339149,0.499302,0.482816,0.480461,0.508723,0.504013,0,0,0,0,0,0,0,0,0,0,0.0753664,0,0.109517,0,0,0.094208,0,0,0,0.0836096,0,0.400384,0,0,0,0,0,0,0.320307,0,
0,0,0,0,5.42049,4.44191,0,0,0,0,0,0,0,0,0,0,0.605286,0.565248,0.427469,0.55465,0.562893,0.498125,0.355635,0.518144,0.569958,0.31913,0.619418,0.5888,0.600576,0.624128,0.539341,0.592333,0.574669,0.605286,0,0.614707,0,0,0,0,0,0,0,0,0,0,0,0,0,0,0,0,0,0,0,0,0,0,0,0,0.76073,0,0,0,0,0,
0,0,0,0,4.53612,4.07567,0,0,0,0,0,0,0,0,0,0,0.619418,0.578202,0.612352,0.621773,0.626483,0.632371,0.633549,0.624128,0.633549,0,0.558182,0.64297,0.579379,0.571136,0.59351,0.562893,0.577024,0.572314,0.581734,0.435712,0,0,0,0,0,0,0,0,0,0,0.880845,0,0,0,0,0,0,0,0,0,0,0,0,0,0.607642,0,0,0,0,0,
0,0,0,0,4.46546,4.50903,0,0,0,0,0,0,0,0,0,0,0.58409,0.577024,0.58409,0.602931,0.572314,0.579379,0,0.539341,0.540518,0.579379,0.386253,0.553472,0.393318,0.506368,0.551117,0.506368,0.53463,0.539341,0.520499,0.520499,0,0,0,0,0,0,0,0,0,0,0.589978,0,0,0,0,0,0,0,0,0,0,0,0,0,0,0,0.859648,0,0,0,
0,0,0,0,4.63268,4.34417,0,0,0,0,0,0,0,0,0,0,0.566426,0.579379,0.561715,0.569958,0.44631,0.560538,0.548762,0.560538,0.558182,0.609997,0.508723,0.465152,0.368589,0.433357,0.454554,0.485171,0.418048,0.435712,0.431002,0.438067,0,0,0,0,0,0,0,0,0,0,0,0,0.308531,0,0,0,0,0,0.303821,0,0,0,0.449843,0,0,0,0,0,0,0,
0,0,0,0,4.03328,3.84015,0,0,0,0,0,0,0,0,0,0,0.595866,0.557005,0.459264,0.577024,0.572314,0.50048,0.442778,0.541696,0.558182,0.553472,0.423936,0.409805,0.435712,0.359168,0.468685,0.447488,0.440422,0.41216,0.345037,0.388608,0,0,0,0,0,0,0,0,0,0,0,0,0,0,0.138957,0,0.153088,0,0,0,0,0.244941,0,0,0,0,0,0,0.175462,0,
0,0,0,0,4.68449,4.38892,0,0,0,0,0,0,0,0,0,0,0.560538,0.494592,0.536986,0.485171,0.513434,0.511078,0.532275,0.52992,0.522854,0.485171,0.52521,0.453376,0.515789,0.496947,0.504013,0.508723,0.532275,0.527565,0.456909,0,0,0,0,0,0,0,0,0,0,0,0,0,0.479283,0,0,0,0,0,0,0,0.138957,0,0,0,0,0,0,0.221389,0.141312,0,
0,0,0,0,3.80718,4.14044,0,0,0,0,0,0,0,0,0,0,0.339149,0.383898,0.241408,0.409805,0.327373,0.423936,0.247296,0.410982,0.409805,0.402739,0.322662,0.558182,0.345037,0.313242,0.515789,0.301466,0.511078,0.557005,0.544051,0.478106,0,0,0,0,0,0,0,0,0,0,0,0,0.252006,0,0,0,0,0.220211,0,0,0.64768,0,0,0,0,0,0,0,0,0,
0,0,0,0,4.25702,4.57851,0,0,0,0,0,0,0,0,0,0,0.508723,0,0.489882,0.506368,0.489882,0.429824,0.452198,0.431002,0.485171,0.452198,0.487526,0.46633,0.499302,0.485171,0.41687,0.452198,0.428646,0.456909,0.433357,0.449843,0,0,0,0,0,0,0,0,0,0,0,0,0,0.891443,0,0,0,0,0,0,0,0,0,0,0,0,0,0.180173,0.164864,0,
0,0,0,0,3.53516,4.8258,0,0,0,0,0,0,0,0,0,0,0.388608,0.514611,0.480461,0.50048,0.480461,0.445133,0.438067,0.461619,0.478106,0.496947,0.428646,0.40745,0.327373,0.439245,0.445133,0.386253,0.414515,0.361523,0.369766,0.398029,0,0,0,0,0,0,0,0,0,0,0,0,0,0,0.372122,0,0,0,0.327373,0,0,0,0,0,0.607642,0,0,0,0,0,
0,0,0,0,3.95674,4.40422,0,0,0,0,0,0,0,0,0,0,0.282624,0.487526,0.442778,0.438067,0.452198,0.360346,0.433357,0.335616,0.449843,0.459264,0.282624,0.29911,0.228454,0.118938,0.219034,0.237875,0.221389,0.24023,0.259072,0.17664,0,0,0,0,0,0,0,0,0,0,0,0,0,0,0,0,0.438067,0,0,0,0,0,0,0,0,0,0,0,0,0.904397,
0,0,0,0,4.85289,4.55142,0,0,0,0,0,0,0,0,0,0,0.187238,0.157798,0.18135,0.200192,0.202547,0.340326,0.174285,0.150733,0.190771,0.188416,0.489882,0,0.506368,0.518144,0.52521,0.536986,0.520499,0.518144,0.40745,0.47104,0,0,0,0,0,0,0,0,0,0,0,0.270848,0,0,0,0,0,0,0,0,0,0,0,0,0,0.548762,0,0,0,0,
0,0,0,0,4.44662,5.80321,0,0,0,0,0,0,0,0,0,0,0.573491,0.579379,0.600576,0.581734,0.591155,0.602931,0.46633,0.5888,0.5888,0.577024,0.518144,0.513434,0.527565,0.541696,0.544051,0.496947,0.522854,0.501658,0.527565,0.433357,0,0,0,0,0,0,0,0,0,0,0,0,0,0,0,0,0,0,0.713626,0,0,0,0,0,0,0,0,0,0,0,
0,0,0,0,4.61501,4.95416,0,0,0,0,0,0,0,0,0,0,0.565248,0.399206,0.562893,0.562893,0.551117,0.485171,0.527565,0.522854,0.551117,0.546406,0.390963,0.369766,0.196659,0.381542,0.342682,0.296755,0.381542,0.162509,0.303821,0.226099,0,0,0,0,0,0,0,0,0,0,0,0,0,0,0.666522,0,0,0,0,0,0,0,0,0,0,0,0,0,0,0,
0,0,0,0,4.23347,4.86113,0,0,0,0,0,0,0,0,0,0,0.346214,0.341504,0.279091,0.127181,0.320307,0.315597,0.277914,0.28969,0.296755,0.315597,0.577024,0.548762,0.511078,0.400384,0.522854,0.508723,0.491059,0.527565,0.504013,0.327373,0,0,0,0,0,0,0,0,0,0,0,0,0.508723,0,0,0,0,0,0,0,0,0,0,0,0,0,0,0,0.386253,0.280269,
0,0,0,0,4.11571,5.46171,0,0,0,0,0,0,0,0,0,0,0.626483,0.557005,0.567603,0.626483,0.567603,0.440422,0.5888,0.591155,0.555827,0.624128,0.546406,0.322662,0.287334,0.501658,0.513434,0.506368,0.53463,0.438067,0.511078,0.508723,0,0,0,0,0,0,0,0,0,0,0,0.41687,0,0,0,0,0,0,0,0,0,0,0,0,0,0,0,0,0,0,
0,0,0,0,4.22052,5.0154,0,0,0,0,0,0,0,0,0,0,0.565248,0.536986,0.558182,0.419226,0.52992,0.421581,0.528742,0.546406,0.59351,0.518144,0.52521,0.504013,0.431002,0.501658,0.480461,0.499302,0.522854,0.496947,0.451021,0.478106,0,0,0,0,0,0,0,0,0,0,0,0,0,0,0.708915,0,0,0,0,0,0,0.167219,0,0.0683008,0,0.0800768,0.0800768,0.0788992,0,0,
0,0,0,0,3.81189,3.92023,0,0,0,0,0,0,0,0,0,0,0.617062,0.463974,0.552294,0.541696,0.547584,0.545229,0.53463,0.558182,0.546406,0.454554,0.428646,0.423936,0.31913,0.388608,0.388608,0.405094,0.390963,0.330906,0.413338,0.405094,0,0,0,0,0,0,0,0,0,0,0,0,0.730112,0,0,0,0,0,0,0,0,0,0,0,0,0,0.23081,0,0.395674,0,
0,0,0,0,4.12984,5.24503,0,0,0,0,0,0,0,0,0,0,0.303821,0.541696,0.333261,0.483994,0.52521,0.518144,0.522854,0.512256,0.496947,0.346214,0.399206,0.29911,0.334438,0.161331,0.32384,0.0788992,0.35328,0.362701,0.350925,0.350925,0,0,0,0,0,0,0,0,0,0,0,0,0,0,0,0.721869,0,0,0,0,0,0,0,0,0,0,0,0,0,0,
0,0,0,0,5.40401,4.0533,0,0,0,0,0,0,0,0,0,0,0.402739,0.383898,0.401562,0.393318,0.376832,0.191949,0.40745,0.184883,0.256717,0.428646,0.454554,0.37801,0.41216,0.421581,0.237875,0.423936,0.266138,0.442778,0.393318,0.38743,0,0,0,0,0,0,0,0,0,0,0,0,0,0,0,0,0,0,0,0,0.741888,0,0,0,0,0,0,0,0,0,
0,0,0,0,4.44662,3.0806,0,0,0,0,0,0,0,0,0,0,0.52992,0.492237,0.489882,0.506368,0.489882,0.506368,0.516966,0.47575,0.370944,0.504013,0.489882,0.468685,0.487526,0.502835,0.489882,0.34857,0.515789,0.327373,0,0.452198,0,0,0,0,0,0,0,0,0,0,0,0.668877,0,0,0,0,0,0,0,0,0.759552,0,0,0,0,0,0,0,0,0,
0,0,0,0,4.51256,4.56202,0,0,0,0,0,0,0,0,0,0,0.591155,0.496947,0.485171,0.508723,0.527565,0.515789,0.518144,0.482816,0.539341,0.456909,0.605286,0.546406,0.560538,0.555827,0.532275,0.574669,0.551117,0.551117,0.452198,0.55465,0,0,0,0,0,0,0,0,0,0,0,0.791347,0,0,0,0,0,0,0,0,0.23552,0,0,0,0,0.195482,0,0,0,0.187238,
0,0,0,0,4.7422,4.55025,0,0,0,0,0,0,0,0,0,0,0.449843,0.5888,0.539341,0.541696,0.562893,0.558182,0.541696,0.562893,0.555827,0.581734,0.508723,0.451021,0.494592,0.511078,0.453376,0.425114,0.428646,0.47575,0.440422,0.47575,0,0,0,0,0,0,0,0,0,0,0,0,0,0,0,0,0,0,0,0.578202,0,0,0,0.478106,0,0,0,0,0,0,
0,0,0,0,4.63032,3.2066,0,0,0,0,0,0,0,0,0,0,0.587622,0.562893,0.598221,0.398029,0.581734,0.569958,0.555827,0.435712,0.544051,0.581734,0.609997,0.609997,0.47575,0.614707,0.612352,0.626483,0.638259,0.595866,0.59351,0,0,0,0,0,0,0,0,0,0,0,0.200192,0,0,0,0.184883,0,0,0,0,0,0.103629,0,0,0.219034,0,0.123648,0.186061,0,0,0,
0,0,0,0,4.64092,4.721,0,0,0,0,0,0,0,0,0,0,0.520499,0.52992,0.508723,0.515789,0.522854,0.440422,0.536986,0.52521,0.509901,0.511078,0.522854,0.52521,0.381542,0.527565,0.485171,0.518144,0.513434,0.536986,0.43689,0.485171,0,0,0,0,0,0,0,0,0,0,0,0,0,0.88791,0,0,0,0,0,0,0.174285,0.242586,0,0,0,0,0,0,0.116582,0,
0,0,0,0,4.66447,4.53847,0,0,0,0,0,0,0,0,0,0,0.467507,0.506368,0.489882,0.478106,0.41687,0.452198,0.425114,0.454554,0.480461,0.494592,0.621773,0.435712,0.428646,0.5888,0.58409,0.578202,0.579379,0.573491,0.47104,0.59351,0,0,0,0,0,0,0,0,0,0,0.452198,0,0,0,0,0,0,0,0,0,0,0,0,0,0,0.376832,0,0,0,0,
0,0,0,0,4.22641,4.26409,0,0,0,0,0,0,0,0,0,0,0.548762,0.544051,0.52521,0.489882,0.522854,0.515789,0.489882,0.522854,0.552294,0.53463,0.605286,0.581734,0.58409,0.598221,0.555827,0,0.586445,0.581734,0.551117,0.560538,0,0,0,0,0,0,0,0,0,0,0,0,0,0,0,0,0,0,0,0.456909,0.184883,0,0.193126,0,0.0718336,0.0836096,0,0,0.0989184,0,
0,0,0,0,3.06176,5.11667,0,0,0,0,0,0,0,0,0,0,0.52992,0.478106,0.478106,0.487526,0.47104,0.522854,0.465152,0.449843,0.47575,0.482816,0.586445,0.508723,0.50519,0.332083,0.494592,0.325018,0.496947,0.513434,0.479283,0.504013,0,0,0,0,0,0,0,0,0,0,0,0.844339,0,0,0,0,0,0,0,0,0,0,0,0,0,0,0,0,0,0,
0,0,0,0,2.93693,4.55378,0,0,0,0,0,0,0,0,0,0,0.469862,0.369766,0.487526,0.501658,0.463974,0.456909,0.487526,0.392141,0.461619,0.468685,0.423936,0.361523,0.395674,0.379187,0.356813,0.395674,0.402739,0.386253,0.41216,0.41687,0,0,0,0,0,0,0,0,0,0,0,0,0.502835,0,0,0,0,0,0,0,0,0,0,0,0,0,0,0.607642,0,0,
0,0,0,0,3.37971,4.39009,0,0,0,0,0,0,0,0,0,0,0.419226,0.34857,0.41687,0.329728,0.402739,0.400384,0.400384,0.355635,0.421581,0.312064,0.553472,0.539341,0.558182,0.548762,0.528742,0.545229,0.536986,0.359168,0.541696,0.52992,0,0,0,0,0,0,0,0,0,0,0,0,0,0,0.17193,0,0,0.227277,0.166042,0,0,0,0,0,0.796058,0,0,0,0,0,
0,0,0,0,5.67956,5.35808,0,0,0,0,0,0,0,0,0,0,0.567603,0.561715,0.541696,0.569958,0.560538,0.562893,0.562893,0.532275,0.562893,0.532275,0.565248,0.58409,0.598221,0.55936,0.558182,0.600576,0.573491,0.560538,0.574669,0.562893,0,0,0,0,0,0,0,0,0,0,0,0,0,0,0,0,0,0,0,0,0,0,0,0,0,0,0,0,0,0,
0,0,0,0,3.75066,4.42189,0,0,0,0,0,0,0,0,0,0,0.508723,0.492237,0.496947,0,0.482816,0.518144,0.515789,0.509901,0.536986,0.366234,0.522854,0.513434,0.553472,0.504013,0.555827,0.454554,0.508723,0.438067,0.478106,0.487526,0,0,0,0,0,0,0,0,0,0,0,0,0,0,0,0,0.99625,0,0,0,0.892621,0,0,0,0,0,0,0,0,0,
0,0,0,0,4.97418,4.07214,0,0,0,0,0,0,0,0,0,0,0.546406,0.499302,0.491059,0.398029,0.479283,0.483994,0.513434,0.483994,0.501658,0.501658,0.463974,0.47104,0.447488,0.432179,0.438067,0.454554,0.459264,0.491059,0,0.343859,0,0,0,0,0,0,0,0,0,0,0.129536,0.0989184,0,0.101274,0.0965632,0,0,0,0.070656,0,0,0,0,0,0.745421,0,0,0,0,0,
0,0,0,0,4.78694,4.57498,0,0,0,0,0,0,0,0,0,0,0.621773,0,0.553472,0.605286,0.612352,0.633549,0.585267,0.58409,0.604109,0.595866,0,0.393318,0.388608,0.388608,0.261427,0.405094,0.41216,0.459264,0.435712,0.429824,0,0,0,0,0,0,0,0,0,0,0,0,0,0.143667,0,0,0.167219,0.17664,0,0,0,0.187238,0,0.0894976,0,0,0.141312,0,0.12247,0,
0,0,0,0,4.92943,4.35359,0,0,0,0,0,0,0,0,0,0,0.478106,0.456909,0.38272,0.454554,0.452198,0.403917,0.452198,0.418048,0.478106,0.462797,0.209613,0,0.209613,0.213146,0.211968,0.233165,0.270848,0.272026,0.18135,0.128358,0,0,0,0,0,0,0,0,0,0,0,0,0.332083,0,0,0,0,0.202547,0,0,0,0,0,0,0,0,0,0,0.774861,0,
0,0,0,0,5.00362,4.47017,0,0,0,0,0,0,0,0,0,0,0.459264,0.478106,0.460442,0.469862,0.504013,0.445133,0.492237,0.440422,0.47575,0.463974,0.489882,0.41687,0.28969,0.44631,0.46633,0.277914,0.459264,0.449843,0.247296,0.440422,0,0,0,0,0,0,0,0,0,0,0,0,0,0,0,0.161331,0,0.144845,0,0,0,0.972698,0,0,0,0,0,0,0,0,
0,0,0,0,3.50689,4.38538,0,0,0,0,0,0,0,0,0,0,0.174285,0.326195,0.244941,0.247296,0.247296,0.252006,0.254362,0.219034,0.270848,0.266138,0.595866,0.53463,0.538163,0.555827,0.520499,0.538163,0.569958,0.52992,0.385075,0.539341,0,0,0,0,0,0,0,0,0,0,0,0,0,0,0,0,0,0,0,0,0,0,0,0,0,0,0,0.327373,0,0,
0,0,0,0,4.06272,4.2476,0,0,0,0,0,0,0,0,0,0,0.546406,0.405094,0.532275,0.520499,0.527565,0.567603,0.513434,0.548762,0.572314,0.508723,0.548762,0.540518,0.501658,0.518144,0.52992,0.567603,0.520499,0.541696,0.551117,0.560538,0,0,0,0,0,0,0,0,0,0,0,0,0,0,0,0,1.03393,0,0,0,0,0,0,0,0,0,0.88791,0,0,0,
0,0,0,0,4.6786,4.51374,0,0,0,0,0,0,0,0,0,0,0.263782,0.217856,0.233165,0.268493,0.229632,0.261427,0.282624,0.237875,0.226099,0.144845,0.565248,0.38743,0.293222,0.520499,0.501658,0.518144,0.520499,0.511078,0.515789,0.516966,0,0,0,0,0,0,0,0,0,0,0,0,0,0,0,0,0.422758,0,0,0,0,0,0,0,0,0,0.859648,0,0,0,
0,0,0,0,3.60817,4.43955,0,0,0,0,0,0,0,0,0,0,0.562893,0.569958,0.409805,0.602931,0.571136,0.553472,0.553472,0.544051,0.58409,0.541696,0.692429,0.654746,0.708915,0.46633,0.666522,0.666522,0.46633,0.485171,0,0.400384,0,0,0,0,0,0,0,0,0,0,0,0,1.17289,0,0,0,0,0,0,0,0,0,0.362701,0,0,0,0,0,0,0.292045,
0,0,0,0,3.81896,4.55378,0,0,0,0,0,0,0,0,0,0,0.595866,0.514611,0.504013,0.372122,0.527565,0.532275,0.549939,0.518144,0.548762,0.532275,0.52521,0.506368,0.504013,0.542874,0.439245,0.527565,0.456909,0.508723,0.473395,0.50519,0,0,0,0,0,0,0,0,0,0,0.229632,0,0,0.242586,0,0,0,0,0,0,0,0,0,0,0.266138,0,0,0.221389,0,0,
0,0,0,0,4.51727,4.6209,0,0,0,0,0,0,0,0,0,0,0.546406,0.499302,0.522854,0.52992,0.533453,0.549939,0.541696,0.553472,0.541696,0.553472,0,0.540518,0.359168,0.544051,0.532275,0.544051,0.551117,0.572314,0.560538,0.46633,0,0,0,0,0,0,0,0,0,0,0.399206,0,0,0,0,0.421581,0,0,0,0,0,0.602931,0,0,0,0,0,0,0,0,
0,0,0,0,5.1991,4.49608,0,0,0,0,0,0,0,0,0,0,0.395674,0.216678,0.402739,0.297933,0.345037,0.381542,0.393318,0.372122,0,0.398029,0.440422,0.47575,0.482816,0.461619,0.47575,0.452198,0.47575,0.482816,0.468685,0.515789,0,0,0,0,0,0,0,0,0,0,0,0,0,0,0,0,0,0,0,0,0,0,0,0,1.02216,0,0,0,0,0,
0,0,0,0,4.87997,4.47488,0,0,0,0,0,0,0,0,0,0,0.548762,0.522854,0.531098,0.544051,0.511078,0.390963,0.494592,0.360346,0.565248,0.34857,0.374477,0.621773,0.567603,0.361523,0.394496,0.567603,0.602931,0.614707,0.611174,0.609997,0,0,0,0,0,0,0,0,0,0,0,0,0,0,0,0,0,0,0,0.612352,0.242586,0,0,0,0,0.405094,0,0,0,0,
0,0,0,0,4.43013,4.55142,0,0,0,0,0,0,0,0,0,0,0.569958,0.541696,0.473395,0.461619,0.438067,0.449843,0,0.474573,0.511078,0.350925,0.553472,0.506368,0.520499,0.499302,0.522854,0.442778,0.544051,0.494592,0.511078,0.513434,0,0,0,0,0,0,0,0,0,0,0,0,0,0,0,0.552294,0,0,0,0,0,0,0,0,0,0.428646,0,0,0,0,
0,0,0,0,4.5161,4.3006,0,0,0,0,0,0,0,0,0,0,0.421581,0.586445,0.552294,0.546406,0.533453,0.502835,0.544051,0.558182,0.58409,0.581734,0.459264,0.406272,0.426291,0.386253,0.390963,0.372122,0.374477,0.372122,0.380365,0.401562,0,0,0,0,0,0,0,0,0,0,0,0.423936,0,0,0,0,0,0,0,0,0,0,0,0,0.223744,0.138957,0,0,0,0,
0,0,0,0,5.02482,3.49158,0,0,0,0,0,0,0,0,0,0,0.489882,0.473395,0.521677,0.485171,0.52521,0.350925,0.485171,0.413338,0.496947,0.485171,0.631194,0.577024,0.329728,0.617062,0.313242,0.330906,0.253184,0.52992,0.555827,0,0,0,0,0,0,0,0,0,0,0,0,0,0,0,0,0,0,0,0,0,0,0,0,0,0,0,0,0,0,0.485171,
0,0,0,0,4.48901,4.56084,0,0,0,0,0,0,0,0,0,0,0.405094,0.381542,0.393318,0.334438,0.327373,0.322662,0.365056,0.2944,0.367411,0.355635,0.58409,0.572314,0.561715,0.574669,0.535808,0.423936,0.558182,0.53463,0.577024,0.581734,0,0,0,0,0,0,0,0,0,0,0,0.186061,0,0,0.124826,0,0,0,0,0.141312,0.234342,0,0.369766,0,0,0,0.266138,0,0,0,
0,0,0,0,3.97793,4.49608,0,0,0,0,0,0,0,0,0,0,0.414515,0.406272,0.456909,0.442778,0.438067,0.448666,0.454554,0.478106,0.473395,0.489882,0.488704,0.463974,0.463974,0.35328,0.2944,0.400384,0.405094,0.440422,0.332083,0.454554,0,0,0,0,0,0,0,0,0,0,0,0,0,0.296755,0,0,0,0,0.204902,0,0,0.488704,0,0,0,0,0,0,0,0,
0,0,0,0,4.1216,4.45015,0,0,0,0,0,0,0,0,0,0,0.487526,0.465152,0.508723,0.459264,0.47575,0.41687,0.501658,0.473395,0.513434,0.494592,0.624128,0.579379,0.607642,0.390963,0.569958,0.544051,0.565248,0.569958,0.582912,0.565248,0,0,0,0,0,0,0,0,0,0,0,0,0,0,0.558182,0,0,0,0,0,0,0,0,0,0,0.224922,0,0,0,0.180173,
0,0,0,0,4.69038,4.93297,0,0,0,0,0,0,0,0,0,0,0.256717,0.435712,0.428646,0.334438,0.362701,0.386253,0.401562,0.346214,0.372122,0.374477,0.438067,0,0.400384,0.372122,0.419226,0.256717,0.41216,0.346214,0.256717,0.431002,0,0,0,0,0,0,0,0,0,0,0.197837,0,0.226099,0,0,0,0,0,0,0,0.0965632,0,0,0,0.0635904,0,0,0,0,0.0447488,
0,0,0,0,3.80954,4.45486,0,0,0,0,0,0,0,0,0,0,0.515789,0.410982,0.440422,0.409805,0.440422,0.440422,0.414515,0.414515,0.492237,0.459264,0.555827,0.53463,0.515789,0.489882,0.548762,0.435712,0.492237,0.518144,0.511078,0.520499,0,0,0,0,0,0,0,0,0,0,0.34857,0,0,0,0,0,0.35799,0,0,0,0,0.508723,0,0,0,0,0,0,0,0,
0,0,0,0,4.25585,3.28904,0,0,0,0,0,0,0,0,0,0,0.566426,0.548762,0.560538,0.548762,0.555827,0.511078,0.548762,0.499302,0.548762,0.53463,0.372122,0.341504,0.381542,0.380365,0.306176,0.303821,0.325018,0.343859,0.34857,0.35328,0,0,0,0,0,0,0,0,0,0,0.957389,0,0,0,0,0,0,0,0,0,0,0,0.456909,0,0,0,0.343859,0,0,0,
0,0,0,0,4.87173,3.16421,0,0,0,0,0,0,0,0,0,0,0.61353,0.577024,0.34857,0.567603,0.339149,0.565248,0.56407,0.544051,0.544051,0.555827,0.155443,0.157798,0.17193,0.167219,0.23081,0.223744,0.064768,0.20608,0.162509,0.178995,0,0,0,0,0,0,0,0,0,0,0,0,0,0,0,0,0,0,0,0,0,0,1.02687,0,0,0,0,0,0,0,
0,0,0,0,4.65976,2.90278,0,0,0,0,0,0,0,0,0,0,0.522854,0.52992,0.419226,0.546406,0.508723,0.463974,0.483994,0.489882,0.478106,0.532275,0.08832,0.118938,0.130714,0.134246,0.107162,0.150733,0.156621,0.047104,0.183706,0.138957,0,0,0,0,0,0,0,0,0,0,0,0,0.421581,0,0,0,0,0,0,0,0,0,0,0,0.965632,0,0,0,0,0,
0,0,0,0,4.30648,4.48195,0,0,0,0,0,0,0,0,0,0,0.402739,0.376832,0.35799,0,0.350925,0.343859,0.34857,0.390963,0.400384,0.434534,0.59351,0.560538,0.581734,0.541696,0.553472,0.546406,0.562893,0.536986,0.553472,0.527565,0,0,0,0,0,0,0,0,0,0,0,0,0,0.244941,0.259072,0,0,0,0,0,0,0.388608,0,0,0,0,0,0,0.236698,0,
0,0,0,0,4.43131,3.92612,0,0,0,0,0,0,0,0,0,0,0.553472,0.35328,0.522854,0.343859,0.558182,0.53463,0.521677,0.535808,0.522854,0.548762,0.581734,0.532275,0.562893,0.536986,0.532275,0.560538,0.548762,0.544051,0.501658,0.555827,0,0,0,0,0,0,0,0,0,0,0,0,0.864358,0,0,0,0,0,0,0,0,0,0,0,0,0,0,0,0,0,
0,0,0,0,3.97911,4.25938,0,0,0,0,0,0,0,0,0,0,0.600576,0.562893,0.55465,0.577024,0.548762,0.591155,0.579379,0.58409,0.560538,0.431002,0.17664,0.17664,0.17193,0.11776,0.174285,0.154266,0.186061,0.202547,0.197837,0.195482,0,0,0,0,0,0,0,0,0,0,0,0.336794,0,0,0.287334,0,0,0,0,0,0,0,0,0,0.190771,0,0.310886,0,0,0,
0,0,0,0,4.05683,4.98714,0,0,0,0,0,0,0,0,0,0,0.546406,0.520499,0.506368,0.520499,0.47575,0.372122,0.526387,0.506368,0.539341,0.520499,0.555827,0.532275,0.536986,0.493414,0,0.540518,0.533453,0.558182,0.474573,0.518144,0,0,0,0,0,0,0,0,0,0,0,0,0,0.527565,0,0,0,0,0,0,0,0.12247,0,0.150733,0,0,0.116582,0,0.094208,0,
0,0,0,0,4.50903,4.21228,0,0,0,0,0,0,0,0,0,0,0.544051,0.506368,0.515789,0.506368,0.499302,0.522854,0.487526,0.508723,0.540518,0.50048,0.334438,0.296755,0.334438,0,0.307354,0.279091,0.259072,0.313242,0.223744,0.256717,0,0,0,0,0,0,0,0,0,0,0,0,0,0,0,0,0,0.804301,0,0,0,0,0,0,0,0,0,0,0,0.511078,
0,0,0,0,4.57262,4.64328,0,0,0,0,0,0,0,0,0,0,0.409805,0.581734,0.548762,0.423936,0.597043,0.526387,0.532275,0.53463,0.551117,0.405094,0.506368,0.428646,0.47104,0.445133,0.459264,0.395674,0.473395,0.426291,0.463974,0.435712,0,0,0,0,0,0,0,0,0,0,0,0,0,0,0,0,0,0,0,0,0,0,0,0,0,0,0.367411,0,0,0,
0,0,0,0,35.0524,35.2997,0,0,0,0,0,0,0,0,0,0,3.32201,3.25371,3.22074,3.22898,3.27608,2.67786,2.63782,3.27491,3.25371,3.23958,0.999782,2.20329,1.82528,2.04314,1.19762,1.29183,1.4826,1.47082,1.06691,1.1093,0,0,0,0,0,0,0,0,0,0,0,1.89476,0,0,0,0,2.16207,0,0,0,0,0,1.59918,0,0,0,1.40488,0,0,0.648858,
0,0,0,0,22.8643,36.3525,0,0,0,0,0,0,0,0,0,0,2.28101,2.38935,2.43645,2.28808,2.39406,2.39995,2.44705,2.38582,1.92773,2.33047,2.3234,3.04174,2.32576,3.01937,3.00524,2.99817,2.94871,2.95578,2.37051,2.95931,0,0,0,0,0,0,0,0,0,0,0,0,0,0,4.87291,0,2.57659,0,0,0,0,2.27041,0,2.08906,0,0,0,2.26688,0,0,
0,0,0,0,23.7498,26.4548,0,0,0,0,0,0,0,0,0,0,3.28197,3.30317,3.31848,3.34203,2.87217,3.35145,3.26902,3.29257,3.27255,3.33143,3.60934,0,3.54575,3.62701,3.62819,3.55871,3.52102,3.5222,3.65409,3.63761,0,0,0,0,0,0,0,0,0,0,0,1.56621,0,0,0,0.949146,0,1.9242,0,0,0,0,0,0,4.83758,0,0,0,0,0,
0,0,0,0,35.9345,23.9571,0,0,0,0,0,0,0,0,0,0,2.53184,3.06058,3.03585,3.06294,3.09591,3.04292,3.10769,2.54362,3.05352,3.02643,2.97108,2.99817,2.90278,2.95224,2.90985,2.8651,2.98051,2.8757,2.90043,2.91338,0,0,0,0,0,0,0,0,0,0,0,2.12321,1.58623,0,0,0,0,0,0,0,0,0,0,3.0912,0,0,0,0,0,0,
0,0,0,0,27.3027,25.9366,0,0,0,0,0,0,0,0,0,0,2.58248,2.54362,2.57423,2.54008,2.53184,2.08906,2.6708,2.56481,1.98897,2.59543,2.77325,2.82271,2.74145,2.74616,2.77443,2.7862,2.75794,2.66491,2.69906,2.68728,0,0,0,0,0,0,0,0,0,0,3.0335,0,0,2.53655,0,0,0,0,0,0,0,0,1.44138,5.46995,0,0,0,0,0,0,
0,0,0,0,28.1505,27.4946,0,0,0,0,0,0,0,0,0,0,1.92184,1.96424,1.65924,1.28123,1.8559,1.9607,1.9819,1.94775,2.00781,1.93951,3.09356,3.1383,3.03585,3.0912,3.03703,3.04292,3.07589,3.04174,3.0912,3.12535,0,0,0,0,0,0,0,0,0,0,0,2.91692,1.27416,0,0,0,2.25981,0,0,0,0,0,0,0,2.03372,0,0,0,0,0,
0,0,0,0,23.552,35.0018,0,0,0,0,0,0,0,0,0,0,2.86863,2.90514,2.9228,2.85097,2.87334,2.91103,2.92751,2.85804,2.88983,2.83802,2.70024,2.69553,2.81211,2.77325,2.84037,2.77089,2.7862,2.74028,2.84744,2.76147,0,0,0,0,0,0,0,0,0,0,1.26828,0,0,0,0,1.7452,0,0,0,0,1.18231,0.515789,0.514611,0,0,0,1.72283,0,1.25885,0,
0,0,0,0,34.6756,27.6347,0,0,0,0,0,0,0,0,0,0,3.02996,3.08884,3.01937,3.03821,3.04881,3.07589,3.02879,2.99581,3.01583,2.98993,2.93222,2.95931,2.90632,2.96755,2.97344,3.00052,2.45412,2.91927,2.86275,2.94753,0,0,0,0,0,0,0,0,0,0,3.53044,0,0,0.601754,0,0,0,0,0,1.30831,0,0,0.710093,2.08082,0,1.42607,0,0,0,0,
0,0,0,0,33.8077,29.3953,0,0,0,0,0,0,0,0,0,0,3.32083,3.36323,3.33379,3.34674,3.28315,3.29846,3.27608,2.8286,2.74263,3.37382,2.11026,1.87121,1.88063,1.90536,1.75816,2.0137,1.61213,1.97601,1.98543,1.83706,0,0,0,0,0,0,0,0,0,0,0,0,4.72453,0,4.04977,0,0,0,0,4.57615,2.37757,0,0,0,0,1.07986,0,2.6814,0,0,
0,0,0,0,26.4618,28.3872,0,0,0,0,0,0,0,0,0,0,2.8545,2.88041,2.93458,2.944,2.87452,2.8651,2.90043,2.91456,2.89219,2.9334,2.61309,2.62723,2.62723,2.63311,2.63429,2.6284,2.6602,2.64489,2.6814,2.17267,0,0,0,0,0,0,0,0,0,0,0,2.64018,0,0,0,0,0,0,2.27041,0,0,0,0.756019,1.23059,0,0,0,0,2.13146,0,
0,0,0,0,37.5725,28.2094,0,0,0,0,0,0,0,0,0,0,2.69906,2.73674,2.6814,2.64489,2.71672,2.65313,2.74734,2.66255,2.70495,2.73085,2.44352,2.92045,3.0229,2.89807,2.99228,2.91574,2.98522,2.96755,2.93693,2.95342,0,0,0,0,0,0,0,0,0,0,2.62487,2.95342,2.83684,0,0,0,0,0,0,0,0,0.727757,0.487526,0.633549,0,0,0,0,1.91831,0,
0,0,0,0,23.2234,21.3475,0,0,0,0,0,0,0,0,0,0,3.29257,3.23604,3.23251,3.21249,3.21249,3.27608,3.21603,3.27608,3.19365,3.25489,3.45743,3.36205,3.37736,3.38207,3.38089,3.3644,3.43977,3.40091,3.42446,2.83919,0,0,0,0,0,0,0,0,0,0,1.20586,0,0,0,0.604109,2.65313,0,0,0,0,0,0,0.892621,0,0,0,0,0,2.17149,1.45551,
0,0,0,0,22.5699,41.3149,0,0,0,0,0,0,0,0,0,0,2.90749,2.84273,2.41055,2.88276,2.8651,2.92045,2.84508,2.90396,2.8545,2.8439,1.6192,1.66277,0.892621,1.65453,1.73225,1.7452,1.8818,1.48142,1.35895,1.39428,0,0,0,0,0,0,0,0,0,0,0,0,0,0,0,0,0,2.7073,0,4.60559,1.26592,1.39546,1.78524,0,1.01038,1.3036,0,0,0,0,
0,0,0,0,23.4248,34.4036,0,0,0,0,0,0,0,0,0,0,2.3081,3.16303,3.18188,3.23369,3.18894,2.39053,2.35049,3.18894,3.19954,2.31987,3.79423,3.72122,2.16678,2.3446,1.78053,3.61288,3.72004,1.89358,1.87592,1.82528,0,0,0,0,0,0,0,0,0,0,0,0,3.91434,0,0,0,3.76714,0,0,0,0,0,0,0,0,1.67808,0,0,0,1.81586,
0,0,0,0,24.56,29.8204,0,0,0,0,0,0,0,0,0,0,2.66373,2.05844,2.7179,2.77443,2.75676,2.64136,2.65313,2.74145,2.67786,2.53891,2.91574,2.95813,2.98522,2.92987,2.95931,2.91692,2.12086,2.90278,2.93458,2.87452,0,0,0,0,0,0,0,0,0,0,0,0,0,0.938547,0,0,1.67101,1.02687,3.23369,0,0.748954,0,0,0,0,1.36131,0,0,0,1.5509,
0,0,0,0,36.8153,23.6321,0,0,0,0,0,0,0,0,0,0,3.01583,3.03232,2.98993,2.93929,2.97108,2.98404,2.94871,2.93222,2.9652,2.89336,3.26784,3.22545,3.27608,3.23251,2.64136,3.28904,2.6814,3.29139,3.1913,3.19954,0,0,0,0,0,0,0,0,0,0,0,0,0,1.17171,0,0,0,2.65902,1.20704,0,0,0.867891,0,1.20822,0.896154,0,0.923238,0,0,0,
0,0,0,0,27.2402,21.6537,0,0,0,0,0,0,0,0,0,0,2.83802,2.7497,2.84037,2.02194,2.03843,2.818,2.83213,1.99014,2.86863,1.80644,0,3.33143,3.29021,3.33025,3.32201,3.32319,3.2384,2.61545,3.33732,3.26077,0,0,0,0,0,0,0,0,0,0,3.93083,0,0,0,0,2.35991,0,0,0,0,0,0,0,0,1.92891,0,0,1.02687,0.978586,0,
0,0,0,0,40.9051,28.0775,0,0,0,0,0,0,0,0,0,0,2.59661,3.73064,3.70355,3.76596,3.71062,3.77774,3.71768,3.70237,3.79069,0,3.37853,3.35969,3.29846,3.30435,3.31023,3.33025,3.28904,3.34085,3.38324,3.30552,0,0,0,0,0,0,0,0,0,0,2.11615,0,0.479283,0,0,0.952678,0,1.15876,0,0,0,0,0,0,0,0,0,0,1.74638,1.52735,
0,0,0,0,33.1753,23.8864,0,0,0,0,0,0,0,0,0,0,3.06176,2.95578,3.00288,2.98286,2.95931,3.01937,3.03585,3.06058,2.97344,3.04292,2.94164,2.86157,2.9122,2.86392,2.94871,2.91927,2.95342,2.87217,2.87923,2.87099,0,0,0,0,0,0,0,0,0,0,0,1.48378,0,0,1.2777,0,0.29911,0.237875,0,0,0,3.45979,0,0,0,0,0,0,0,1.33069,
0,0,0,0,23.5697,29.6319,0,0,0,0,0,0,0,0,0,0,3.2384,3.32083,3.26077,2.72261,3.23487,3.25489,3.23369,3.2702,3.30199,3.23487,3.28904,3.34085,2.75323,3.31494,3.34909,3.34321,3.28786,3.36087,3.31848,3.29846,0,0,0,0,0,0,0,0,0,0,0,1.06102,0,1.25414,1.07279,0,0,0,0,0,1.36602,0,0,0,0,0,0,0,0,1.24001,
0,0,0,0,35.1137,36.9613,0,0,0,0,0,0,0,0,0,0,2.50004,3.06058,3.13713,3.0594,3.08178,3.07,3.14419,3.04174,3.1018,2.16561,1.93833,1.3719,1.37073,0,2.00663,2.20682,2.22095,2.1079,2.1762,2.09495,0,0,0,0,0,0,0,0,0,0,1.17996,0,0,1.40252,0,1.38368,0.272026,0,0,0,0.79488,1.42725,0,0.712448,0,0,0.816077,0,0,0.856115,
0,0,0,0,34.0067,25.8695,0,0,0,0,0,0,0,0,0,0,2.96402,3.00406,2.41172,2.92516,2.42232,2.97462,3.01348,2.92869,2.98168,3.01701,2.86863,1.65571,2.18445,2.71672,2.18092,2.91456,2.96402,0,3.00406,3.07,0,0,0,0,0,0,0,0,0,0,1.15994,0,0,0,0,0.38272,0,0.662989,1.11872,0,1.85119,0,0,2.09613,0,0,0,0,1.66866,0,
0,0,0,0,23.9465,30.8378,0,0,0,0,0,0,0,0,0,0,2.96284,3.06647,2.99346,2.17385,2.94989,3.02996,3.04645,3.04174,3.0594,3.07471,2.81682,2.49887,2.87334,2.96637,2.82388,2.86863,2.8651,2.93576,2.94047,2.88394,0,0,0,0,0,0,0,0,0,0,0.657101,0,2.63665,0.0023552,0.577024,0.79959,0.520499,0,1.16229,0,0,0,0.896154,0,1.78995,0,1.93362,0,0,0,
0,0,0,0,38.6441,33.0658,0,0,0,0,0,0,0,0,0,0,2.12086,2.75323,2.818,2.79916,2.82977,2.12086,2.8439,2.15972,2.73556,2.81917,3.1807,2.67551,3.13477,3.15244,3.09238,3.1595,3.16657,3.10533,3.08296,3.08884,0,0,0,0,0,0,0,0,0,0,0,0,0,0.403917,1.24001,0,0,0.400384,1.11283,0,0,2.53891,0,0,0,0,0,2.93811,0.843162,0,
0,0,0,0,33.4073,24.1714,0,0,0,0,0,0,0,0,0,0,2.84744,2.92751,2.88394,2.37404,2.92398,2.94164,2.81564,2.89572,2.85921,2.95695,2.82506,2.8757,2.84626,2.82388,2.87099,1.9348,2.75676,2.82035,2.88512,2.81917,0,0,0,0,0,0,0,0,0,0,0,1.40723,0,0,0,0,0.764262,0,1.75345,0,1.36837,0,0,0.718336,0,0,0,1.00332,0.798413,0.634726,
0,0,0,0,35.9568,35.3727,0,0,0,0,0,0,0,0,0,0,3.38324,2.72968,3.38678,3.47628,3.42093,3.44566,2.60956,2.70259,3.40209,3.43624,3.26195,3.18894,3.20543,3.28904,3.19483,3.23016,3.21603,3.24429,3.1913,2.65902,0,0,0,0,0,0,0,0,0,0,0,0,1.22824,0,0,0,0,1.21999,0,1.38604,0,0,0,2.44823,0,1.598,0,0,0,0,
0,0,0,0,21.0178,30.249,0,0,0,0,0,0,0,0,0,0,3.40091,3.42211,3.44448,3.4327,3.37265,3.40797,3.35852,3.36323,3.37853,3.4645,3.23722,3.24193,3.17481,2.56481,3.25724,2.62134,3.21603,3.18423,3.1913,3.25371,0,0,0,0,0,0,0,0,0,0,0.932659,0,1.598,0,0,0,0,0,0,0,0,0,0,0,1.53559,1.00449,0,0,0,2.07375,
0,0,0,0,40.9357,27.093,0,0,0,0,0,0,0,0,0,0,3.57755,3.55635,3.61994,3.06176,3.53398,3.56342,3.61052,3.52338,3.57284,3.56106,3.23133,3.2278,3.26784,3.28433,3.25724,3.20307,3.23958,3.20307,3.08649,2.61663,0,0,0,0,0,0,0,0,0,0,1.51086,1.02922,0.916173,0.787814,1.27299,0,0,0,0,0,0,0,0,0,0,5.74198,0,0,0,0,
0,0,0,0,36.8071,28.7982,0,0,0,0,0,0,0,0,0,0,3.19365,3.10769,2.63076,2.55068,3.16303,3.13713,3.09944,3.13359,3.09356,3.17599,2.58248,2.59308,1.9242,2.55421,2.54126,2.62958,2.51064,2.54126,2.4023,2.54126,0,0,0,0,0,0,0,0,0,0,0,0,0,2.38228,3.99206,0,0,0,0,2.72026,0,0.568781,0.705382,0,0.635904,0.978586,0.771328,0.902042,0.226099,0,
0,0,0,0,28.0245,29.0643,0,0,0,0,0,0,0,0,0,0,3.36911,3.45272,3.3538,3.3856,2.62016,0,3.32554,2.64371,2.6814,3.35027,2.99699,3.02525,3.07942,3.0335,2.96991,3.04056,2.24215,3.07354,3.06294,2.9758,0,0,0,0,0,0,0,0,0,0,0,1.26592,0,1.39546,0,0,1.42372,0,0,0.460442,1.4402,0,0,0.571136,0,0,0,0,0,0.940902,
0,0,0,0,33.3273,30.0323,0,0,0,0,0,0,0,0,0,0,3.4645,3.49158,3.48099,3.4068,2.80269,3.43035,3.43388,3.45155,3.51514,3.39738,3.42799,3.39267,3.41504,2.66844,2.75087,3.40562,3.42799,3.45155,3.47745,3.38678,0,0,0,0,0,0,0,0,0,0,0,5.02246,0,0,0,0,0,0,0,0,0,0,1.49202,0,1.41901,0,0,0,0,0.675942,
0,0,0,0,29.3211,28.6357,0,0,0,0,0,0,0,0,0,0,2.87805,2.89807,2.86746,2.93105,2.8286,2.95695,2.45176,2.89807,2.89336,2.87923,2.76383,2.79091,2.69435,2.72143,2.76618,2.6284,2.6708,2.71555,2.67904,2.78502,0,0,0,0,0,0,0,0,0,0,2.39053,0,0,0.809011,0.521677,0,0,0,0,0,1.69928,0,0,0.401562,0,0.906752,0.49577,0,0,0.953856,
0,0,0,0,24.9557,26.9988,0,0,0,0,0,0,0,0,0,0,2.76854,2.68257,2.72497,2.7391,2.69553,2.69199,2.69199,2.72614,2.765,2.68611,2.50476,1.99485,2.4341,2.46236,2.39288,2.25628,2.4706,2.47414,2.49416,2.48827,0,0,0,0,0,0,0,0,0,0,0.997427,0,0,0,1.36602,0,0.577024,0,0,1.2247,0,0,0,0,0,2.57659,0,2.51771,0,0,
0,0,0,0,34.2611,28.83,0,0,0,0,0,0,0,0,0,0,0,3.84957,3.82484,3.86488,3.88137,0,3.79187,3.84486,3.81542,3.9061,2.87688,2.97344,2.91103,2.89454,2.89572,2.95813,2.93576,2.87334,2.87805,2.88865,0,0,0,0,0,0,0,0,0,0,2.47532,0.882022,0,0,1.24708,0,0,0,0,0,0,1.47436,0,0,1.00332,0.459264,0,0,0,0.200192,
0,0,0,0,23.9889,22.067,0,0,0,0,0,0,0,0,0,0,2.84979,2.86628,2.81329,2.21507,2.75441,2.78856,2.83919,2.86628,2.85097,1.90771,2.84861,2.82742,2.7285,2.75794,2.84861,2.83919,2.81211,2.77207,2.71672,2.77089,0,0,0,0,0,0,0,0,0,0,0,2.04314,0,0,0,0,0.85376,0.884378,1.01745,0,1.50968,0,2.02783,0,0,0,0,0,0,0,
0,0,0,0,29.5695,20.8447,0,0,0,0,0,0,0,0,0,0,0,4.00737,3.97322,2.81093,3.95909,2.92398,2.92987,2.86392,3.91434,3.91434,3.07471,3.04881,3.09002,3.06647,3.00641,2.4129,3.01937,3.0806,3.00524,2.40113,0,0,0,0,0,0,0,0,0,0,0,3.76125,0,0,1.36955,0,0,0,0,0,0,0,0,0,1.75227,0,0,0,0,1.5615,
0,0,0,0,36.528,37.0614,0,0,0,0,0,0,0,0,0,0,2.96049,2.99699,3.00995,2.9652,3.03468,2.32694,3.06294,2.33871,2.94636,2.32929,2.20447,2.13381,2.17385,1.9348,2.32223,2.24215,2.23862,2.34931,2.2657,2.36227,0,0,0,0,0,0,0,0,0,0,0,1.75109,0.662989,0,0.158976,0,0.314419,0,0,0,0,1.31185,1.10694,0,0,0,0.41687,0,0.768973,0,
0,0,0,0,26.6738,24.3516,0,0,0,0,0,0,0,0,0,0,2.96873,2.95931,2.49416,2.9228,2.95224,2.94518,2.90514,2.84037,2.90985,2.91927,2.51889,3.40444,2.5024,3.375,2.5601,3.40797,2.48945,3.35145,3.34909,3.375,0,0,0,0,0,0,0,0,0,0,1.10577,0.415693,0,0.56407,0.203725,0.513434,0.840806,0,0,0,0,2.06669,0,0,1.11519,0,0,0,1.55325,0,
0,0,0,0,28.6416,26.0874,0,0,0,0,0,0,0,0,0,0,3.3856,3.31494,3.38678,3.37971,3.41622,3.35852,3.39502,3.33967,3.37382,3.33261,3.83427,3.92965,3.84604,3.83898,0,3.123,3.86606,3.88608,3.04998,0,0,0,0,0,0,0,0,0,0,0,0.191949,0.473395,1.0881,0,0.50048,0,0.187238,0.194304,0.373299,0,1.49555,0,0,0,1.34364,0,0,0,1.70045,0,
0,0,0,0,23.5178,36.6669,0,0,0,0,0,0,0,0,0,0,3.09473,3.0594,3.11122,3.10769,3.04998,3.04174,2.52595,3.13713,3.07118,3.12064,2.5495,3.123,2.6178,3.16539,3.19836,3.12535,3.17245,3.14301,3.19483,3.10415,0,0,0,0,0,0,0,0,0,0,0,0,0,2.40819,0,0,0,1.42136,0,0,0,0,1.16229,0.713626,0,0,2.07611,0,0,0,
0,0,0,0,22.5546,25.9943,0,0,0,0,0,0,0,0,0,0,2.86392,2.81564,2.15383,2.8651,2.82153,2.82742,2.25393,2.7968,2.77089,2.8969,0,2.91103,2.82153,0,2.83919,2.84155,2.79327,2.98993,2.89101,2.90514,0,0,0,0,0,0,0,0,0,0,0,0,0,0,2.48356,0,0,0,0,0,0,1.52028,0,1.48966,1.02569,0,0,0,1.04453,0,
0,0,0,0,36.1982,29.2857,0,0,0,0,0,0,0,0,0,0,3.08531,3.08884,3.01819,3.06765,2.40466,2.31398,3.0335,2.44116,3.10533,3.06412,2.95578,2.98875,2.94518,2.95578,2.90278,2.86275,2.89807,2.90278,2.8545,2.91338,0,0,0,0,0,0,0,0,0,0,0,0,1.31656,0,0,0,0,1.82764,0,0,0,0,0.903219,0,0,0,0,0,0.449843,2.62487,
0,0,0,0,27.0612,22.2248,0,0,0,0,0,0,0,0,0,0,3.24782,3.26313,3.22545,3.26784,3.18541,3.21249,3.19954,3.18659,3.20778,3.26195,3.59757,3.55517,3.61523,3.56577,3.54929,3.63054,3.54458,3.59404,3.54811,2.91574,0,0,0,0,0,0,0,0,0,0,4.52434,0,0,3.85546,0,0,0,0,0,0,0,0,3.63172,0,0.743066,0,0,0,0,0,
0,0,0,0,25.2937,31.5585,0,0,0,0,0,0,0,0,0,0,2.64371,3.23016,3.18305,3.12535,3.19836,3.20543,3.25724,3.15361,0,3.24076,2.51771,2.40701,2.42232,2.49533,2.41526,2.46707,2.41172,2.39524,2.46354,2.49887,0,0,0,0,0,0,0,0,0,0,2.2869,0,0,0,0,0,0,3.66351,0,0,0,0,0.398029,0,0.405094,1.35424,0,1.1199,0,0,
0,0,0,0,21.8515,25.1842,0,0,0,0,0,0,0,0,0,0,2.40937,2.43881,2.44823,2.4235,2.49887,2.47532,2.49533,2.39053,2.52242,2.49062,2.89219,2.86746,2.94047,1.99839,2.89572,2.9334,2.79798,2.78738,2.88512,2.89336,0,0,0,0,0,0,0,0,0,0,0,1.46376,0,0,0.925594,0,0,0,1.6875,0,2.54244,0,2.04314,0,0,0,0,0,0,0,
0,0,0,0,30.7518,28.1187,0,0,0,0,0,0,0,0,0,0,2.9911,3.01466,2.97815,2.92751,2.99228,2.44823,2.92634,2.92751,2.99346,2.92516,2.90985,3.02054,2.90985,2.91927,2.83331,2.96402,2.83213,3.00406,2.93105,2.92045,0,0,0,0,0,0,0,0,0,0,0,0,0,1.19291,0,0,0,1.22824,0.784282,0.158976,0,0.784282,0,0.55936,0,0.694784,1.09517,0.368589,0.493414,0,
0,0,0,0,31.6504,28.061,0,0,0,0,0,0,0,0,0,0,2.49769,2.4023,2.41644,2.47767,2.37169,2.03018,2.38817,2.39995,2.48945,2.43881,3.59992,3.03821,3.62583,3.65763,3.61876,3.66822,3.54811,3.58226,0,3.57284,0,0,0,0,0,0,0,0,0,0,0,0,0,0,0,0,0,1.71812,3.24311,0,0,2.50593,0,0,0,2.03725,0,0,0.572314,0,
0,0,0,0,29.8969,29.6473,0,0,0,0,0,0,0,0,0,0,2.81917,2.76854,2.85332,2.86746,2.818,2.82506,2.80269,2.76029,2.76736,2.79091,3.40444,3.44919,0,3.42328,3.36558,3.40797,2.72732,3.33025,3.3385,3.375,0,0,0,0,0,0,0,0,0,0,0,0,0,0,0,0,0.574669,1.42372,2.16443,0,0,1.30949,0,0.544051,0,0,0,0.20608,0,0.838451,
0,0,0,0,24.1055,41.9025,0,0,0,0,0,0,0,0,0,0,2.98404,2.97226,2.99935,3.0229,2.98168,3.02879,2.19622,2.97697,2.9228,3.02879,3.0912,3.14419,3.08767,3.11828,3.13006,3.12653,3.17952,2.56717,3.10062,2.96991,0,0,0,0,0,0,0,0,0,0,0,0,0,0,2.86746,0,0,0,1.22941,0,0,1.91596,0,0,0,0.916173,0,1.64864,1.82646,0,
0,0,0,0,20.0663,30.4857,0,0,0,0,0,0,0,0,0,0,3.01466,2.42821,3.0017,3.02643,3.04645,3.00641,3.07825,3.06647,2.99935,2.47767,3.54693,3.40444,0,3.35145,0,3.51749,0,3.54575,3.04998,3.4433,0,0,0,0,0,0,0,0,0,0,0,1.2565,1.14698,0,1.95599,0,0,0,0,0,0,0,0,0,1.27887,0,0,1.88298,0,2.11026,
0,0,0,0,28.8076,28.0893,0,0,0,0,0,0,0,0,0,0,3.3279,3.27255,3.2702,0,3.30199,3.34792,3.28904,3.24193,2.72261,3.37382,3.05587,3.05234,3.00406,3.02761,3.03939,3.08413,3.02054,3.00288,2.56246,3.07589,0,0,0,0,0,0,0,0,0,0,1.49202,0.604109,0,0.787814,0,0,0,0,1.38957,0.67712,0,0,0,0,0.771328,0,0,0,0.800768,2.50004,
0,0,0,0,21.9387,29.7214,0,0,0,0,0,0,0,0,0,0,3.2961,3.23133,3.26902,2.48238,3.23133,2.49887,3.28904,3.27844,3.23604,2.47414,3.25489,3.23958,2.4129,3.3279,3.22662,3.31612,2.40819,2.37993,2.3764,3.28786,0,0,0,0,0,0,0,0,0,0,0,0,0,0,1.86296,0,0,0,2.46943,0,0,0,0,0.482816,2.02783,0,1.83588,0,0,1.64864,
0,0,0,0,22.5605,30.3314,0,0,0,0,0,0,0,0,0,0,3.43153,3.38913,3.41504,3.40091,3.35616,3.46097,2.84155,3.43859,3.45979,3.37971,3.05823,3.03703,2.97933,2.98522,2.98757,3.07118,2.44823,3.02408,3.07,3.01701,0,0,0,0,0,0,0,0,0,0,0,0,0,0,0,0,0,0,0,2.24686,0,2.48945,0,0,0,0,0.615885,0.783104,0.64768,1.28829,
0,0,0,0,26.8399,38.9892,0,0,0,0,0,0,0,0,0,0,2.67786,2.68611,2.68375,2.72143,2.71437,2.73439,2.7285,1.97248,2.72379,2.77914,1.94186,1.85825,1.93362,1.47318,1.80291,1.3354,1.91596,1.87709,1.89358,2.08435,0,0,0,0,0,0,0,0,0,0,0,0,0,0,0,0,0,0,3.35852,2.70966,0,0,0,1.31185,3.20189,0,0,0,0,0,
0,0,0,0,24.2009,21.7185,0,0,0,0,0,0,0,0,0,0,3.16421,3.08531,2.17149,2.16914,3.10062,3.11828,3.14772,3.08296,3.07825,3.15479,2.66138,2.59896,2.65313,2.59072,2.63665,2.57423,2.50004,2.11144,2.64253,2.05256,0,0,0,0,0,0,0,0,0,0,0,0,1.0092,0,1.6192,0,0.967987,0,0,0.0894976,0,0,0,0,0,0,0,0,3.47392,4.25349,
0,0,0,0,37.357,28.5368,0,0,0,0,0,0,0,0,0,0,2.5236,2.53891,2.53537,2.334,2.5024,2.57306,2.45059,2.39877,2.04785,2.49651,3.10415,3.12653,3.07707,3.05469,3.0594,3.08531,3.05823,3.03232,3.11004,3.03821,0,0,0,0,0,0,0,0,0,0,1.52499,0,0.449843,0,0,0.743066,0.723046,0,0,0,0,0,0,2.80151,1.08928,1.05395,0,0,0,0,
0,0,0,0,34.9571,35.2986,0,0,0,0,0,0,0,0,0,0,3.40562,3.38678,3.41151,3.44448,3.45979,3.42682,3.37382,3.36323,3.39267,3.41975,3.40444,3.3856,3.39031,3.41504,3.37029,3.3644,3.35263,3.36323,2.80269,3.41622,0,0,0,0,0,0,0,0,0,0,0,0,0,0,0,0,0,3.37382,1.31185,0,0,0,0,0,0,4.02975,0,0,0,0,
0,0,0,0,25.8318,24.2609,0,0,0,0,0,0,0,0,0,0,2.61898,3.08296,3.12064,3.13713,3.05234,3.1124,3.09356,3.03114,2.99228,3.10651,2.54126,2.21036,2.54362,2.62016,2.53891,2.51889,2.54597,2.5919,2.38111,2.51889,0,0,0,0,0,0,0,0,0,0,0,0,0,2.84155,1.02216,0,0,0,2.53066,0,0,0,0,0,1.89711,0,1.57916,0,1.53441,0,
0,0,0,0,26.2381,22.0082,0,0,0,0,0,0,0,0,0,0,3.40915,3.34203,3.42328,3.3173,3.34085,3.34674,3.36323,3.38678,3.37853,3.32083,3.1807,3.12182,3.15126,3.2066,3.1489,3.17363,3.12064,3.12417,3.17952,3.17599,0,0,0,0,0,0,0,0,0,0,0,0,0,2.37757,0,0,0,0,0,0,0,1.46258,0,0,0,0,1.30949,0,2.0502,0,
0,0,0,0,35.3233,38.9421,0,0,0,0,0,0,0,0,0,0,2.55304,3.20189,3.21838,3.22545,3.28904,3.30435,3.25135,2.64253,3.28197,3.24076,3.28904,2.76383,3.28079,3.25135,3.25842,3.2961,3.27844,3.36323,3.19601,3.33967,0,0,0,0,0,0,0,0,0,0,0,0.76073,0,1.03393,2.29161,0,0,1.92302,0,0,0,3.10415,2.72379,0,0,0,0,3.95085,0,0,
0,0,0,0,27.4157,25.0264,0,0,0,0,0,0,0,0,0,0,3.05234,2.98404,3.05587,3.12182,3.02525,3.06883,3.08531,3.03821,3.09238,3.10886,3.67764,3.61641,3.59639,3.62583,3.65174,3.58932,3.6482,3.63172,3.60463,3.65998,0,0,0,0,0,0,0,0,0,0,0,1.44492,0,0,0.761907,0.439245,0,0.405094,0,0.634726,0,0,1.07162,0,0,0,0,0,1.72872,0,
0,0,0,0,38.1448,29.2186,0,0,0,0,0,0,0,0,0,0,3.03703,3.08767,3.12182,3.07942,3.07589,3.03821,3.04881,3.0912,3.06058,3.04174,1.93597,1.95011,1.94893,1.99839,1.8135,2.22213,1.64157,1.90418,1.93951,2.00663,0,0,0,0,0,0,0,0,0,0,0,0,0,1.37779,0,0,0,0,1.87474,0,0,0,0,0,0,0,0,0,0,5.65955,
0,0,0,0,21.1332,36.2548,0,0,0,0,0,0,0,0,0,0,2.03018,2.03372,2.59661,2.63076,2.73321,2.67904,2.69199,2.53184,2.66844,1.88887,2.75794,2.65431,2.73203,2.71319,2.69788,2.7391,2.70612,2.6967,2.64724,2.66962,0,0,0,0,0,0,0,0,0,0,0,0,0,0.473395,1.13285,0,1.94186,0,0.403917,0,0,3.11711,0,0,0,0,1.35424,0,0,0,
0,0,0,0,23.1493,24.5848,0,0,0,0,0,0,0,0,0,0,2.21742,2.31516,1.91596,2.19505,2.1762,2.21507,2.05373,2.21153,2.18916,2.24215,2.69199,3.63643,2.7179,3.60346,2.76383,3.67411,3.58815,3.61405,3.62348,2.77325,0,0,0,0,0,0,0,0,0,0,0,0,0,2.15972,0,2.53537,0,1.98072,0,0,3.04527,0,0,0,0,0,0,0,0,0,
0,0,0,0,26.801,29.6155,0,0,0,0,0,0,0,0,0,0,2.74734,2.58719,2.66844,2.78502,2.66373,2.67197,2.70495,2.63076,2.70141,2.72497,3.17599,3.1489,3.2172,2.61898,3.12417,3.11357,3.18423,3.18776,3.14537,3.14066,0,0,0,0,0,0,0,0,0,0,0,0,0,0,0,0,5.06368,0,1.94186,0,0,0,0,2.63547,0,0,0,0,2.23744,0,
0,0,0,0,35.1773,31.31,0,0,0,0,0,0,0,0,0,0,3.19718,0,3.17128,3.23133,3.11711,3.21367,3.11711,3.17245,3.14655,3.24311,0,2.45883,2.25981,2.31045,2.49416,2.46236,2.41055,2.52831,2.34342,2.23862,0,0,0,0,0,0,0,0,0,0,0.869069,0.478106,0,1.02333,0,0,0.359168,0.951501,0,0,0,3.13477,0,0,0,0,0,0,2.75205,0,
0,0,0,0,27.3262,24.7414,0,0,0,0,0,0,0,0,0,0,2.06433,1.70634,2.04196,1.28358,2.01487,2.00545,2.05844,1.48966,2.00074,1.36131,3.01701,2.93105,2.94871,2.9758,2.92869,2.97933,2.95695,2.90514,3.0229,2.98993,0,0,0,0,0,0,0,0,0,0,0,0,5.68545,0,0,0,0,0,3.13124,0,0,1.48142,0,0,0,0,0,1.67219,0.395674,0,
0,0,0,0,23.943,23.9112,0,0,0,0,0,0,0,0,0,0,3.10769,3.123,3.11711,2.63194,3.13124,3.10769,3.14301,3.1913,3.18659,3.15832,3.12771,2.9758,3.05234,3.02525,2.99581,3.0806,3.04645,3.04763,0,3.10651,0,0,0,0,0,0,0,0,0,0,3.4857,0,0,0,0,2.15265,0,0,0,0,1.40134,1.05513,0,0,0.627661,0,0,0,0,0,
0,0,0,0,28.525,29.7697,0,0,0,0,0,0,0,0,0,0,3.46685,3.41622,3.40326,3.38796,3.4174,3.43859,3.36323,2.85568,3.44919,3.37971,3.35263,3.36794,3.37265,3.38442,3.43388,3.41151,3.35027,3.39149,3.35263,3.36558,0,0,0,0,0,0,0,0,0,0,0,1.13285,0.535808,0,1.13874,0.714803,0,0,0,0.602931,0,3.70237,0,0,1.55914,0,0,0,0,0,
0,0,0,0,35.2774,33.6699,0,0,0,0,0,0,0,0,0,0,2.38935,2.97815,3.00877,2.41997,3.06058,3.03703,3.07,3.02996,3.09002,2.99699,2.06433,1.90065,2.05491,2.00663,2.09377,2.10908,2.0608,2.12439,2.14323,2.1397,0,0,0,0,0,0,0,0,0,0,2.24568,0,2.11732,0,0,2.04314,0,2.1868,0,0,0,0,0,0,6.05169,0,0,0,0,0,
0,0,0,0,28.0575,22.6947,0,0,0,0,0,0,0,0,0,0,3.23016,3.1807,3.17481,3.19247,3.14655,2.12086,3.21485,2.41879,3.13477,2.4235,3.18541,3.18541,2.50829,3.24076,3.16657,3.18541,3.22309,0,3.18188,2.50476,0,0,0,0,0,0,0,0,0,0,1.12225,0.847872,1.76876,0,0,0,0,0,0,0,0,0,0,2.06316,0,2.16561,0,0,0,0,
0,0,0,0,27.5653,24.3304,0,0,0,0,0,0,0,0,0,0,3.23604,3.21603,2.64489,3.24076,3.20307,3.21132,3.17834,3.19012,3.18188,2.62723,3.16421,3.13948,3.1124,3.17363,3.18659,3.14419,3.13242,3.1124,3.20307,3.11357,0,0,0,0,0,0,0,0,0,0,0.665344,0,0,1.00332,0,0,0.732467,0,0,1.52264,0,0,0,0,0,0,0,0,2.8545,3.06765,
0,0,0,0,31.4219,29.3481,0,0,0,0,0,0,0,0,0,0,2.93929,3.31848,2.88041,2.86746,3.07,0,3.07,3.17363,0,0,2.99346,2.94282,2.04902,2.95695,2.90396,2.92045,2.99581,2.95695,2.96402,2.85686,0,0,0,0,0,0,0,0,0,0,0,0,0,1.31067,0,2.23037,0,0,0,1.51322,0,0,0,0,0,1.81821,0,0,0,0,
0,0,0,0,25.1983,24.8309,0,0,0,0,0,0,0,0,0,0,2.85215,2.78738,2.77089,2.86746,2.74499,2.86628,2.83566,2.63782,2.81211,2.89219,3.02525,3.03114,3.02879,2.45059,3.04174,3.06176,3.02054,2.94989,3.02408,2.95813,0,0,0,0,0,0,0,0,0,0,0,0,0,0,0,2.98639,0,0,0,4.09569,0,0,2.50004,0,0,0,0,0,0,2.38111,
0,0,0,0,27.6383,35.7013,0,0,0,0,0,0,0,0,0,0,3.05116,2.46825,3.06412,2.48474,3.03821,3.1018,3.02172,3.0017,3.06765,3.08531,2.98639,3.07707,2.3446,3.11593,3.04174,3.12417,3.02761,3.03585,3.09002,2.43763,0,0,0,0,0,0,0,0,0,0,0,2.91692,0,2.88394,0,0,0,0,0,0.494592,0.65239,0.0730112,0,0,0,0,0,0.155443,0.496947,1.08692,
0,0,0,0,22.5534,22.0776,0,0,0,0,0,0,0,0,0,0,3.45743,3.46332,3.51985,2.84273,3.45979,3.45272,3.50925,3.46685,3.45272,3.43859,2.64136,2.68846,3.35498,3.27726,3.25489,3.32201,3.25371,3.31023,3.33967,3.2596,0,0,0,0,0,0,0,0,0,0,0,0,0,0,0,0,0,0,0,3.31965,1.72872,0,0,0,0.653568,1.17171,0,0,0,0,
0,0,0,0,26.2169,26.9023,0,0,0,0,0,0,0,0,0,0,2.54597,1.97601,2.53184,2.50476,2.50004,2.45765,2.32223,2.42821,1.95835,2.4918,2.44705,3.25018,3.26548,3.31848,3.29257,3.30317,3.25135,3.2855,3.27608,3.26077,0,0,0,0,0,0,0,0,0,0,0.898509,0,0,0,0.949146,0,0.872602,1.472,0.79017,0,0,0.633549,0,0.580557,0.395674,1.54383,0,0,0,0,
0,0,0,0,28.923,24.8379,0,0,0,0,0,0,0,0,0,0,2.86863,2.94753,2.86275,2.89101,2.8969,2.90749,2.85686,2.94871,2.90043,2.87452,2.53891,2.63311,2.54833,2.63311,2.55068,2.51182,2.58012,2.57894,2.5813,2.54479,0,0,0,0,0,0,0,0,0,0,3.08649,0,0,0,0,2.20918,0,0,0,0,0,0,1.29772,0,2.39053,0,1.21411,0,0,0,
0,0,0,0,34.1516,35.7084,0,0,0,0,0,0,0,0,0,0,3.19012,3.04645,3.2066,3.25606,3.16303,3.21132,0,3.18423,3.18305,2.61309,3.19836,2.50004,3.22427,3.16303,3.14184,2.56246,3.20307,3.12535,3.21249,2.50476,0,0,0,0,0,0,0,0,0,0,0,0,2.944,0,0,0,0,0,0,1.76993,0.827853,0.965632,1.16818,0,0,0,0,0,0,0,
0,0,0,0,35.0136,24.3151,0,0,0,0,0,0,0,0,0,0,3.01466,2.98639,3.02172,3.00641,2.95578,2.99346,3.04174,2.96166,2.97226,3.00759,2.46943,3.04174,2.94636,3.00524,2.96284,2.96755,2.97933,2.94164,3.00406,3.04645,0,0,0,0,0,0,0,0,0,0,0,0,2.41172,0,0,2.7391,0,0,0.76073,0,0,0,0,4.42189,0,0,0,0,0,1.56503,
0,0,0,0,23.6026,30.3444,0,0,0,0,0,0,0,0,0,0,2.25157,2.27748,2.89101,2.91927,2.87805,2.86275,2.88748,2.84155,2.93576,2.92045,2.75205,2.72732,2.7073,2.72497,2.27866,2.73439,2.79327,2.77325,2.28572,2.6967,0,0,0,0,0,0,0,0,0,0,0,0,0.703027,1.35424,1.76169,0,0,0,0,0,0,0,1.06337,0,0.812544,0.526387,0.944435,0,0,0,
0,0,0,0,29.904,26.5325,0,0,0,0,0,0,0,0,0,0,3.13359,3.17599,2.64489,3.1913,3.19247,3.18423,3.15361,3.13948,3.17245,3.2172,3.05823,2.57777,3.18541,3.15597,3.18188,3.15126,3.14066,3.14301,3.07118,3.10415,0,0,0,0,0,0,0,0,0,0,0,3.66705,0,0,0,0,0,0,0,0,0,0.704205,1.66395,0,0,1.09281,1.70045,1.37544,0,0,
0,0,0,0,30.1407,20.3124,0,0,0,0,0,0,0,0,0,0,3.10886,3.15244,3.08413,3.07825,3.08296,2.52242,3.09238,2.55304,3.14419,3.13359,2.86275,2.78738,2.80858,2.6602,2.03254,2.14088,2.14794,2.7756,2.83684,2.76618,0,0,0,0,0,0,0,0,0,0,0.945613,0,0,0,0,0,1.81586,0,0,0.817254,1.49555,0,1.42725,0,1.09164,0,0,0,0,1.6875,
0,0,0,0,22.2778,35.1231,0,0,0,0,0,0,0,0,0,0,3.27373,3.24076,3.27491,3.23369,3.31023,3.22074,3.28433,3.23722,3.22545,3.29728,3.45037,3.40091,3.41504,2.90278,3.45155,3.49276,3.42799,3.41975,3.47392,3.40326,0,0,0,0,0,0,0,0,0,0,0,0.983296,0,0,0,0,0,1.3354,0,0.58409,3.90021,0,0,1.48142,0,0,0,0,0,1.06337,
0,0,0,0,43.0907,36.2771,0,0,0,0,0,0,0,0,0,0,2.72614,2.75205,2.73792,2.61427,2.72261,2.73792,2.68375,2.74145,2.65667,2.5707,3.08884,3.10769,4.04977,3.99795,4.09098,0,4.00855,4.07685,3.13359,3.98264,0,0,0,0,0,0,0,0,0,0,1.53088,0,0,0,0,1.50497,0,2.86981,0,0,0,1.14816,1.09399,0,0,0,0,2.42115,0,0,
0,0,0,0,22.7618,30.3409,0,0,0,0,0,0,0,0,0,0,2.68728,2.72732,2.8074,2.7391,2.79444,2.70612,2.765,2.77089,2.69082,2.2763,1.98661,2.75558,2.75205,2.78267,2.73556,2.68846,2.70377,2.71201,2.76618,2.818,0,0,0,0,0,0,0,0,0,0,1.79348,0,0.650035,1.17171,0,0,0,0,0,1.52146,0,3.54929,0,0,0,0,0,1.041,0,0,
0,0,0,0,27.1743,35.9686,0,0,0,0,0,0,0,0,0,0,3.13242,3.14301,2.05256,3.17599,3.13124,2.40466,3.19247,2.41408,2.36698,3.20543,2.55657,2.33636,2.4341,2.48238,2.49416,2.48591,2.41055,2.48474,2.45176,2.34813,0,0,0,0,0,0,0,0,0,0,0.993894,0,0,1.5615,0,0.757197,0,1.80291,0,0,0.724224,0,0.796058,0.327373,0.666522,0.574669,0.651213,0,0,0,
0,0,0,0,38.3803,33.0564,0,0,0,0,0,0,0,0,0,0,3.39502,3.33261,2.639,3.33496,2.78856,3.36911,3.41033,3.41857,3.32554,3.3538,1.33658,1.85119,2.15972,1.80173,2.0396,2.20564,1.38604,0.939725,2.29043,2.11615,0,0,0,0,0,0,0,0,0,0,0,0,0,0,0,1.06573,0.737178,1.41312,0,0,0,0,5.02246,0,0,0,0,0,0,3.86017,
0,0,0,0,25.3737,22.6841,0,0,0,0,0,0,0,0,0,0,2.86981,2.86746,2.76618,2.80622,2.80975,2.23744,2.76265,2.78385,2.83213,2.77443,0.997427,0,0,1.19173,0,0,0,0,2.20093,2.15265,0,0,0,0,0,0,0,0,0,0,0,0,0,2.19858,0,1.97601,0,0,0,2.22684,0,0,4.83523,0,0,0,0,0,0,7.02085,
0,0,0,0,30.0005,20.4643,0,0,0,0,0,0,0,0,0,0,2.46825,2.39642,2.42939,2.48591,2.05962,2.37993,2.44234,2.41172,2.26806,2.32812,2.98522,2.99346,3.0123,2.54597,3.04056,3.00877,3.06058,3.01937,2.99228,3.02054,0,0,0,0,0,0,0,0,0,0,0,0,1.74403,0.884378,1.07162,1.28358,0,0,0,0,0,0,0,1.72989,1.77229,1.24237,0,0,0,0,
0,0,0,0,28.3884,25.9178,0,0,0,0,0,0,0,0,0,0,3.25371,2.65902,3.31377,2.68493,3.33967,3.27373,3.23016,3.29257,3.29021,3.28315,3.01466,3.07942,3.0017,3.03703,3.0912,3.04763,3.0123,3.04292,3.09827,3.0594,0,0,0,0,0,0,0,0,0,0,0,0,3.87901,0,1.68515,0,0,0,0,0,1.78877,0,0.777216,0,1.23295,0,0,0,0.806656,0,
0,0,0,0,42.0203,37.6349,0,0,0,0,0,0,0,0,0,0,2.85686,2.75205,2.83802,2.75912,2.80622,2.27159,2.75441,2.68257,2.75205,2.79091,2.10437,2.15501,2.20564,1.53559,1.23295,1.95128,1.99485,1.69339,1.26945,2.00428,0,0,0,0,0,0,0,0,0,0,0,0,0.561715,1.23295,0,0,0.620595,1.33893,0,0,0,0,0,0,4.05448,0,0,0,0,0,
0,0,0,0,28.3896,31.5726,0,0,0,0,0,0,0,0,0,0,2.72732,2.74028,2.81446,2.75558,2.76736,2.7968,2.82388,2.78031,2.84273,2.82388,2.37404,2.39877,3.32554,0,0,2.36933,2.28454,2.36815,2.55421,3.36323,0,0,0,0,0,0,0,0,0,0,0.820787,0,0,1.6192,0,0,0.745421,0.390963,0,0,0,0,0,0.518144,0.983296,0,0,1.18584,1.33069,0,
0,0,0,0,23.1457,23.393,0,0,0,0,0,0,0,0,0,0,3.13948,3.20307,2.4918,2.5024,3.16774,3.18776,3.22662,3.17952,3.13359,2.55304,0,3.09356,3.13948,2.38228,3.13124,2.51182,3.10298,3.09709,3.1595,3.1595,0,0,0,0,0,0,0,0,0,0,0,0,0,0,1.13874,0,0,0.221389,0,1.05395,0,0.918528,0.41216,0,0.999782,0,0,0,0.461619,1.10577,
0,0,0,0,28.2483,30.1831,0,0,0,0,0,0,0,0,0,0,3.30906,3.28433,3.20896,3.249,3.23722,3.29492,3.21485,3.26431,3.21249,3.24193,2.92398,2.98639,2.97462,2.94518,2.88276,2.90985,2.97462,2.91927,2.87099,2.95224,0,0,0,0,0,0,0,0,0,0,0,0,0,0,0,0,0,0,3.501,0,0.26025,0,2.32812,0.798413,0,0.673587,0,0,0,0,
