0,0,0,0,0,0,2.88276,3.54222,3.55517,3.52691,2.84273,3.52456,2.83802,3.52338,3.52338,3.52338,3.67529,2.96402,3.67293,3.69295,2.56246,3.68353,3.67882,3.68353,2.96284,3.69531,2.48238,3.75419,2.88394,3.76008,3.77656,3.77068,2.88512,2.88276,3.76361,2.88276,2.88394,3.53633,3.5434,3.51867,3.52338,2.48238,3.52338,3.52338,3.52338,2.88394,2.84273,3.38207,3.38678,3.38207,3.40326,2.80269,3.40326,3.40326,3.36911,3.36323,2.88276,3.39502,3.38324,3.41622,3.40444,3.40444,3.39855,3.40562,3.40326,3.40562,
0,0,0,0,0,0,2.48238,3.42446,3.43153,3.41857,2.84273,3.43388,3.41386,3.4433,3.39855,3.40326,3.40326,3.44566,3.40326,3.41268,3.40326,3.40326,3.40326,2.84273,2.84273,3.40326,2.9228,3.49747,3.50454,2.9228,3.48334,3.49394,3.51278,3.48452,3.48334,3.48452,2.89572,3.50572,3.49629,3.50689,3.48452,3.49747,3.48334,3.48334,3.48334,2.88394,2.87805,3.45626,3.45626,3.45272,3.46332,3.46803,3.44566,3.4433,3.48334,2.88394,2.88512,3.46921,3.4433,3.44801,2.88276,3.43977,3.4433,3.4433,3.43859,3.42328,
0,0,0,0,0,0,2.9228,3.42211,3.43388,3.43035,3.4433,3.45037,3.4433,3.4433,3.40326,3.40326,3.55282,3.5646,3.56342,3.56342,3.56342,3.56342,3.56342,2.88276,2.88276,2.88276,3.20307,3.8484,0,3.85546,3.85546,3.84957,3.82602,3.83898,3.20307,3.84486,2.88276,3.41622,3.40209,3.39031,3.40326,3.40326,3.36323,3.40326,3.40326,3.40326,2.9228,2.9228,3.58344,3.58108,3.59521,3.56224,3.59875,3.5646,3.56342,2.56599,2.84273,3.48923,2.84508,3.50336,3.48099,3.50218,3.48334,3.50807,3.48099,2.84273,
0,0,0,0,0,0,2.84273,2.84273,3.68118,3.64349,3.67411,2.52242,2.84273,3.64349,3.64349,3.64349,2.84273,3.52573,3.52338,3.52691,3.51514,3.5434,3.52338,2.68375,2.84508,3.53633,2.88276,2.84273,3.58226,3.56106,3.55871,3.55753,3.56342,3.55871,2.48356,3.56342,2.60367,3.08413,3.6482,3.65527,3.6588,3.52338,3.66469,3.63407,3.65292,3.66234,2.9228,3.61288,3.57873,3.58461,2.9228,2.52242,3.60699,3.59992,3.60346,3.60346,3.24311,4.03917,3.24311,4.07685,4.04152,4.04977,0,3.83898,4.05919,3.24311,
0,0,0,0,0,0,2.88394,3.36558,3.38796,3.36323,3.3962,3.3644,3.3644,3.36323,3.35852,3.36323,3.44801,3.43506,3.42446,3.4327,3.4433,3.4433,3.40915,3.4433,2.88394,3.42211,2.9228,2.96284,3.58697,3.57284,3.59286,2.96284,3.56813,3.56342,3.56342,3.56342,2.9228,3.53987,3.5434,3.55517,3.53987,3.56577,2.9228,3.56224,3.56813,3.56342,2.84273,3.32436,3.34909,3.3538,3.36087,3.36323,3.36323,3.36323,3.36323,3.32319,2.88276,3.53869,3.54222,3.53633,3.55635,3.54693,2.84273,3.56342,2.8439,3.52927,
0,0,0,0,0,0,2.88276,3.42211,3.44566,3.43977,3.43859,3.4433,3.4433,3.4433,3.40326,3.40915,3.53869,3.53869,2.94989,3.54458,3.54811,3.56342,3.554,3.56342,2.96284,3.57402,2.84273,3.42564,3.43035,3.39973,3.40326,3.42564,3.40326,3.40326,2.84273,3.40326,2.84273,3.45626,3.45272,2.84273,3.42211,3.42328,2.80269,3.4433,3.42564,3.4433,2.88276,3.42682,3.43624,3.4433,2.88276,3.40326,3.40326,3.40326,3.40326,3.40326,2.96284,3.53633,3.49747,3.52338,3.00288,3.52338,3.52338,3.52338,3.52809,3.52338,
0,0,0,0,0,0,2.84273,3.34438,3.34909,3.31141,3.32319,3.32319,3.32319,3.32319,3.32672,3.32319,3.80718,3.79776,3.77892,3.78363,3.78834,3.7954,2.96284,2.9652,2.56599,2.96284,2.56246,3.49629,3.52456,3.501,3.52338,3.50572,3.51043,2.9228,3.48334,3.51867,2.56246,3.57284,3.56695,3.56106,3.56813,3.55753,2.84273,3.54929,3.56342,3.55871,2.88276,3.50454,3.50925,3.47392,3.48334,3.48334,3.48334,3.48334,2.88276,2.88276,2.88276,3.43153,3.45979,3.43977,3.4433,3.4433,3.4433,3.4433,2.88748,3.4433,
0,0,0,0,0,0,0,3.82249,3.80483,3.80365,3.24311,3.8166,3.84369,3.83662,3.82013,3.80365,3.53869,3.5434,3.54458,3.56342,3.57166,2.56246,3.54929,3.56342,2.9228,3.57166,2.84273,3.49629,3.45861,3.46214,3.45979,3.4645,3.48099,3.48334,2.48238,3.48923,2.84273,4.00148,2.84273,2.80269,3.99324,2.84273,4.01915,2.8439,2.84273,4.01091,2.9228,3.54575,3.5328,3.55871,3.53044,2.9228,3.52338,2.9228,3.52338,3.52573,2.9228,3.54929,3.55635,2.56246,3.55871,3.554,3.52338,3.56342,3.56342,2.88276,
0,0,0,0,0,0,3.54458,3.57166,2.96284,3.54575,3.56342,3.5328,3.56106,3.53987,3.56342,3.54811,3.85546,2.80151,3.86017,2.80387,3.87666,3.87195,3.85428,2.80269,2.84273,3.85311,3.51396,3.51514,3.52102,2.84979,3.53044,3.54222,3.50454,3.51278,3.51749,3.52338,3.32201,3.2855,3.29964,3.28315,3.29728,3.29728,3.31377,3.28315,3.28315,3.28079,3.43741,3.3962,3.39031,3.42799,3.41386,3.37382,3.43506,3.40326,3.36323,3.36087,3.37029,3.3538,3.37971,3.38796,3.36558,3.37029,3.36911,3.37029,3.35852,3.33967,
0,0,0,0,0,0,2.6025,3.58344,3.60346,3.58344,3.57519,3.57873,3.57048,3.60346,3.58815,3.60346,3.5646,3.56577,3.55635,3.56224,3.55753,3.55046,3.56106,3.5646,3.53869,3.54222,3.60581,3.59521,3.60817,3.57519,3.57048,3.56931,3.02172,3.58697,3.60346,3.59286,3.38324,3.38913,3.40326,3.40444,3.37147,3.38796,3.37618,3.39384,3.36323,3.35263,3.49041,3.52338,3.52338,3.40091,3.36323,2.94047,3.33496,2.9546,3.32436,3.35145,3.35027,3.34085,3.35969,3.36558,3.33261,3.36087,3.33732,3.34674,3.3644,3.36323,
0,0,0,0,0,0,3.00288,3.58344,3.57166,3.57284,3.54575,3.56342,3.56342,3.57284,3.54811,3.00288,3.51867,3.49983,3.51631,3.52456,3.48805,3.48334,3.5116,3.48805,3.52809,3.52809,3.37853,3.38796,3.38324,3.36323,3.37147,3.37265,2.94753,3.34674,3.36323,3.35145,3.60934,2.96284,3.60699,3.58226,3.58108,3.60346,3.60346,3.55635,2.57659,3.58344,2.84273,3.58932,3.554,3.57755,3.57637,3.55871,3.55871,2.84037,2.8439,3.56342,3.58108,3.61052,3.57048,3.60463,3.60581,3.58344,3.58932,3.57048,3.6011,3.55164,
0,0,0,0,0,0,3.50454,3.50689,3.49276,2.9228,3.49394,3.46803,3.46921,3.46332,3.43153,2.91338,3.5646,3.57048,3.57755,3.54811,3.55164,3.56342,3.56577,3.54929,3.54458,3.55871,3.53633,3.51043,3.50454,3.50925,3.52338,3.52338,3.52338,3.50454,3.51749,3.48334,3.52927,3.5222,3.52456,3.54811,2.92398,3.52456,3.52338,3.50925,3.53633,2.94164,3.34321,3.32319,3.32319,3.3173,3.3067,3.32319,3.32319,2.84273,3.30199,3.33496,2.88276,2.48356,3.67529,3.70708,3.66469,2.88276,3.38207,3.66822,3.67176,2.88276,
0,0,0,0,0,0,3.55988,3.55282,3.5434,3.56224,3.54929,3.54693,2.94518,3.51631,2.90749,3.33732,3.68942,2.98404,3.67764,3.67411,3.67882,2.59072,3.56813,2.96284,3.68,3.6906,2.80387,2.79209,3.26784,3.28904,3.2855,3.28315,3.28315,3.28315,3.24429,3.27844,2.92398,2.9228,3.55282,3.54458,3.55753,3.52691,3.52338,3.50689,3.53516,3.52338,3.57048,3.55046,3.57755,3.54575,3.57519,3.56342,3.55282,3.55282,3.55282,3.04292,3.08296,3.82013,3.08296,3.83309,3.81896,3.81542,3.81425,3.83427,3.84133,3.80483,
0,0,0,0,0,0,3.42682,3.45979,3.41504,3.42917,2.93693,3.44448,3.42564,3.43741,3.4433,3.42682,3.51867,3.49276,3.50454,3.49629,3.49629,3.48334,3.50336,3.49512,3.49865,3.49394,3.47863,3.4645,3.4857,3.45743,3.47981,3.47863,3.38913,3.43741,3.47274,3.4433,3.63761,3.61994,3.60346,3.60228,3.63054,2.97697,3.6117,2.6025,3.62701,3.62465,3.42211,3.39149,3.41386,3.40326,3.42328,3.41504,3.3962,2.9228,3.31141,3.40326,2.9228,2.88276,3.52691,3.54693,3.51631,3.51278,3.5116,3.53516,3.53516,3.53987,
0,0,0,0,0,0,3.38678,3.39502,3.37382,3.36794,3.36323,3.36087,3.33614,3.36794,3.33614,3.36323,3.54811,3.52338,2.68257,3.52927,3.52573,3.5222,3.53162,3.53751,3.08296,3.55282,2.96402,3.76714,2.94753,3.77421,3.79658,2.96402,3.78363,3.76714,2.96402,3.78952,3.92847,3.93436,3.93672,0,3.90845,3.2172,3.93318,3.89668,3.88844,3.22191,2.80387,3.6223,3.64114,3.62348,3.60699,3.63172,3.63996,2.765,3.6011,2.76618,3.48452,3.45743,3.48216,3.45861,3.48687,3.48334,3.45508,3.4751,3.4433,2.96284,
0,0,0,0,0,0,3.47039,3.45743,3.47274,3.48334,3.0229,3.46921,3.47628,3.47628,3.48452,3.48334,3.46685,3.4751,3.45155,3.46803,3.47628,3.48334,3.45743,3.45272,3.47392,3.4539,2.8863,3.4539,3.42211,3.42211,3.42682,3.4539,3.45037,3.44566,3.44801,3.44095,3.75537,3.72357,3.77185,3.75537,2.90749,2.84273,3.74359,3.72946,2.82153,2.88041,3.39267,3.41622,3.40915,3.39973,3.40326,3.40326,3.41033,3.39855,3.38796,3.38913,3.65174,2.96284,3.60934,3.61994,3.63525,3.64349,2.9228,3.60463,3.61876,2.96166,
0,0,0,0,0,0,2.6025,3.63054,3.61641,3.62465,3.00288,3.6223,3.63761,3.60581,3.64232,3.60228,3.61288,3.62936,3.60346,3.61994,3.00877,3.62819,3.58461,3.01112,3.63407,3.63761,3.57755,3.5905,3.55871,3.55988,3.56106,3.55871,3.56106,3.58344,3.00288,3.54222,3.00406,3.51043,3.5116,3.52456,3.51043,3.5222,3.48334,3.48334,3.49276,3.51631,2.9228,3.49629,3.51043,3.51867,3.53044,3.52809,3.52338,3.51631,2.9228,3.50336,2.88276,3.41033,3.4174,3.40326,3.41268,3.41504,3.43153,2.85921,3.40326,3.40915,
0,0,0,0,0,0,3.55164,3.57519,3.53398,2.60367,3.54811,3.55164,3.54929,3.53044,3.53633,3.52338,3.45626,3.4433,3.44919,3.45861,3.47628,3.45155,3.43859,3.4433,3.4645,3.46568,2.96284,3.62112,3.59992,3.60346,3.6117,3.61405,2.92516,3.59992,2.6025,3.6117,2.88865,3.50689,3.50218,3.52927,3.5222,3.50454,3.49512,2.89454,3.51985,3.49865,3.54575,3.51867,3.54811,3.54929,2.90161,3.54693,3.52102,2.9228,3.52338,3.5434,3.5905,3.59286,3.58932,3.58932,3.00288,3.60346,3.60346,3.00288,3.56931,3.57048,
0,0,0,0,0,0,3.45508,3.48334,3.43977,3.4539,3.45508,3.44566,3.45861,3.45508,3.44212,3.45037,3.29375,3.25842,3.29139,3.26902,3.26313,3.26902,3.27137,3.27137,2.76265,3.26548,3.34674,3.31377,3.33967,3.32672,3.30552,3.30081,3.30788,3.30788,2.78856,3.32436,3.50925,3.50807,3.51396,3.0017,3.50689,3.51278,3.51867,3.52573,3.52338,3.52338,3.64114,3.62819,3.63878,3.63054,3.61876,3.64349,3.61876,3.0335,3.61641,3.06883,3.61405,3.62348,3.59521,3.58108,3.61876,3.60346,3.57873,3.60934,3.50336,3.53869,
0,0,0,0,0,0,3.35852,3.33496,3.32672,3.33143,3.32201,3.33143,3.32908,3.3173,3.33614,3.2855,3.45272,3.45743,3.43506,3.44566,3.45508,3.40326,3.42211,3.42682,3.41386,3.48334,3.47156,3.46921,3.50218,3.47745,3.46568,3.48687,3.49394,3.48805,3.46568,3.48687,3.44212,3.46332,3.44212,3.43741,3.4327,3.4645,3.44095,3.4433,3.42328,3.41975,3.42682,3.42211,2.92398,3.40326,3.41857,3.40326,3.41268,3.38678,3.40326,3.39031,3.4068,3.4174,3.42799,3.42446,3.40797,2.94164,3.39973,3.4327,3.39149,3.4068,
0,0,0,0,0,0,3.59875,3.58226,3.56931,3.06529,3.04056,3.55753,3.59286,3.58461,3.58461,3.55988,3.52102,3.52338,3.51749,3.55164,3.52338,3.52338,3.54575,3.50925,3.54104,3.53516,3.28904,3.29846,3.26077,3.26195,3.28433,3.26077,3.27491,3.28904,3.28315,3.2596,3.48452,3.4751,3.48452,3.47863,3.49158,3.47156,2.90632,3.30552,3.4751,3.49512,3.29964,3.28786,3.2855,3.29021,3.29846,3.29375,2.74028,3.31141,3.27491,3.27608,3.33967,3.33732,3.34438,3.35616,3.34203,3.33261,3.31965,3.34438,3.3385,3.34321,
0,0,0,0,0,0,3.42328,3.41857,3.43741,3.46097,3.42211,3.42446,3.41386,3.41975,3.41975,3.40326,3.32201,3.33496,3.31965,3.31612,3.34438,3.32436,3.33496,3.33025,3.3173,3.34792,3.20896,3.2278,3.23604,3.20307,2.7862,3.21838,3.20307,3.2066,3.22191,3.20307,3.65527,3.71886,3.65763,3.67529,3.1807,3.64938,3.65292,3.5905,3.64467,3.65292,3.53987,3.54222,3.54104,3.52338,3.5434,3.54693,3.5222,3.52102,3.54811,3.5116,3.75419,3.74124,3.74712,3.0229,3.73652,3.70708,3.71886,3.73417,3.7271,3.7483,
0,0,0,0,0,0,3.51396,3.53751,3.53751,3.53869,3.50689,3.50925,3.50336,3.5116,3.5222,3.50689,3.34556,3.31259,3.30317,3.32083,3.30788,3.31965,3.31848,3.32436,3.34909,3.34792,3.76832,3.13124,3.77068,3.77185,3.80365,3.78598,3.77539,3.65174,3.7801,3.7695,3.5222,3.52338,3.51278,3.49865,2.92398,3.48923,3.49041,2.9228,3.52102,3.48334,3.37382,3.37971,3.37853,3.40797,2.92634,3.37736,3.38324,3.3644,3.3962,3.375,3.29139,3.27255,3.24193,3.26902,3.24547,3.26784,3.22074,3.24547,3.22427,3.2172,
0,0,0,0,0,0,3.28904,3.29021,3.25842,3.25253,3.26548,3.27962,3.27962,3.28433,3.28197,3.21485,3.35145,3.36323,3.36323,3.36323,3.36087,3.34556,3.3644,3.34321,3.35027,3.36676,3.43388,3.43388,3.4433,3.43741,3.42799,3.43153,3.43741,3.43977,3.43388,3.44448,3.35027,3.35616,3.35969,3.34321,3.35969,3.33379,3.35616,3.35616,3.33967,3.36323,3.62112,3.62583,3.62819,3.60699,3.62348,3.61994,3.61288,3.06765,3.6117,3.60346,3.41857,3.43741,3.43035,3.42564,3.40915,3.44095,3.43624,3.40915,3.42682,3.43977,
0,0,0,0,0,0,2.92751,2.98286,2.88983,2.94518,2.87334,2.89336,2.9228,2.91809,2.88394,2.88276,3.6011,2.98051,3.61052,3.5905,3.60581,3.57284,2.91692,3.60934,3.57873,3.59992,3.46568,3.47156,3.50689,3.47274,3.4857,3.48923,2.93458,3.48452,3.49158,3.47039,3.64232,3.59168,3.61876,3.63878,3.61759,3.59404,3.56695,3.6117,3.64349,3.59404,3.52573,3.51514,3.50807,3.51278,3.50454,3.52338,2.99817,3.49041,3.52102,3.52338,3.37265,3.37971,3.37618,3.38913,3.40209,3.3856,3.3644,3.40209,3.36676,3.37736,
0,0,0,0,0,0,3.24664,3.30317,3.25489,3.29728,3.27962,3.24193,3.27137,3.25253,3.26784,3.27373,2.38582,3.0594,3.14184,3.04292,3.07942,3.04292,2.44705,3.04292,3.09238,3.09473,3.50572,3.45508,3.43388,2.8863,3.46685,3.44448,3.42799,3.4174,3.42564,3.47392,3.28315,3.25724,3.34556,3.27255,3.33143,3.28668,3.25724,3.27255,3.25253,3.3067,4.13102,4.12867,4.10629,4.10276,4.06508,3.53162,4.12631,4.09687,3.48452,4.1216,3.22191,3.23958,3.24311,3.24664,3.23133,3.24311,3.22191,3.22191,3.23958,3.21485,
0,0,0,0,0,0,3.50572,3.5116,3.50454,3.50336,3.04056,3.53162,3.51043,3.49158,3.52456,3.52338,3.38796,3.39738,3.38207,3.38324,3.40444,3.39267,3.37265,3.35616,3.40797,3.37618,3.50925,3.49747,3.5116,3.50336,3.49747,3.4857,3.48687,3.46803,3.4751,3.50336,3.42446,3.42917,3.41033,3.41151,2.73321,3.39384,3.41975,3.42564,2.74145,3.40091,3.4327,3.43506,3.39738,3.43388,3.42682,3.39267,3.40209,3.40444,3.39384,3.38796,3.42799,3.40326,3.40326,3.40562,3.41151,2.88276,3.38324,3.41504,3.3856,3.38089,
0,0,0,0,0,0,3.46685,3.51985,3.4174,3.42682,3.4174,3.49041,3.4433,3.4327,3.4645,3.47745,3.48099,3.50336,3.46803,3.48923,2.85921,3.48099,3.46568,2.88276,3.47863,3.49394,3.24076,3.20307,3.22662,3.25018,3.22545,3.26313,3.24193,3.24547,3.23016,3.20778,3.57048,3.55046,3.51867,3.53516,3.5328,3.50689,3.50689,3.51278,3.52338,3.51514,3.32201,3.30081,3.30906,3.32436,3.3067,3.32319,3.31259,3.2855,3.30788,3.29728,3.00288,3.63054,3.73417,3.66587,3.69295,3.68,3.68707,3.04292,3.6906,3.63525,
0,0,0,0,0,0,3.55164,3.54104,3.56813,3.55871,3.53398,3.56342,3.54929,3.54693,3.5328,3.53516,3.0912,3.68942,3.71062,3.69649,3.58815,3.64349,3.69884,3.68471,3.72122,3.68824,3.48216,3.45272,3.48216,3.44212,3.47863,3.4433,3.47039,3.44919,3.45743,3.45743,3.54929,3.54222,3.55988,3.55517,3.56813,3.56342,3.54693,3.55517,3.52456,3.55988,3.57873,3.5799,3.58579,3.58932,3.56577,3.00759,3.56342,3.57873,3.0123,3.58815,3.57166,3.57166,3.61052,3.58344,3.60699,3.60228,3.59875,3.57166,3.59639,3.59639,
0,0,0,0,0,0,3.54222,3.51867,3.52338,3.52338,3.53162,3.54811,3.52102,3.5328,3.53869,3.04292,3.53751,3.53516,3.56342,3.5434,3.52927,3.52691,3.5434,3.52809,3.55517,3.56224,3.53162,3.54929,3.55164,3.55753,3.53751,3.54575,3.55046,3.55635,3.52691,3.53987,3.53751,3.52456,3.54575,3.52102,3.54222,3.51985,3.51278,3.54222,3.5116,3.52338,3.53633,3.51867,3.54458,3.52338,3.5328,3.5434,3.52338,2.99699,3.501,3.53987,3.69884,3.70237,3.69295,3.67764,3.70708,3.68353,3.68471,3.67058,3.67411,3.68942,
0,0,0,0,0,0,3.67176,3.64232,3.66469,3.67058,3.65174,3.66351,3.63407,3.64467,3.64349,3.6588,3.69295,3.72122,3.70944,3.68353,3.68236,3.7012,3.69295,3.69884,3.69766,3.70591,3.59521,3.60346,3.62819,3.62819,3.60346,3.59992,3.05705,3.60463,3.59286,3.5905,3.36087,3.36794,3.3644,3.3644,3.35616,3.36911,3.375,3.37265,3.34321,3.34438,3.48216,3.48805,3.47156,3.48216,3.49629,3.46332,2.98404,3.50454,3.46685,3.44448,3.69178,3.70355,3.69884,3.67058,3.14301,3.67176,3.70237,3.68353,3.69766,3.65292,
0,0,0,0,0,0,3.44801,3.42917,3.4327,3.4174,3.43035,3.44801,3.41151,3.40797,3.41033,3.43388,3.52102,3.51867,3.51985,3.501,3.48334,3.49394,3.48687,3.5116,3.51043,3.50689,3.39855,3.39855,3.37382,3.37029,3.38678,3.36558,3.38324,3.38913,2.84037,3.36205,3.66587,3.63996,3.64703,3.10298,3.65763,3.6588,3.6694,3.66705,3.64232,3.64938,3.47039,3.47156,3.45155,3.44448,3.44801,3.46921,3.47392,3.37853,3.46332,3.46214,3.76243,3.78716,3.76832,3.79069,3.79187,3.76832,3.78952,3.76361,3.78834,3.76714,
0,0,0,0,0,0,3.59875,3.5799,3.56813,3.55988,3.56106,3.55753,3.5646,3.56342,3.5646,3.57048,3.94732,3.93554,3.94496,3.93672,3.29846,3.93789,3.92376,3.92376,3.92494,3.93201,3.61641,3.01937,3.6117,3.60699,3.6011,3.60463,3.59168,3.60346,3.58579,3.60346,3.56577,3.55164,3.5646,3.56106,3.55164,3.52573,3.55753,3.52456,3.52338,3.53751,3.38324,3.36323,3.375,3.38678,3.38442,3.38324,3.37618,3.3856,3.38678,3.36323,3.41504,3.39149,3.38913,3.39149,3.37618,3.39738,3.39031,2.8969,3.39738,3.37382,
0,0,0,0,0,0,3.52102,3.52456,3.5222,3.51396,3.53869,3.53162,3.50572,3.52338,3.50572,3.51867,3.56931,3.57166,3.56224,3.57166,3.55282,3.56577,3.55988,3.57048,3.58108,3.56224,3.61994,3.60346,3.62465,3.60817,3.58815,3.6011,3.61876,3.60346,3.60228,3.57519,3.6329,3.61994,3.60934,3.63996,3.61759,3.63525,3.61052,3.60228,3.62348,3.63172,3.40326,3.43977,3.4068,3.42682,3.4174,3.42211,3.3962,3.43388,3.43153,3.38089,3.46921,3.47628,3.49983,3.49512,3.48687,3.48334,3.46921,3.47745,3.47039,3.46332,
0,0,0,0,0,0,3.77656,3.77656,3.75772,3.20425,3.20307,3.76479,3.77774,3.79187,3.78716,3.76361,3.60934,3.60463,3.57637,3.60346,3.60346,3.58226,3.56577,3.59639,3.58697,3.57519,3.66469,3.66234,3.62701,3.67647,3.63054,3.63878,3.64349,3.63054,3.62348,3.6117,3.53987,3.53987,3.54811,3.55753,3.52456,3.54222,3.53987,3.52809,3.5434,2.99346,3.63996,3.64585,3.61052,3.62112,3.64349,3.60934,3.02408,3.62701,3.62701,3.60346,3.46097,3.46332,3.48334,3.52102,3.46332,3.46332,3.47863,3.46332,3.46803,3.47863,
0,0,0,0,0,0,3.7801,3.74477,3.74006,3.75654,3.74359,3.74241,3.11357,3.74359,3.7271,3.0806,3.52102,3.55635,3.54929,3.53398,3.52691,3.53869,3.00052,3.51985,3.554,3.54458,3.49158,3.48805,3.46332,3.47628,2.96284,3.46332,3.46803,3.47156,3.45155,3.48216,3.54575,3.53751,3.54811,3.51278,3.00052,3.54222,3.52573,3.48805,3.53044,3.51396,3.69884,3.66587,3.67529,3.68589,3.68118,3.68353,3.69178,3.68353,3.68353,3.67764,3.60817,3.58226,3.59286,3.61994,3.61876,3.61523,3.58344,3.6011,3.60346,3.60346,
0,0,0,0,0,0,3.48334,3.46803,3.48216,3.49512,3.4645,3.48452,3.51278,3.46332,3.46921,3.4539,3.6223,3.65292,3.61759,3.62348,3.63525,3.61994,3.6223,3.63878,3.63643,3.62819,3.55871,2.97462,3.58461,3.56224,3.57637,3.58108,3.55164,3.5799,3.57402,3.57519,3.61288,3.61523,3.5905,3.61052,3.57873,3.58697,3.58344,3.60228,3.60346,3.56813,3.44684,3.4433,3.47863,3.45979,2.93693,3.45272,3.45979,3.4433,3.46568,3.4433,3.67764,3.71062,3.71297,3.6482,3.67411,3.6694,3.16421,3.68236,3.68118,3.70002,
0,0,0,0,0,0,3.46214,3.50689,3.51043,3.50925,2.97697,3.50336,3.49983,3.49983,3.49276,3.50572,3.57284,3.56342,3.54222,3.54575,3.54693,3.56695,3.54693,3.55988,3.56342,3.56577,3.38324,3.38089,3.38913,3.39031,3.3962,3.40444,3.3962,3.4068,3.39855,3.37147,3.51631,3.51749,3.51396,3.49747,3.49747,3.51396,3.52338,3.49158,3.50807,3.52338,3.58461,3.54575,3.54811,3.56813,3.56931,3.55517,3.554,3.56224,3.55635,3.55988,3.73181,3.69178,3.70473,3.69649,3.70944,3.69178,3.70944,3.71533,3.68353,3.70355,
0,0,0,0,0,0,3.68,3.67529,3.69531,3.67647,3.68118,3.67882,3.67764,3.68353,3.68353,3.68353,3.84604,3.86371,3.86135,3.85782,3.8743,3.8378,3.84369,3.84369,3.87195,3.8743,3.82484,3.81425,3.84369,3.8166,3.84722,3.82367,3.8378,3.80365,3.80365,3.81307,3.69178,3.70002,3.69295,3.68236,3.67529,3.66587,3.67647,3.68353,3.65174,3.67058,3.56342,3.55164,3.57402,3.55164,3.53869,3.55988,3.5434,3.56342,3.55164,3.53751,3.52927,3.53751,3.52573,3.51043,3.5116,3.53044,3.52691,3.53162,3.5222,3.53162,
0,0,0,0,0,0,3.75183,3.76832,3.74241,3.74359,3.16303,3.76479,3.74359,3.74595,3.75654,3.7483,3.59639,3.58815,3.58108,3.58226,3.57284,3.55517,3.56342,3.56813,3.59875,3.58226,3.66351,3.66116,3.65292,3.65174,3.66469,3.67293,3.68471,3.65998,3.68118,3.65292,3.58461,3.58815,3.59404,3.57873,3.60228,3.60346,3.60346,3.58697,3.59639,3.56342,3.7271,3.70237,3.70944,3.71062,3.70237,3.71062,3.72475,3.70591,3.71062,3.7118,3.68824,3.66116,3.66469,3.6694,3.64114,3.65763,3.66116,3.64232,3.64349,3.64349,
0,0,0,0,0,0,3.57873,3.56577,3.58108,3.57284,3.56342,3.59875,3.56931,3.59757,3.57519,3.55635,3.66705,3.64938,3.65409,3.68353,3.6482,3.64349,3.64232,3.67058,3.66469,3.65292,3.58344,3.58697,3.57166,3.5799,3.55988,3.55282,3.58226,3.5905,3.00052,3.57402,3.75183,3.74712,3.72004,3.1489,3.73299,3.72593,3.72357,3.7271,3.73652,3.74241,3.49983,3.51043,3.47392,3.50218,3.47392,3.49158,3.48334,3.49276,3.49747,3.4751,3.76008,3.75772,3.7271,3.72475,3.71297,3.75301,3.75066,3.16303,3.72593,3.71768,
0,0,0,0,0,0,3.38324,3.37971,3.37618,3.40915,3.37382,3.39384,3.40326,3.39267,3.36323,3.37382,3.70237,3.70237,3.68942,3.68,3.70826,3.70708,3.68353,3.68353,3.69531,3.69884,3.74595,3.12064,3.77539,3.75654,3.74477,3.77068,3.76596,3.73299,3.74006,3.72357,3.87784,3.90492,3.88726,3.89668,3.87548,3.88372,3.88372,3.88255,3.88372,3.89197,3.60346,3.58108,3.58461,3.56931,3.05234,3.59639,3.56342,3.58226,3.56342,3.56342,3.93318,3.94143,3.9426,3.96262,3.92965,3.95791,3.92259,3.9167,3.92376,3.94143,
0,0,0,0,0,0,3.66351,3.66587,3.68589,3.68471,3.67529,3.68353,3.68353,3.68471,3.64467,3.6588,3.68236,3.71886,3.69884,3.68824,3.11357,3.69766,3.68353,3.68353,3.71651,3.70355,3.85075,3.84957,3.30435,3.88608,3.87077,3.86371,3.88372,3.84369,3.84133,3.85193,3.64938,3.65527,3.63407,3.64585,3.66234,3.64349,3.65056,3.65056,3.64349,3.64349,3.61288,3.61641,3.62465,3.61994,3.62465,3.60228,3.6223,3.60346,3.59404,3.60346,3.62936,3.61759,3.62583,3.61759,3.59286,3.60463,3.59404,3.0806,3.59639,3.60463,
0,0,0,0,0,0,3.83073,3.86842,3.84369,3.20307,2.84273,3.86606,3.82956,3.82602,3.82367,3.859,3.84486,3.81307,3.82838,3.83898,3.84251,3.82013,3.83898,3.83427,3.81542,3.82249,3.64114,3.62583,3.6223,3.64349,3.64349,3.61405,3.6329,3.61405,3.56813,3.62465,3.7695,3.79776,3.77303,3.75419,3.76361,3.77892,3.75772,3.74948,3.75772,3.15126,3.8378,3.85782,3.83898,3.84251,3.84369,3.84369,3.28433,3.85428,3.8484,3.84369,3.59757,3.62348,3.6223,3.58461,3.61994,3.60934,3.6117,3.60817,3.60463,3.5905,
0,0,0,0,0,0,3.82013,3.82249,3.83309,3.84369,3.82484,3.83898,2.81211,3.82367,3.84369,3.16303,3.70826,3.72946,3.70591,3.70708,3.71062,3.73652,3.20778,3.69766,3.73888,3.71062,3.68,3.68118,3.70355,3.68118,2.99464,3.68,2.96637,3.66822,3.67058,3.67882,3.65998,3.6588,3.62819,3.64349,3.10533,3.65763,3.64349,3.60346,3.6482,3.63054,3.77892,3.74712,3.80483,3.75654,3.76125,3.77539,3.7483,3.76361,3.77539,3.76714,3.96145,3.9744,3.95791,3.95556,3.96851,3.93554,3.97911,3.94378,3.97676,3.9638,
0,0,0,0,0,0,3.66587,3.68118,3.71651,3.65763,3.68118,3.65056,3.64232,3.65292,3.63996,3.64349,3.20307,3.83073,3.82013,3.83662,3.85075,3.84369,3.81307,3.84369,3.859,3.859,3.69178,3.69766,3.66705,3.68471,3.69178,3.68353,3.68353,3.67176,3.69531,3.66587,3.65763,3.64349,3.67764,3.65763,3.63878,3.64349,3.66587,3.6482,3.66705,3.64349,3.79187,3.75654,3.79423,3.75537,3.79187,3.08296,3.77421,3.7589,3.05587,3.7589,3.60581,3.60228,3.61405,3.61641,3.57873,3.57637,3.61052,3.57873,3.59404,3.57519,
0,0,0,0,0,0,3.59875,3.57637,3.58932,3.59521,3.57755,3.56695,3.59992,3.58815,3.5646,3.58697,3.69884,3.70944,3.68353,3.69649,3.69295,3.71297,3.68824,3.70708,3.7012,3.70591,3.80129,3.76125,3.7589,3.76714,3.76832,3.79305,3.76125,3.75301,3.77068,3.77892,3.60346,3.58344,3.60817,3.58226,3.57166,3.59639,3.57402,3.59286,3.56342,3.56342,3.74948,3.72946,3.74241,3.08296,3.74359,3.73181,3.75537,3.05352,3.75301,3.73064,4.01915,4.0215,3.99324,3.985,3.98147,3.99442,4.00148,3.97676,4.00384,4.01326,
0,0,0,0,0,0,3.58815,3.59521,3.58579,3.56577,3.5905,3.56342,3.5905,3.58344,3.56342,3.58344,3.67058,3.67411,3.66587,3.67882,3.66116,3.67529,3.65763,3.67293,3.65763,3.69531,3.97558,3.96969,3.98147,3.95556,3.98147,3.9638,3.1595,3.96851,3.95556,3.95909,3.61994,3.62583,3.64114,3.61641,3.64349,3.61052,3.64349,3.60817,3.62348,3.63878,3.74124,3.7377,3.7377,3.75537,3.76361,3.72593,3.21603,3.75066,3.74006,3.72475,3.84133,3.85193,3.85782,3.83544,3.10769,3.83309,3.82367,3.80954,3.82249,3.84133,
0,0,0,0,0,0,3.74948,3.78245,3.74595,3.7483,3.77892,3.77539,3.76361,3.76361,3.76361,3.76243,4.09923,4.10276,4.10276,4.11689,4.15104,4.09452,4.08392,4.08392,4.09805,4.12749,3.74595,3.76008,3.75419,3.75537,3.77303,3.73064,3.76596,3.7695,3.76361,3.72357,3.859,3.86017,3.86253,3.86017,3.82367,3.83309,3.85075,3.84604,3.83427,3.84133,3.64349,3.66469,3.67176,3.64349,3.63525,3.65409,3.66587,3.65292,3.6329,3.64349,3.64232,3.67058,3.66822,3.67058,3.66705,3.64349,3.6694,3.64114,3.64703,3.64585,
0,0,0,0,0,0,3.68236,3.71062,3.70708,3.68,3.71415,3.70355,3.68236,3.7118,3.1489,3.67411,3.76832,3.74948,3.76361,3.76596,3.76361,3.76361,3.74006,3.75537,3.74124,3.73888,3.72475,3.73064,3.70473,3.68707,3.71062,3.71297,3.70237,3.68942,3.68707,3.71768,3.69766,3.71062,3.57284,3.69295,3.71768,3.71297,3.70355,3.68353,3.70826,3.68353,3.70237,3.70944,3.71297,3.72004,3.69295,3.7012,3.68353,3.70708,3.68,3.71886,3.80954,3.81778,3.8272,3.79776,3.80365,3.78952,3.80483,3.23369,3.80365,3.80365,
0,0,0,0,0,0,3.80718,3.82838,3.80365,3.20307,2.80269,3.79069,3.82956,3.81542,3.82249,3.81778,3.79187,3.78127,3.78834,3.78481,3.76361,3.78598,3.76361,3.76596,3.80365,3.79305,3.80129,3.7801,3.78363,3.78834,3.78598,3.78127,3.76361,3.77539,3.78716,3.7589,3.7695,3.77892,3.77303,3.79423,3.76361,3.76714,3.76361,3.76714,3.77185,3.23487,3.9061,3.8743,3.8743,3.89903,3.88372,3.88372,3.8743,3.88019,3.86017,3.88372,3.65998,3.65763,3.64349,3.64114,3.64467,3.63643,3.64467,3.66116,3.64349,3.66705,
0,0,0,0,0,0,3.52338,3.53398,3.52691,3.554,3.54458,3.51396,3.52338,3.52456,3.54222,3.52338,3.89668,3.87666,3.87784,3.8484,3.87077,3.28315,3.86842,3.86488,3.8955,3.86135,3.71651,3.02525,3.69649,3.69295,3.69766,3.70826,3.68589,3.67882,3.67882,3.68353,3.80718,3.80365,3.80365,3.8272,3.81189,3.80365,3.80365,3.80365,3.80365,3.80365,3.7483,3.74477,3.74124,3.73064,3.16774,3.74477,3.7118,3.74241,3.73064,3.71651,3.97558,3.985,3.97322,3.98618,3.94732,3.95791,3.32319,3.96027,3.9638,3.97911,
0,0,0,0,0,0,3.63054,3.65763,3.62819,3.61759,3.62583,3.64349,3.65763,3.62465,3.64349,3.63761,4.16282,4.13926,4.15104,4.13691,4.15693,4.15693,4.12396,4.13573,4.14162,4.12749,3.85664,3.86371,3.859,3.84133,3.85428,3.84369,3.84369,3.82367,3.84369,3.84133,3.66822,3.67058,3.68118,3.67293,3.68707,3.66469,3.68,3.68707,3.68471,3.68353,4.12749,4.13573,4.14633,3.38913,4.11807,4.12984,4.09805,3.375,4.11807,4.12513,3.95791,3.96145,3.94496,3.9638,3.96262,3.92376,3.92376,3.95085,3.94143,3.92376,
0,0,0,0,0,0,3.79187,3.79305,3.79894,3.76479,3.78834,3.76361,3.76361,3.75654,3.76361,3.77774,3.87077,3.88372,3.86606,3.87784,3.88372,3.88961,3.87195,3.87077,3.86842,3.88726,3.86724,3.86371,3.88255,3.84369,3.84369,3.84369,3.84369,3.86724,3.84486,3.84722,3.859,3.86135,3.88255,3.85311,3.88019,3.84486,3.84369,3.84133,3.84369,3.86371,3.74359,3.71768,3.75066,3.72357,3.72357,3.72357,3.71297,3.73064,3.71062,3.72357,3.59757,3.61523,3.61759,3.61994,3.59286,3.5905,3.59286,3.59286,3.58815,3.57284,
0,0,0,0,0,0,3.58108,3.55988,3.58461,3.58932,3.54693,3.56342,3.57755,3.554,3.55871,3.554,3.74595,3.72004,3.72239,3.72357,3.74006,3.72357,3.70591,3.73535,3.75301,3.73181,3.77892,3.79894,3.78127,3.79069,3.78834,3.79776,3.76125,3.78245,3.15832,3.76361,3.78598,3.80012,3.77656,3.80012,3.79658,3.76832,3.77303,3.80365,3.80365,3.80365,3.59992,3.48334,3.61052,3.62112,3.62819,3.61641,3.60346,3.58344,3.5905,3.58697,3.83309,3.82838,3.84369,3.84369,3.81307,3.84486,3.8272,3.84369,3.806,3.80365,
0,0,0,0,0,0,4.08038,4.09334,4.09923,4.06508,4.09923,4.09334,4.05683,3.44566,4.08038,4.07685,3.90021,3.92376,3.91081,3.9167,3.91199,3.90374,3.35027,3.90374,3.90021,3.90257,3.94378,3.94732,3.9532,3.92376,3.17952,3.91905,3.14772,3.92965,3.92376,3.91434,3.93083,3.90728,3.90492,3.90728,3.40797,3.92494,3.91316,3.88372,3.90492,3.91788,3.97087,3.94732,3.95085,3.95674,3.9638,3.94614,3.93554,3.9638,3.94025,3.94496,3.89668,3.88372,3.89432,3.90139,3.88844,3.89079,3.90257,3.88372,3.88372,3.88372,
0,0,0,0,0,0,3.74006,3.73417,3.74241,3.74124,3.74241,3.74595,3.75183,3.75537,3.76125,3.72357,3.24311,4.10511,4.10511,4.12042,4.1322,4.13691,4.11453,4.11689,4.10865,4.14044,4.0215,4.02857,4.02975,4.01326,4.01562,4.04388,4.04388,4.04623,4.02268,4.04388,3.65409,3.6482,3.62701,3.61405,3.63407,3.63761,3.6223,3.64114,3.63172,3.64349,4.09923,4.0639,4.06036,4.08745,4.08274,4.08392,4.07332,4.0533,4.06508,4.05919,4.12396,4.15693,4.13809,4.12396,4.13455,4.12396,4.12749,4.12396,4.11807,4.14397,
0,0,0,0,0,0,4.50432,4.50668,4.50785,4.51139,3.76479,4.4949,4.4843,4.51139,0,4.46428,3.98264,3.98618,4.01915,4.00737,3.985,3.98618,4.00384,3.36323,4.01444,4.00502,4.00384,3.985,3.99206,4.00384,3.98618,3.99795,3.9638,3.9638,3.28315,3.9638,4.11218,4.111,4.11689,4.09805,4.11336,4.12278,4.12513,3.40326,4.12396,4.08392,3.79187,3.77068,3.78363,3.78952,3.78598,3.75183,3.78834,3.76361,3.76243,3.76361,3.92376,3.93907,3.9167,3.24311,3.89786,3.9426,3.94025,3.92023,3.90492,3.93554,
0,0,0,0,0,0,4.06861,4.05801,4.06036,4.06625,3.32436,4.06979,4.03328,4.05683,4.04388,4.05212,3.77539,3.78127,3.7483,3.78363,3.7589,3.74477,3.76361,3.74948,3.77892,3.78363,3.67411,3.70355,3.70591,3.67529,3.70826,3.68353,3.68118,3.67647,3.68353,3.68118,4.02621,4.02857,4.0321,4.04388,4.00973,4.03917,4.02857,4.03917,4.03799,4.03681,3.85782,3.80365,3.81778,3.17599,3.84604,3.82956,3.8272,3.82367,3.8166,3.83662,3.86959,3.85664,3.82013,3.81896,3.82367,3.82367,3.82838,3.80365,3.80365,3.81896,
0,0,0,0,0,0,3.87077,3.86959,3.88726,3.87784,3.86488,3.88372,3.88372,3.89786,3.88372,3.88019,3.3538,4.15104,4.14515,4.13455,4.15693,4.11689,4.11924,4.1216,4.14044,4.1322,3.82602,3.81778,3.79305,3.79894,3.19836,3.80247,3.80365,3.80954,3.80365,3.80365,3.73888,3.73652,3.74595,3.7483,3.72828,3.75066,3.7271,3.7589,3.72357,3.69649,4.22641,4.20639,4.19579,3.36323,4.21345,4.21345,0,4.20168,4.18872,4.18872,3.85782,3.86135,3.86135,3.82484,3.8272,3.83309,3.84133,3.81896,3.85428,3.84369,
0,0,0,0,0,0,3.98735,3.38796,3.98382,3.99677,3.98264,3.39267,3.9638,3.98971,3.98147,3.99089,3.74712,3.77068,3.75654,3.76832,3.76008,3.76361,3.76361,3.64585,3.77774,3.76243,4.1216,4.12631,4.14751,4.18872,4.12396,4.15222,4.12631,3.20425,4.1216,4.10865,3.84369,4.06979,4.06036,4.03917,4.05565,4.06272,4.03681,4.04388,4.03917,4.04388,4.2217,4.21345,4.20403,0,3.50689,4.17695,4.20403,4.18637,4.20992,4.17577,4.41953,3.40326,4.42071,4.41836,3.40326,4.416,4.42189,4.41953,4.39716,4.40069,
0,0,0,0,0,0,4.47488,4.45839,3.52456,4.49137,4.47841,4.48195,4.4843,4.15928,4.48312,4.4843,3.93201,3.34909,3.96027,3.9532,3.92376,3.94849,3.92376,3.93083,3.95674,3.93907,4.15104,3.48099,4.12749,4.10982,4.14633,4.13573,4.12396,4.11336,4.11453,0,4.35005,4.37832,4.38067,4.35594,4.3583,4.32415,4.24407,4.35005,4.34417,3.4433,4.49137,4.48548,4.50079,4.48195,0,4.48195,4.46899,4.47252,4.47959,4.4843,4.09923,4.10158,4.10276,4.10394,4.10865,4.11218,3.40326,4.11689,4.08627,4.10865,
0,0,0,0,0,0,3.70944,3.70944,3.72122,3.72357,3.72357,3.72357,3.72357,3.7118,3.72357,3.71886,4.42542,0,4.42424,4.4054,4.41364,4.40422,4.41836,4.42542,4.42542,4.43131,4.59264,4.56556,4.57262,4.57498,4.57969,4.57851,4.55496,3.76832,4.57969,4.56438,3.73064,3.74124,3.72593,3.74006,3.74359,3.74948,3.74477,3.75183,3.72593,3.71768,3.86017,3.86135,3.86959,3.87313,3.8743,3.88255,3.87077,3.88137,3.85193,3.84369,4.49137,4.51374,4.4949,4.4737,3.23016,4.5055,4.50196,4.50785,4.47017,4.46546,
0,0,0,0,0,0,4.06036,4.06625,4.08274,4.07685,4.05565,4.08038,4.07685,4.06743,4.08392,4.08392,4.06036,4.06979,4.07332,4.04506,4.08392,4.04741,4.04388,4.04388,4.09334,4.06272,4.36654,3.64349,4.37832,4.28411,4.34888,4.35948,3.64349,4.34888,4.36419,4.34181,4.21934,4.22405,4.22641,4.22994,4.237,4.237,4.21345,4.24407,4.24172,4.20403,3.47274,3.47628,3.44212,3.4433,3.47392,3.45979,3.45979,2.86275,3.4433,3.4433,4.03328,4.0321,4.03328,4.03917,4.0321,4.04623,4.0427,4.04506,4.04388,4.04388,
0,0,0,0,0,0,3.7271,3.74124,3.7377,3.74241,3.70944,3.70473,3.71297,3.72239,3.73535,3.72357,3.20307,4.10276,4.12278,4.111,4.08627,4.111,4.08392,4.08392,4.111,4.10158,4.38303,4.39951,0,4.38303,4.35948,4.38892,4.36772,4.36419,4.32297,4.37007,4.01797,3.99913,3.99677,4.05801,3.32319,3.99913,3.91081,3.98853,4.01208,4.00384,4.33592,4.36065,4.33946,4.37007,4.34181,3.4433,4.36183,4.34534,4.35476,4.35241,3.98735,3.98264,3.9638,3.97676,3.985,3.95438,3.94967,3.9638,3.96145,3.9638,
0,0,0,0,0,0,4.1793,4.18048,4.18872,4.18401,4.15104,4.17812,4.14515,4.15928,4.16399,4.16399,3.63172,4.34417,4.3689,4.33828,4.3371,4.35123,4.33475,4.36301,4.37125,4.35712,3.65998,3.6482,3.67529,3.64349,3.11593,3.65409,3.64585,3.67529,3.64349,3.66705,4.04741,4.03681,4.02739,4.02975,4.03092,4.00973,4.0427,4.00855,4.00502,4.00384,5.3463,5.36044,5.35572,5.36397,5.3569,5.34513,5.32393,0,4.32415,3.60581,4.05801,4.06154,4.0639,4.06625,4.0321,4.06508,4.0533,4.04388,4.06743,4.04035,
0,0,0,0,0,0,7.13743,7.13272,7.14097,7.14214,7.10564,7.09975,7.11977,7.10917,7.13272,7.12095,6.98552,6.9867,6.98906,6.99259,6.99612,6.97846,6.96668,6.9655,6.9761,6.98317,7.2446,6.18829,7.26344,7.23164,6.16709,7.30583,6.20595,7.24931,7.23517,7.25402,7.07855,7.09622,7.06324,7.09151,7.07973,7.06324,7.07384,7.0762,7.08209,7.08326,6.0564,6.0352,5.99163,6.0246,5.98692,6.00576,6.067,5.98927,5.99987,6.00576,6.83715,6.81713,6.85363,6.83361,6.83715,6.84068,6.84539,6.84539,6.84657,6.80653,
0,0,0,0,0,0,6.97492,6.9761,6.97964,6.94195,6.98435,6.94666,6.94902,6.95844,6.95844,6.97257,6.94666,6.94548,6.94431,6.94902,6.94548,6.95608,6.95255,6.96904,6.97139,6.97964,7.13037,7.13508,7.14332,7.17158,7.1445,7.1233,7.11035,7.1127,7.11624,7.11977,6.5769,6.56748,6.60163,6.58514,6.58514,6.57925,6.56865,6.59103,6.5663,6.5663,7.11859,7.13508,7.14568,6.0458,7.1339,7.13743,7.1233,6.09997,6.0458,7.13626,7.13155,7.13626,7.14568,7.14332,7.13861,7.14685,7.14921,7.11388,7.13743,7.11977,
0,0,0,0,0,0,7.34469,6.28603,7.35529,7.35293,6.28603,7.34705,7.35647,7.36236,7.33174,7.32938,7.14332,7.1127,7.1445,7.14214,7.10917,7.11624,7.12566,7.12212,7.13626,7.13979,6.28367,6.25306,6.26248,6.30252,5.36515,6.30134,6.24246,6.29309,6.27543,6.26601,7.08091,7.09033,7.09386,7.09504,6.16591,7.06324,7.0656,7.07031,7.06678,7.08091,7.13155,7.13508,7.13979,7.14214,7.14568,7.14685,7.15039,7.12095,7.15156,7.11977,7.30936,7.3129,7.31878,7.33292,7.32703,7.3129,7.35764,6.28603,6.28367,7.33998,
0,0,0,0,0,0,6.43912,6.44972,6.46031,6.44618,6.42499,6.4297,6.42852,6.43676,6.43794,6.44736,7.30348,7.36824,6.24599,7.32114,7.32938,7.32349,7.30583,6.24599,7.29994,7.29052,6.91487,5.77848,5.88564,6.91133,6.89485,6.90662,6.89838,6.90309,6.88425,6.9078,7.09033,7.08091,7.09975,7.0656,7.09151,7.06678,7.07855,7.07384,7.07973,7.0868,6.9867,6.97375,6.97846,6.98199,6.97257,6.94666,6.97257,6.95962,6.95137,6.96315,6.5239,6.52037,6.50271,6.52979,6.498,6.49446,6.50977,5.82676,6.51331,6.50035,
0,0,0,0,0,0,6.41556,6.48622,6.43912,6.43323,5.44522,6.42616,6.44854,6.44265,6.41556,5.46053,7.00908,6.98081,6.98435,7.02674,6.99023,7.00672,6.99141,6.99494,7.00672,6.98317,6.97139,6.99377,7.0079,6.97375,6.98081,6.98317,6.99023,6.9867,6.98552,6.99259,7.05265,7.06207,7.05736,7.05147,7.06207,7.06207,7.06324,7.05382,6.12588,7.03734,7.10917,7.10446,7.10682,7.10799,7.14803,7.11624,7.11506,7.13508,7.12566,7.12448,7.09151,7.09622,7.09975,7.10328,7.10446,7.09386,7.1127,7.10564,7.11741,7.09975,
0,0,0,0,0,0,6.99023,6.9655,6.98081,6.98317,6.96786,6.99023,6.98435,6.9867,6.99141,6.96668,6.89956,6.92547,6.9078,6.91251,6.95844,6.91722,6.88425,6.88189,6.9078,6.90191,7.08091,7.0974,7.08797,7.06089,7.07855,7.0656,7.06913,7.08091,6.12588,7.08326,7.05618,7.08562,7.09268,6.15414,7.06089,7.05971,7.06796,7.07149,7.07384,7.07855,7.08444,7.08797,7.08562,7.05736,7.09033,6.13294,7.09268,7.06678,7.07149,7.07855,7.13743,7.14214,7.14568,7.11153,7.10799,7.12212,7.12095,7.11624,7.12684,7.12448,
0,0,0,0,0,0,7.13272,7.14097,7.13861,7.14097,7.11624,7.10682,7.11506,7.12212,7.11741,7.12684,7.09975,7.0868,7.10682,7.10328,7.10917,7.11035,7.10917,7.10093,7.09033,7.09504,6.99494,6.1141,7.00672,6.9867,7.00319,6.99965,7.00672,6.9973,6.98435,6.99141,7.00083,6.97492,6.98199,6.98317,6.98435,6.98788,6.98435,6.99023,6.99141,6.96668,7.17512,7.17041,7.17394,7.17747,6.24599,7.181,7.18572,7.18807,7.23988,7.15628,7.05736,7.05971,7.06089,7.06796,7.07738,7.06442,7.06913,7.04558,7.03616,7.04087,
0,0,0,0,0,0,7.20573,7.20927,7.21869,6.2825,7.21044,7.23871,7.21516,7.18218,7.1916,7.19278,7.23988,7.24342,7.21987,7.21633,7.22458,7.22458,7.22811,6.27543,7.24106,7.21869,6.97021,6.97021,6.97492,6.98552,6.97846,6.98788,6.9867,6.95255,6.96668,6.96904,7.21869,7.21869,7.21398,7.2234,7.22811,7.22104,7.23282,6.28603,7.23517,7.23988,6.77238,6.76884,6.76531,6.83479,6.78533,6.78886,5.84561,6.78651,6.79122,6.78062,7.14097,7.14685,7.13861,7.11506,7.14803,7.12684,7.14921,7.11624,7.11977,7.11741,
0,0,0,0,0,0,7.12448,7.09975,7.09268,7.09504,7.10211,7.09857,7.11153,7.11741,7.1339,6.16591,6.4556,6.45914,6.46149,6.42263,6.42852,6.42499,5.76553,6.43912,6.38848,6.45207,7.13037,7.14332,7.1339,7.13626,7.14214,7.14685,7.11153,7.14921,7.11859,7.11506,7.13037,7.1339,7.10564,7.10211,7.11624,7.10682,7.10917,7.11153,7.11859,7.11624,6.93371,6.93724,6.94195,6.94313,6.94431,6.94784,6.92311,6.91722,6.92782,6.92193,6.69348,6.69819,6.69583,6.66168,6.71114,6.66875,6.6711,6.67817,6.67346,6.6817,
0,0,0,0,0,0,6.52508,6.57101,6.53804,6.54157,6.51095,6.51566,6.54863,6.54275,6.5239,5.56534,7.14568,7.13743,7.14214,7.14685,7.15156,7.14921,7.12212,7.14214,7.13272,7.1233,7.23988,7.24577,7.21869,7.21633,7.2128,7.2234,6.28603,7.22811,7.21987,7.23635,6.98081,6.97964,6.08584,7.05736,6.97964,6.99141,6.98906,6.98199,7.03616,7.00554,7.1233,7.13155,7.13508,7.14332,7.14568,7.14803,7.15039,7.15274,7.11977,7.12684,7.10093,7.09386,7.12095,7.09622,7.08915,7.11153,7.10799,7.0868,7.11624,7.12566,
0,0,0,0,0,0,7.35764,7.33527,7.34234,7.3494,7.34587,7.36353,6.28603,7.35882,7.32938,6.28603,7.14332,7.15274,7.1445,7.14685,7.13979,7.11624,7.11977,7.12684,7.13037,7.13979,7.23046,7.21633,7.21987,7.2234,6.28603,7.22104,7.23164,7.23164,7.23635,7.23988,7.27404,7.2446,7.21162,7.21398,6.24599,7.21516,7.21516,7.22693,7.2234,7.23635,7.13155,7.13508,7.13979,7.14214,7.14568,7.14685,7.15039,7.12095,7.15156,7.11977,7.1445,7.12801,7.13155,7.1445,7.14097,7.14685,7.14921,7.12684,7.15156,7.11741,
0,0,0,0,0,0,7.24342,7.24695,7.22104,6.28603,7.24931,7.22575,7.21633,7.23046,7.22458,7.234,7.23988,7.24342,7.21987,7.21633,7.22458,7.23635,7.22811,6.28603,7.25048,7.21633,7.12212,7.13037,7.1339,7.14568,7.13743,7.14803,7.13155,7.1127,7.12684,7.11859,7.2446,7.22811,7.24813,7.22222,7.22693,7.23046,7.23282,7.23517,7.20691,6.28603,7.24931,7.24577,7.24224,7.22693,7.21633,7.2234,6.28603,7.21869,7.22693,7.23282,7.13626,7.14685,7.13861,7.13272,7.14803,7.12684,7.14921,7.11624,7.11977,7.1233,
0,0,0,0,0,0,7.13272,7.14332,7.13861,7.14097,7.14568,7.14685,7.1233,7.11859,7.13037,7.12684,7.13861,7.14214,7.14685,7.14332,7.14921,7.15039,7.12684,7.11859,7.13037,7.1339,7.25166,6.28603,7.2446,7.21987,7.24224,7.23635,7.22222,7.21516,7.22222,7.22693,7.1339,7.13979,7.14214,7.14332,7.14097,7.1127,7.1445,7.11977,7.12212,7.12684,7.24106,7.24931,7.24224,7.21516,6.28603,7.21398,7.2234,7.22575,7.23164,7.23517,7.12919,7.13979,7.14097,7.14685,7.14214,7.14332,7.14803,7.13155,7.11859,7.12684,
0,0,0,0,0,0,7.11741,7.17276,7.14332,7.13861,7.1445,7.1445,7.11388,7.10917,7.11741,7.12566,7.13508,7.10211,7.10446,7.10917,7.10682,7.1127,7.11859,7.11506,7.13508,7.13861,7.24106,7.21751,7.24813,7.22104,7.23871,7.22575,7.23282,7.22929,6.28014,7.23164,7.22222,7.22222,7.24695,6.28603,7.21398,7.21751,7.22104,7.22458,7.22929,7.234,7.12448,7.12801,7.14568,7.13979,7.13508,7.1233,7.15156,7.14803,7.11859,7.12448,7.13272,7.13626,7.14214,7.14685,7.1445,7.15039,7.14803,7.13626,7.11624,7.12095,
0,0,0,0,0,0,7.12919,7.13743,7.13272,7.14214,7.14332,7.14568,7.14921,7.15039,7.13155,7.11741,7.1339,7.14097,7.1445,7.13861,7.14921,7.15156,7.11977,7.11859,7.13037,7.13861,7.13037,7.13508,7.14332,7.13979,7.1445,7.14685,7.15039,7.15274,7.11977,7.11977,7.13155,7.1339,7.11977,7.14568,7.1233,7.11388,7.10799,7.11035,7.12684,7.12684,7.35411,7.34705,7.35411,6.28603,7.32467,7.3282,7.33763,6.28603,7.33292,7.34822,7.13155,7.13626,7.14568,7.14332,7.13861,7.14685,7.14921,7.14097,7.11506,7.11977,
0,0,0,0,0,0,7.12212,7.13155,7.13979,7.14332,7.14803,7.15039,7.14803,7.1233,7.11741,7.12684,7.21869,7.24224,7.24695,7.25166,6.28603,7.22222,7.22104,7.23164,7.24342,7.22811,7.15628,7.15745,6.20595,7.17041,7.18218,7.17747,7.17276,7.18689,7.15981,7.15274,7.33645,7.35293,7.34351,7.33998,6.28603,7.34705,6.26601,7.36236,7.35764,7.36118,7.12095,7.13272,7.13743,7.14097,7.1445,7.14685,7.14214,7.11859,7.12566,7.12212,7.22693,7.19514,7.17865,7.16687,7.17394,7.17158,7.18572,6.24599,7.16452,7.181,
0,0,0,0,0,0,7.1916,7.22693,7.21398,7.21398,6.28603,7.20338,7.2234,7.21869,7.22575,7.19396,7.13037,7.13979,7.1445,7.14685,7.14921,7.12566,7.1339,7.11506,7.12566,7.14332,7.1233,7.13155,7.12801,7.13626,7.13979,7.14332,7.14685,7.13626,7.14568,7.11741,7.12684,7.13861,7.10211,7.10917,7.10328,7.11035,7.10446,7.1127,7.11624,7.12212,7.13861,7.1445,7.14685,7.14803,7.15039,7.11741,7.14685,7.12212,7.12684,7.12566,7.13272,7.13626,7.13979,7.14332,7.1445,7.14803,7.14921,7.15274,7.11624,7.12095,
0,0,0,0,0,0,7.13626,7.13272,7.14097,7.14214,7.14568,7.14685,7.11859,7.11506,7.13626,7.12095,7.13272,7.1445,7.14097,7.11506,7.11506,7.12684,7.11977,7.11624,7.11624,7.13626,7.13037,7.14214,7.14568,7.14685,7.15039,7.14921,7.11741,7.12095,7.12684,7.12684,7.14097,7.13626,7.14332,7.14097,7.14685,7.14332,7.15039,7.11624,7.12212,7.1233,7.10328,7.12684,7.12448,7.10211,7.10799,7.1339,7.10917,7.1127,7.09622,7.12684,7.14097,7.14921,7.12801,7.15039,7.14685,7.11624,7.11977,7.12684,7.12684,7.12684,
0,0,0,0,0,0,7.24342,7.24695,7.24931,7.23988,7.21869,7.21633,7.22929,7.23282,7.2234,6.28603,7.13508,7.13979,7.14214,7.1445,7.13626,7.14568,7.11977,7.11506,7.1445,7.13155,7.13037,7.14332,7.1339,7.13743,7.1445,7.14685,7.15156,7.14921,7.11859,7.12095,7.14097,7.1339,7.14568,7.13861,7.14332,7.14685,7.14921,7.15156,7.11977,7.1233,7.12684,7.13979,7.12566,7.14332,7.14568,7.14803,7.15039,7.1233,7.11506,7.15274,7.12684,7.13508,7.13979,7.14214,7.13861,7.14685,7.14803,7.12095,7.15039,7.1233,
0,0,0,0,0,0,7.13272,7.13626,7.14097,7.14332,7.14568,7.1233,7.14803,7.15039,7.11741,7.11624,7.14803,7.13979,7.14097,7.14332,7.13155,7.15392,7.12566,7.12095,7.13743,7.12566,7.23988,7.24577,7.24931,7.21633,7.22458,7.2234,6.28603,7.22811,7.21987,7.23635,7.12566,7.13861,7.1339,7.14214,7.14568,7.14803,7.15156,7.14568,7.11859,7.1233,7.12801,7.13155,7.13979,7.14332,7.14568,7.14803,7.15039,7.1445,7.11624,7.12684,7.14097,7.13272,7.12095,7.13508,7.14685,7.15156,7.14803,7.12684,7.11741,7.12212,
0,0,0,0,0,0,7.24342,7.24695,7.24931,7.23871,7.22104,7.21633,7.22929,7.23282,7.2234,6.28603,7.13508,7.13979,7.14214,7.1445,7.13626,7.14568,7.11977,7.11506,7.1445,7.13155,7.13037,7.14332,7.1339,7.13743,7.1445,7.14685,7.15156,7.14921,7.11859,7.12095,7.14097,7.1339,7.14568,7.13861,7.14332,7.14685,7.14921,7.15156,7.11977,7.1233,7.12448,7.13979,7.12566,7.14332,7.14568,7.14803,7.15039,7.1233,7.11977,7.15274,7.12684,7.13508,7.13979,7.14214,7.14332,7.14685,7.14803,7.12095,7.15039,7.1233,
0,0,0,0,0,0,7.35764,7.33527,7.34234,7.3494,7.34587,7.36353,6.28603,7.35882,7.32938,6.28603,7.14332,7.15274,7.1445,7.14685,7.13979,7.11624,7.11977,7.12684,7.13037,7.13979,7.24577,7.23164,7.21751,7.2234,6.28603,7.22104,7.23046,7.23164,7.23517,7.24224,7.23871,7.2446,7.25166,7.24931,6.24599,7.23282,7.21516,7.22693,7.2234,7.23635,7.13155,7.13508,7.13979,7.14214,7.14568,7.14685,7.15039,7.12095,7.15156,7.11977,7.1445,7.12801,7.13155,7.1445,7.14097,7.14685,7.14921,7.12684,7.15156,7.11741,
0,0,0,0,0,0,7.13272,7.14332,7.13861,7.14097,7.14568,7.14685,7.1233,7.11859,7.13037,7.12684,7.13861,7.14214,7.14685,7.14332,7.14921,7.15039,7.12684,7.11859,7.13037,7.1339,7.24813,6.28721,7.2446,7.21987,7.24224,7.23635,7.23517,7.21516,7.22222,7.22693,7.1339,7.13979,7.14214,7.14332,7.11624,7.14097,7.1445,7.11977,7.12212,7.12684,7.24106,7.24931,7.24224,7.21516,6.28603,7.21398,7.2234,7.22575,7.23164,7.23517,7.12919,7.13979,7.14097,7.14685,7.14214,7.14332,7.14803,7.13155,7.11859,7.12684,
0,0,0,0,0,0,7.12212,7.13155,7.13979,7.14332,7.1445,7.15039,7.14803,7.13155,7.11741,7.12684,7.21869,7.24224,7.24695,7.25166,6.28603,7.22222,7.22104,7.23164,7.24342,7.22811,7.23282,7.24224,6.28603,7.24931,7.22222,7.21633,7.22222,7.22575,7.23871,7.22929,7.33645,7.35293,7.34351,7.33998,6.28603,7.34705,6.26601,7.36236,7.35764,7.36118,7.12566,7.13272,7.13743,7.14097,7.1445,7.14685,7.14921,7.11859,7.15039,7.12212,7.24577,7.23871,7.21987,7.24813,7.21516,7.23164,7.22811,6.28603,7.23635,7.22222,
0,0,0,0,0,0,7.12919,7.13743,7.13272,7.14214,7.14332,7.14568,7.14921,7.15039,7.13155,7.11741,7.1339,7.14097,7.1445,7.14568,7.14921,7.15156,7.11977,7.11859,7.13037,7.13861,7.13037,7.13508,7.14332,7.13979,7.1445,7.14685,7.15039,7.15274,7.11977,7.11977,7.13155,7.1445,7.11977,7.14568,7.14921,7.12212,7.11741,7.15039,7.12684,7.12684,7.35647,7.34705,7.35176,6.28603,7.32467,7.3282,7.33763,6.28603,7.33292,7.34705,7.13155,7.13626,7.14568,7.14332,7.13861,7.14685,7.14921,7.14097,7.11506,7.11977,
0,0,0,0,0,0,7.15745,7.13037,7.14332,7.13861,7.1445,7.14685,7.1339,7.14921,7.11741,7.12566,7.1339,7.14214,7.1445,7.14921,7.14685,7.15274,7.11859,7.12801,7.13037,7.13861,7.24106,7.21751,7.24813,7.22104,7.23871,7.22575,7.23282,7.22929,6.28603,7.23164,7.25048,7.24342,7.24695,6.28603,7.22222,7.21751,7.22104,7.22458,7.22929,7.234,7.12448,7.12801,7.14568,7.13979,7.13508,7.14332,7.15156,7.14803,7.15156,7.12448,7.13272,7.13626,7.14214,7.14685,7.1445,7.15039,7.14803,7.13626,7.11624,7.12095,
0,0,0,0,0,0,7.23164,7.23988,7.21398,7.24577,6.28603,7.24342,7.2234,7.21869,7.22929,7.22575,7.12919,7.13979,7.1445,7.14685,7.14921,7.12566,7.15156,7.12919,7.12566,7.14332,7.13037,7.13155,7.12801,7.13626,7.13979,7.14332,7.14685,7.15039,7.14568,7.11741,7.12684,7.13508,7.13979,7.14568,7.14214,7.14921,7.14803,7.15274,7.11859,7.1233,7.13861,7.1445,7.14685,7.14803,7.15039,7.11741,7.14685,7.12212,7.12684,7.12566,7.13272,7.13626,7.13979,7.14332,7.1445,7.14803,7.14921,7.15274,7.11624,7.12095,
0,0,0,0,0,0,7.13626,7.13272,7.14097,7.14214,7.14568,7.14685,7.11859,7.11506,7.13626,7.12095,7.13272,7.1445,7.14097,7.13626,7.14685,7.14803,7.11977,7.11624,7.15628,7.13626,7.13037,7.14214,7.14568,7.14685,7.15039,7.15274,7.11741,7.12095,7.12684,7.12684,7.14097,7.13626,7.14332,7.14097,7.14685,7.14332,7.15039,7.11624,7.12212,7.1233,7.14332,7.12684,7.13037,7.13861,7.14803,7.1445,7.13743,7.1127,7.13626,7.12684,7.14097,7.14685,7.12801,7.15039,7.15274,7.12095,7.11977,7.12684,7.12684,7.12684,
0,0,0,0,0,0,7.24342,7.24695,7.22104,6.28603,7.24931,7.22575,7.21633,7.23046,7.22458,7.234,7.23988,7.24342,7.21987,7.21633,7.22458,7.23635,7.22811,6.28603,7.25048,7.21633,7.12212,7.13037,7.1339,7.14568,7.13743,7.14803,7.15039,7.13626,7.12684,7.11859,7.2446,7.22811,7.24813,7.22222,7.22693,7.23046,7.23282,7.23517,7.20691,6.28603,7.24931,7.24577,7.24224,7.23164,7.21633,7.2234,6.28603,7.21869,7.22693,7.23282,7.13626,7.14685,7.13861,7.13272,7.14803,7.12684,7.14921,7.11624,7.11977,7.1233,
0,0,0,0,0,0,7.13272,7.13626,7.14097,7.14332,7.14568,7.1233,7.14803,7.15039,7.11741,7.11977,7.14803,7.13979,7.14097,7.14332,7.13155,7.15392,7.12566,7.12095,7.13743,7.12566,7.23988,7.24577,7.24931,7.21633,7.22458,7.2234,6.28603,7.22811,7.21987,7.23635,7.12566,7.13861,7.1339,7.14214,7.14568,7.14803,7.15156,7.14568,7.11859,7.1233,7.12801,7.13155,7.13979,7.14332,7.14568,7.14803,7.15039,7.1445,7.11624,7.12684,7.14097,7.13272,7.12095,7.13508,7.14685,7.15156,7.14803,7.12684,7.11741,7.12212,
0,0,0,0,0,0,7.13272,7.13626,7.14097,7.14332,7.14568,7.1233,7.14803,7.15039,7.11741,7.11977,7.14803,7.13979,7.14097,7.14332,7.13155,7.15392,7.12566,7.12095,7.13743,7.12566,7.23988,7.24577,7.24931,7.21633,7.22458,7.2234,6.28603,7.22811,7.21987,7.23635,7.12566,7.13861,7.1339,7.14214,7.14568,7.14803,7.15156,7.14568,7.11859,7.1233,7.12801,7.13155,7.13979,7.14332,7.14568,7.14803,7.15039,7.1445,7.11624,7.12684,7.14097,7.13272,7.12095,7.13508,7.14685,7.15156,7.14803,7.12684,7.11741,7.12212,
0,0,0,0,0,0,7.12919,7.13743,7.13272,7.14214,7.14332,7.14568,7.14921,7.15039,7.13155,7.11741,7.1339,7.14097,7.1445,7.14568,7.14921,7.15156,7.11977,7.11859,7.13037,7.13861,7.13037,7.13508,7.14332,7.13979,7.1445,7.14685,7.15039,7.15274,7.11977,7.11977,7.13155,7.1445,7.11977,7.14568,7.14921,7.12212,7.11741,7.15039,7.12684,7.12684,7.35647,7.34705,7.35176,6.28603,7.32467,7.3282,7.33763,6.28603,7.33292,7.34705,7.13155,7.13626,7.14568,7.14332,7.13861,7.14685,7.14921,7.14097,7.11506,7.11977,
0,0,0,0,0,0,7.23164,7.23988,7.21398,7.24577,6.28603,7.24342,7.2234,7.21869,7.22929,7.22575,7.12919,7.13979,7.1445,7.14685,7.14921,7.12566,7.15156,7.12919,7.12566,7.14332,7.13037,7.13155,7.12801,7.13626,7.13979,7.14332,7.14685,7.15039,7.14568,7.11741,7.12684,7.13508,7.13979,7.14568,7.14214,7.14921,7.14803,7.15274,7.11859,7.1233,7.13861,7.1445,7.14685,7.14803,7.15039,7.11741,7.14685,7.12212,7.12684,7.12566,7.13272,7.13626,7.13979,7.14332,7.1445,7.14803,7.14921,7.15274,7.11624,7.12095,
0,0,0,0,0,0,7.13626,7.13272,7.14097,7.14214,7.14568,7.14685,7.11859,7.11506,7.13626,7.12095,7.13272,7.1445,7.14097,7.13626,7.14685,7.14803,7.11977,7.11624,7.15628,7.13626,7.13037,7.14214,7.14568,7.14685,7.15039,7.15274,7.11741,7.12095,7.12684,7.12684,7.14097,7.13626,7.14332,7.14097,7.14685,7.14332,7.15039,7.11624,7.12212,7.1233,7.14332,7.12684,7.13037,7.13861,7.14803,7.1445,7.13743,7.1127,7.13626,7.12684,7.14097,7.14685,7.12801,7.15039,7.15274,7.12095,7.11977,7.12684,7.12684,7.12684,
0,0,0,0,0,0,7.15745,7.13037,7.14332,7.13861,7.1445,7.14685,7.1339,7.14921,7.11741,7.12566,7.1339,7.14214,7.1445,7.14921,7.14685,7.15274,7.11859,7.12801,7.13037,7.13861,7.24106,7.21751,7.24813,7.22104,7.23871,7.22575,7.23282,7.22929,6.28603,7.23164,7.25048,7.24342,7.24695,6.28603,7.22222,7.21751,7.22104,7.22458,7.22929,7.234,7.12448,7.12801,7.14568,7.13979,7.13508,7.14332,7.15156,7.14803,7.15156,7.12448,7.13272,7.13626,7.14214,7.14685,7.1445,7.15039,7.14803,7.13626,7.11624,7.12095,
0,0,0,0,0,0,7.35764,7.33527,7.34234,7.3494,7.34587,7.36353,6.28603,7.35882,7.32938,6.28603,7.14332,7.15274,7.1445,7.14685,7.13979,7.11624,7.11977,7.12684,7.13037,7.13979,7.24577,7.23164,7.21751,7.2234,6.28603,7.22104,7.23046,7.23164,7.23517,7.24224,7.23871,7.2446,7.25166,7.24931,6.24599,7.23282,7.21516,7.22693,7.2234,7.23635,7.13155,7.13508,7.13979,7.14214,7.14568,7.14685,7.15039,7.12095,7.15156,7.11977,7.1445,7.12801,7.13155,7.1445,7.14097,7.14685,7.14921,7.12684,7.15156,7.11741,
0,0,0,0,0,0,7.12095,7.13508,7.13861,7.14214,7.14332,7.14921,7.14685,7.13861,7.12095,7.11977,7.21869,7.24224,7.24695,7.25166,6.28603,7.22222,7.22104,7.23164,7.24342,7.22811,7.23282,7.24224,6.28603,7.24931,7.22222,7.21633,7.22222,7.22575,7.23871,7.22929,7.33645,7.35293,7.34351,7.33998,6.28603,7.34705,6.26601,7.36236,7.35764,7.36118,7.12566,7.13272,7.13743,7.14097,7.1445,7.14685,7.14921,7.11859,7.15039,7.12212,7.24577,7.23753,7.21869,7.24695,7.21398,7.2446,7.22575,6.28603,7.23517,7.22104,
0,0,0,0,0,0,7.13272,7.14332,7.13861,7.14097,7.14568,7.14685,7.1233,7.11859,7.13037,7.12684,7.13861,7.14214,7.14685,7.14332,7.14921,7.15039,7.12684,7.11859,7.13037,7.1339,7.24813,6.28721,7.2446,7.21987,7.24224,7.23635,7.23517,7.21516,7.22222,7.22693,7.1339,7.13979,7.14214,7.14332,7.11624,7.14097,7.1445,7.11977,7.12212,7.12684,7.24106,7.24931,7.24224,7.21516,6.28603,7.21398,7.2234,7.22575,7.23164,7.23517,7.12919,7.13979,7.14097,7.14685,7.14214,7.14332,7.14803,7.13155,7.11859,7.12684,
0,0,0,0,0,0,7.24342,7.24695,7.22104,6.28603,7.24931,7.22575,7.21633,7.23046,7.22458,7.234,7.23988,7.24342,7.21987,7.21633,7.22458,7.23635,7.22811,6.28603,7.25048,7.21633,7.12212,7.13037,7.1339,7.14568,7.13743,7.14803,7.15039,7.13626,7.12684,7.11859,7.2446,7.22811,7.24813,7.22222,7.22693,7.23046,7.23282,7.23517,7.20691,6.28603,7.24931,7.24577,7.24224,7.23164,7.21633,7.2234,6.28603,7.21869,7.22693,7.23282,7.13626,7.14685,7.13861,7.13272,7.14803,7.12684,7.14921,7.11624,7.11977,7.1233,
0,0,0,0,0,0,7.24342,7.24695,7.24931,7.23871,7.22104,7.21633,7.22929,7.23282,7.2234,6.28603,7.13508,7.13979,7.14214,7.1445,7.13626,7.14568,7.11977,7.11506,7.1445,7.13155,7.13037,7.14332,7.1339,7.13743,7.1445,7.14685,7.15156,7.14921,7.11859,7.12095,7.14097,7.1339,7.14568,7.13861,7.14332,7.14685,7.14921,7.15156,7.11977,7.1233,7.12448,7.13979,7.12566,7.14332,7.14568,7.14803,7.15039,7.1233,7.11977,7.15274,7.12684,7.13508,7.13979,7.14214,7.14332,7.14685,7.14803,7.12095,7.15039,7.1233,
