0,0,0,4.111,3.18659,5.04837,0,0.339149,0.313242,0.312064,0.303821,0.306176,0.306176,0.301466,0.211968,0.277914,0,0,0,0,0,0,0,0,0,0,0,0,0,0,0,0,0,0,0,0,0,0,0,0.929126,0,0,0,0,0,0,0,0,0,0,0.41216,0,0,0,0,0,0,0,0,0,0,0,0,0,0,0,0,0,0,0,0,0,0,0,0,0,0,
0,0,0,3.67293,3.2172,4.66565,0,0,0.40745,0.365056,0.381542,0.401562,0,0.383898,0.35799,0.372122,0.360346,0,0,0,0,0,0,0,0,0,0,0,0,0,0,0,0,0,0,0,0,0,0,0,0,0,0,0,0,0,0,0,0,0,0,0,0,0,0,0,0.29911,0.18135,0.105984,0,0,0,0,0,0,0,0.155443,0,0,0,0,0,0,0,0,0,0,
0,0,0,4.57851,3.23604,4.52081,0,0.162509,0.138957,0.169574,0.18135,0.094208,0.11305,0.116582,0.138957,0.136602,0.128358,0,0,0,0,0,0,0,0,0,0,0,0,0,0,0,0,0,0,0,0,0,0.452198,0,0,0,0,0,0,0,0,0,0,0,0,0,0.47104,0,0,0,0,0,0,0.193126,0,0,0,0.120115,0,0,0,0,0,0,0,0,0,0,0,0,0,
0,0,0,5.16731,4.0427,3.83191,0,0.370944,0.35799,0.369766,0.379187,0.409805,0.395674,0.393318,0.383898,0.373299,0.374477,0,0,0,0,0,0,0,0,0,0,0,0,0,0,0,0,0,0,0,0,0,0,0,0,0,0,0,0,0,0,0,0,0,0.355635,0,0,0,0,0,0,0,0,0,0,0,0,0.325018,0,0,0,0,0,0,0,0,0,0,0,0,0,
0,0,0,5.53943,4.79754,4.44308,0,0.0989184,0.334438,0.254362,0.275558,0.254362,0.214323,0.0400384,0.249651,0.259072,0.252006,0,0,0,0,0,0,0,0,0,0,0,0,0,0,0,0,0,0,0,0,0,0,0,0,0,0,0,0,0,0,0,0,0,0,0,0,0,0,0,0,0,0,0,0.204902,0.143667,0,0,0,0,0,0,0,0,0,0,0,0,0,0,0,
0,0,0,4.56438,3.62465,4.98596,0,0.322662,0.322662,0.306176,0.327373,0.320307,0.313242,0.31913,0.336794,0.327373,0.336794,0,0,0,0,0,0,0,0,0,0,0,0,0,0,0,0,0,0,0,0,0,0,0,0,0,0,0,0,0,0.47575,0,0,0,0,0.0965632,0,0,0.11776,0,0,0.0800768,0.0565248,0.0859648,0.047104,0,0,0.0612352,0.104806,0,0,0,0,0,0,0,0,0,0,0,0,
0,0,0,4.68214,4.52905,3.67411,0,0.270848,0.284979,0.277914,0.254362,0.177818,0.222566,0.197837,0.223744,0.221389,0.219034,0,0,0,0,0,0,0,0,0,0,0,0,0,0,0,0,0,0,0,0,0.11776,0.11776,0,0,0,0,0,0,0,0.108339,0.136602,0,0,0,0.11305,0.114227,0.162509,0,0,0,0.499302,0,0,0,0,0,0,0,0,0,0,0,0,0,0,0,0,0,0,0,
0,0,0,4.23347,4.32768,3.03585,0,0.26967,0.204902,0.247296,0.226099,0.23552,0.200192,0.242586,0.24023,0.221389,0.204902,0,0,0,0,0,0,0,0,0,0,0,0,0,0,0,0,0,0,0,0,0.0612352,0,0,0,0,0.164864,0,0.0753664,0.0894976,0.100096,0,0,0,0,0.906752,0,0,0,0,0,0,0,0,0,0,0,0,0,0,0.692429,0,0,0,0,0,0,0,0,0,0,
0,0,0,5.00127,4.07567,4.24525,0,0.383898,0.355635,0.383898,0.341504,0.350925,0.343859,0.337971,0.362701,0.345037,0.28969,0,0,0,0,0,0,0,0,0,0,0,0,0,0,0,0,0,0,0,0,0,0,0,0,0,0,0,0,0,0,0.592333,0,0,0,0,0,0,0,0,0,0,0,0,0.911462,0,0,0,0,0,0,0,0,0,0,0,0,0,0,0,0,
0,0,0,4.15104,5.02835,3.8272,0,0.454554,0.443955,0.449843,0.463974,0.473395,0.296755,0.461619,0.459264,0.435712,0.2944,0,0,0,0,0,0,0,0,0,0,0,0,0,0,0,0,0,0,0,0,0,0,0.659456,0,0,0,0,0,0,0,0,0,0,0,0,0,0,0,0,0,0,0.24023,0,0,0,0.1472,0,0,0,0,0,0,0,0,0,0,0,0,0,0,
0,0,0,4.56438,4.84465,3.17363,0,0.349747,0.343859,0.352102,0.322662,0.327373,0.322662,0.327373,0.326195,0.332083,0.208435,0,0,0,0,0,0,0,0,0,0,0,0,0,0,0,0,0,0,0,0,0,0,0.350925,0,0,0,0,0,0,0,0,0,0,0,0,0,0,0,0,0,0,0,0,0,0.273203,0,0,0,0,0,0,0,0,0,0,0,0,0,0,0,
0,0,0,4.70333,4.38656,3.90728,0,0.422758,0.405094,0.431002,0.35799,0.40745,0.386253,0.365056,0.372122,0.381542,0.363878,0,0,0,0,0,0,0,0,0,0,0,0,0,0,0,0,0,0,0,0,0,0,0.23552,0,0.221389,0,0,0,0,0,0,0.442778,0,0,0,0,0,0,0,0,0,0,0,0,0,0,0,0,0,0,0,0,0,0,0,0,0,0,0,0,
0,0,0,3.79069,3.34674,5.10843,0,0.263782,0.28969,0.286157,0.308531,0,0.292045,0.306176,0.273203,0.219034,0.24023,0,0,0,0,0,0,0,0,0,0,0,0,0,0,0,0,0,0,0,0,0,0,0,0,0.360346,0,0,0,0,0,0,0,0,0,0.744243,0,0,0,0,0,0,0,0,0,0,0,0,0,0,0,0,0,0,0,0,0,0,0,0,0,
0,0,0,3.76832,4.73866,4.55967,0,0.219034,0.21079,0,0.219034,0.221389,0.209613,0.160154,0.169574,0.162509,0.157798,0,0,0,0,0,0,0,0,0,0,0,0,0,0,0,0,0,0,0,0,0,0,0,0,0,0,0,0,0.419226,0,0,0,0,0,0,0,0,0.553472,0,0,0,0.624128,0,0,0,0,0,0,0,0,0,0,0,0,0,0,0,0,0,0,
0,0,0,5.16966,3.66705,3.92612,0,0,0.402739,0.341504,0,0.35799,0.372122,0.332083,0.350925,0.35799,0.313242,0,0,0,0,0,0,0,0,0,0,0,0,0,0,0,0,0,0,0,0,0,0,0,0,0,0,0,0,0,0,0,0,0,0,0,0,0,0,0,0,0,0,0,0,0,0,0,0,0,0,0,0,0,0,0,0,0,0,0,0,
0,0,0,3.78952,3.86135,4.29588,0,0.452198,0.40745,0.46633,0.419226,0.445133,0.420403,0.310886,0.398029,0.423936,0.447488,0,0,0,0,0,0,0,0,0,0,0,0,0,0,0,0,0,0,0,0,0,0,0.539341,0,0,0,0,0,0,0,0,0,0.557005,0,0,0,0,0,0,0,0,0,0,0,0.685363,0,0,0,0,0,0,0,0,0,0,0,0,0,0,0,
0,0,0,4.34888,4.42895,3.87195,0,0.296755,0.275558,0.277914,0.282624,0.273203,0.277914,0.262605,0.259072,0.213146,0.237875,0,0,0,0,0,0,0,0,0,0,0,0,0,0,0,0,0,0,0,0,0,0.496947,0,0,0,0,0,0,0,0,0,0,0.494592,0,0,0,0,0,0,0,0,0.310886,0,0,0,0,0,0,0,0,0,0,0,0,0,0,0,0,0,0,
0,0,0,4.13691,3.32319,4.59028,0,0.402739,0.386253,0.395674,0,0.393318,0.405094,0.413338,0.255539,0.428646,0.405094,0,0,0,0,0,0,0,0,0,0,0,0,0,0,0,0,0,0,0,0,0,0,0,0.52521,0,0,0,0,0,0,0,0,0,0,0,0,0.334438,0,0,0.242586,0,0,0.43689,0,0,0,0,0,0,0,0,0,0,0,0,0,0,0,0,0,
0,0,0,4.28882,3.92259,3.69178,0,0.191949,0.28969,0.275558,0.273203,0.228454,0.280269,0.252006,0.282624,0.247296,0.244941,0,0,0,0,0,0,0,0,0,0,0,0,0,0,0,0,0,0,0,0,0,0,0,0,0.504013,0,0,0,0,0,0,0,0.070656,0,0,0,0,0,0.153088,0,0,0,0,0,0,0,0,0,0.35799,0,0,0,0,0,0,0,0,0,0,0,
0,0,0,4.42307,3.16421,4.57027,0,0.317952,0.284979,0.221389,0.228454,0.242586,0.252006,0.24023,0.247296,0.191949,0.270848,0,0,0,0,0,0,0,0,0,0,0,0,0,0,0,0,0,0,0,0,0,0,0,0.190771,0,0,0,0.17664,0,0,0,0.0141312,0,0,0,0,0,0,0,0,0,0,0,0,0,0,0.332083,0,0.308531,0,0,0,0,0,0,0,0,0,0,0,
0,0,0,4.59264,4.35948,4.18519,0,0.322662,0.334438,0.336794,0.329728,0.325018,0.332083,0.313242,0.31913,0.317952,0.29911,0,0,0,0,0,0,0,0,0,0,0,0,0,0,0,0,0,0,0,0,0,0.0753664,0,0,0,0,0.0565248,0,0.0683008,0,0.0376832,0.104806,0.047104,0,0.0836096,0,0.0777216,0,0.0788992,0,0,0.862003,0,0,0,0,0,0,0,0,0,0,0,0,0,0,0,0,0,0,
0,0,0,4.50196,5.32864,5.00009,0,0.29911,0.29911,0.226099,0.315597,0.306176,0.280269,0.288512,0.28969,0.280269,0.287334,0,0,0,0,0,0,0,0,0,0,0,0,0,0,0,0,0,0,0,0,0.17193,0,0,0.141312,0,0,0,0,0.169574,0,0,0,0,0,0,0,0,0,0,0,0,0,0,0,0,0,0,0,0,0,0,0,0,0,0,0,0,0,0,0,
0,0,0,4.24407,3.80483,4.3159,0,0.47575,0.52992,0.52521,0.560538,0.369766,0.539341,0.536986,0.515789,0.508723,0.482816,0,0,0,0,0,0,0,0,0,0,0,0,0,0,0,0,0,0,0,0,0,0,0,0,0.461619,0,0,0,0.41216,0,0,0,0,0.197837,0,0,0,0,0.197837,0,0,0,0,0,0,0,0,0,0,0,0,0,0,0,0,0,0,0,0,0,
0,0,0,3.81896,3.85546,4.24643,0,0.35799,0.37801,0.390963,0.34857,0.386253,0.349747,0.325018,0.335616,0.350925,0.329728,0,0,0,0,0,0,0,0,0,0,0,0,0,0,0,0,0,0,0,0,0,0,0,0,0,0.724224,0,0,0,0,0,0,0.141312,0,0,0,0,0.110694,0.124826,0,0,0,0,0.208435,0.211968,0,0,0,0,0,0,0,0,0,0,0,0,0,0,0,
0,0,0,4.55849,4.44897,3.66234,0,0.195482,0.196659,0.190771,0.143667,0.183706,0.164864,0.141312,0.144845,0.1472,0.17664,0,0,0,0,0,0,0,0,0,0,0,0,0,0,0,0,0,0,0,0,0,0,0,0,0,0,0.402739,0,0,0,0,0,0,0,0,0,0,0,0,0,0,0,0,0,0,0,0,0,0.591155,0,0,0,0,0,0,0,0,0,0,0,
0,0,0,3.63996,3.89786,4.16753,0,0.362701,0.332083,0.310886,0.329728,0.313242,0.329728,0.315597,0.310886,0.333261,0.322662,0,0,0,0,0,0,0,0,0,0,0,0,0,0,0,0,0,0,0,0,0,0,0,0,0,0,0,0,0,0.748954,0,0,0,0,0,0.242586,0,0,0,0,0,0.0859648,0.109517,0.105984,0,0,0,0.0753664,0,0,0,0,0,0,0,0,0,0,0,0,
0,0,0,5.5253,4.67154,4.50314,0,0,0.433357,0.447488,0.326195,0.362701,0.34857,0.327373,0.381542,0.383898,0.388608,0,0,0,0,0,0,0,0,0,0,0,0,0,0,0,0,0,0,0,0,0,0,0,0,0,0,0,0,0,0,0,0,0,0,0.343859,0,0,0,0,0,0,0,0,0,0,0,0.719514,0,0,0,0,0,0,0,0,0,0,0,0,0,
0,0,0,4.38774,3.90021,4.35359,0,0.301466,0.273203,0.243763,0.20608,0.214323,0.23081,0.244941,0.259072,0.233165,0.275558,0,0,0,0,0,0,0,0,0,0,0,0,0,0,0,0,0,0,0,0,0.0753664,0,0,0,0,0.0836096,0.082432,0,0.082432,0,0,0,0,0,0,0,0,0,0,0,0,0,0,0,0.115405,0.167219,0.0953856,0,0.0894976,0,0,0,0,0,0,0,0,0,0,0,
0,0,0,4.3159,3.34203,4.84582,0,0.306176,0.287334,0.274381,0.242586,0.254362,0.244941,0.252006,0.254362,0.259072,0.268493,0,0,0,0,0,0,0,0,0,0,0,0,0,0,0,0,0,0,0,0,0,0,0.347392,0,0,0,0,0,0,0,0,0,0,0,0.555827,0,0,0,0,0,0,0,0,0,0,0,0,0,0,0,0,0,0,0,0,0,0,0,0,0,
0,0,0,4.95534,3.59404,5.45818,0,0.512256,0.494592,0.485171,0.461619,0.317952,0.460442,0.296755,0.270848,0.447488,0.459264,0,0,0,0,0,0,0,0,0,0,0,0,0,0,0,0,0,0,0,0,0.047104,0,0,0.0105984,0,0,0,0,0,0,0,0,0,0.379187,0,0,0,0,0,0,0,0,0,0,0,0,0,0,0,0,0,0,0,0,0,0,0,0,0,0,
0,0,0,3.53869,3.31377,4.77988,0,0.339149,0.346214,0.325018,0.35328,0.310886,0.329728,0.322662,0.339149,0.292045,0.292045,0,0,0,0,0,0,0,0,0,0,0,0,0,0,0,0,0,0,0,0,0,0,0,0,0,0,0.674765,0,0,0,0,0.463974,0,0,0,0,0,0,0,0,0,0,0,0,0,0,0,0,0,0,0,0,0,0,0,0,0,0,0,0,
0,0,0,3.20425,4.847,4.33239,0,0.402739,0.268493,0.463974,0,0.247296,0.425114,0.433357,0.428646,0.461619,0.398029,0,0,0,0,0,0,0,0,0,0,0,0,0,0,0,0,0,0,0,0,0,0,0,0.8832,0,0,0,0,0,0,0,0,0,0,0,0,0,0,0,0,0,0,0,0,0,0,0.492237,0,0,0,0,0,0,0,0,0,0,0,0,0,
0,0,0,4.15104,4.60795,3.67293,0,0.487526,0.455731,0.435712,0.459264,0.468685,0.346214,0.461619,0.47104,0.47104,0.440422,0,0,0,0,0,0,0,0,0,0,0,0,0,0,0,0,0,0,0,0,0,0,0,0,0,0,0.455731,0,0,0,0,0,0,0,0,0,0.161331,0.11776,0,0,0,0,0,0,0,0,0.818432,0,0,0,0,0,0,0,0,0,0,0,0,0,
0,0,0,4.19697,4.5314,2.97344,0,0.372122,0.296755,0.346214,0.339149,0.34857,0.379187,0.367411,0.35328,0.369766,0.284979,0,0,0,0,0,0,0,0,0,0,0,0,0,0,0,0,0,0,0,0,0.183706,0,0,0,0,0.160154,0,0,0.143667,0,0,0,0.43689,0,0,0,0,0,0,0,0,0.317952,0,0,0,0,0,0,0,0,0,0,0,0,0,0,0,0,0,0,
0,0,0,3.99442,4.01797,3.72357,0,0.26967,0.277914,0.266138,0.257894,0.266138,0.200192,0.259072,0.268493,0.249651,0.277914,0,0,0,0,0,0,0,0,0,0,0,0,0,0,0,0,0,0,0,0,0.650035,0,0,0,0,0,0,0,0,0,0,0,0,0,0,0,0,0,0.341504,0,0,0,0.178995,0,0,0,0,0.193126,0,0,0,0,0,0,0,0,0,0,0,0,
0,0,0,4.4949,4.64445,4.28764,0,0.263782,0.242586,0.255539,0.263782,0.273203,0.263782,0.149555,0.18135,0.202547,0.211968,0,0,0,0,0,0,0,0,0,0,0,0,0,0,0,0,0,0,0,0,0,0,0,0,0,0.784282,0,0,0,0,0,0,0,0,0.209613,0,0,0,0.17193,0,0.513434,0,0,0,0,0,0,0,0,0,0,0,0,0,0,0,0,0,0,0,
0,0,0,4.29706,4.34652,5.15436,0,0.343859,0.367411,0.388608,0.287334,0.362701,0.341504,0.350925,0.325018,0.301466,0.270848,0,0,0,0,0,0,0,0,0,0,0,0,0,0,0,0,0,0,0,0,0,0,0,0,0,0,0,0,0,0.480461,0,0,0.226099,0,0,0,0,0.157798,0,0,0,0,0,0,0,0,0,0,0,0,0,0,0,0,0,0,0,0,0,0,
0,0,0,4.6527,4.29,4.49019,0,0.518144,0.494592,0.47104,0.520499,0.493414,0.513434,0.47104,0.492237,0.473395,0.504013,0,0,0,0,0,0,0,0,0,0,0,0,0,0,0,0,0,0,0,0,0,0.134246,0,0,0.150733,0,0,0,0,0,0,0,0,0,0,0,0,0,0,0,0,0.400384,0,0,0,0,0,0,0,0,0,0,0,0,0,0,0,0,0,0,
0,0,0,4.73631,4.82816,4.38185,0,0.428646,0.41687,0.386253,0.383898,0.381542,0.398029,0.350925,0.400384,0.400384,0.392141,0,0,0,0,0,0,0,0,0,0,0,0,0,0,0,0,0,0,0,0,0.0847872,0,0,0,0.209613,0.195482,0,0,0,0,0,0,0,0.110694,0.0683008,0,0,0,0,0,0,0,0,0,0.336794,0,0,0,0,0,0,0,0,0,0,0,0,0,0,0,
0,0,0,4.72218,4.62326,4.53729,0,0.47575,0.492237,0.401562,0.473395,0.426291,0.315597,0.472218,0.459264,0.410982,0.494592,0,0,0,0,0,0,0,0,0,0,0,0,0,0,0,0,0,0,0,0,0,0,0,0.350925,0,0,0,0,0,0,0,0,0,0,0,0,0,0.607642,0,0,0,0,0,0,0,0,0,0,0,0,0,0,0,0,0,0,0,0,0,0,
0,0,0,4.27351,3.88608,4.1216,0,0.304998,0.280269,0.292045,0.301466,0.309709,0.290867,0.256717,0.2944,0.204902,0.303821,0,0,0,0,0,0,0,0,0,0,0,0,0,0,0,0,0,0,0,0,0,0,0,0,0,0,0,0,0,0.70656,0,0,0,0,0,0,0,0.226099,0,0,0,0,0,0,0,0,0,0,0,0,0,0,0,0,0,0,0,0,0,0,
0,0,0,4.65741,3.93318,4.01091,0,0.527565,0.337971,0.473395,0.336794,0,0.518144,0.496947,0,0.507546,0.355635,0,0,0,0,0,0,0,0,0,0,0,0,0,0,0,0,0,0,0,0,0,0,0,0,0,0,0,0,0,0,0,0,0,0,0,0.169574,0.138957,0,0.143667,0,0,0,0,0,0.17664,0,0,0,0.0965632,0,0,0,0,0,0,0,0,0,0,0,
0,0,0,5.08723,3.48216,3.99442,0,0.35799,0.35328,0.326195,0.317952,0.322662,0.308531,0.332083,0.308531,0.301466,0.287334,0,0,0,0,0,0,0,0,0,0,0,0,0,0,0,0,0,0,0,0,0,0,0,0,0,0,0,0,0,0,0.336794,0,0,0,0,0,0,0,0,0,0,0.214323,0,0,0,0,0,0,0.160154,0,0,0,0,0,0,0,0,0,0,0,
0,0,0,4.85171,3.12064,3.38207,0,0.494592,0.489882,0.473395,0.473395,0.461619,0.419226,0.447488,0.420403,0.418048,0.41216,0,0,0,0,0,0,0,0,0,0,0,0,0,0,0,0,0,0,0,0,0.0800768,0,0,0.141312,0,0,0.0541696,0.0635904,0.0683008,0.0930304,0,0,0,0,0,0,0,0,0,0,0,0,0,0,0,0,0.599398,0,0,0,0,0,0,0,0,0,0,0,0,0,
0,0,0,4.19579,4.60677,3.56224,0,0.410982,0.390963,0.390963,0.386253,0.376832,0.395674,0.386253,0.287334,0.388608,0.355635,0,0,0,0,0,0,0,0,0,0,0,0,0,0,0,0,0,0,0,0,0,0.28969,0,0,0,0,0,0,0,0,0,0,0,0,0.193126,0,0,0.252006,0,0,0,0,0.963277,0,0,0,0,0,0,0,0,0,0,0,0,0,0,0,0,0,
0,0,0,4.16282,3.82249,4.97183,0,0.499302,0.491059,0.438067,0.456909,0.440422,0.362701,0,0.360346,0.453376,0.454554,0,0,0,0,0,0,0,0,0,0,0,0,0,0,0,0,0,0,0,0,0,0.478106,0,0,0,0,0,0,0,0,0,0,0,0,0,0,0,0.296755,0,0,0.131891,0.140134,0.0753664,0,0,0,0,0,0.0730112,0.103629,0,0,0,0,0,0,0,0,0,0,
0,0,0,4.20521,3.15715,4.96476,0,0.352102,0.277914,0.197837,0.374477,0.32855,0.350925,0.336794,0.372122,0.280269,0.350925,0,0,0,0,0,0,0,0,0,0,0,0,0,0,0,0,0,0,0,0,0,0,0,0,0,0,0,0,0.487526,0,0.136602,0.143667,0,0,0,0,0,0,0,0,0,0,0,0,0,0,0,0,0,0,0,0,0,0,0,0,0,0,0,0,
0,0,0,4.55025,4.2005,4.20874,0,0.322662,0.322662,0.316774,0.263782,0.292045,0.296755,0.246118,0.270848,0.28969,0.266138,0,0,0,0,0,0,0,0,0,0,0,0,0,0,0,0,0,0,0,0,0,0.425114,0,0,0,0,0,0,0,0,0.110694,0,0,0,0,0,0,0,0.0800768,0,0,0,0.94679,0,0,0,0,0,0,0,0,0,0,0,0,0,0,0,0,0,
0,0,0,3.15126,3.35498,4.61855,0,0.47104,0.414515,0.41216,0.395674,0.431002,0.435712,0.386253,0.327373,0.386253,0.381542,0,0,0,0,0,0,0,0,0,0,0,0,0,0,0,0,0,0,0,0,0,0.138957,0,0,0.26967,0.148378,0,0,0.167219,0,0.5888,0,0,0,0,0,0,0,0,0,0,0,0,0,0,0,0,0,0,0,0,0,0,0,0,0,0,0,0,0,
0,0,0,4.20168,5.16849,4.21934,0,0.463974,0.435712,0.47104,0.461619,0.473395,0.442778,0.435712,0.454554,0.374477,0.459264,0,0,0,0,0,0,0,0,0,0,0,0,0,0,0,0,0,0,0,0,0,0,0,0,1.01509,0,0,0,0,0,0,0,0,0,0,0,0,0,0,0,0,0,0,0,0,0,0,0,0,0,0,0,0,0,0,0,0,0,0,0,
0,0,0,37.4583,50.1705,46.852,0,1.58976,1.69221,1.72872,1.75933,1.74285,1.78171,1.67926,1.83352,1.67926,1.58858,0,0,0,0,0,0,0,0,0,0,0,0,0,0,0,0,0,0,0,0,1.24943,0.59351,1.20704,1.19409,0,0.611174,0.886733,0,0,0,0,1.08104,0,2.07022,1.90771,0,0,0,0,0,3.36323,3.59168,0,0,0,0,0,0,0,0,0,0,0,0,0,0,0,0,0,0,
0,0,0,30.3491,45.579,49.219,0,1.69221,2.25746,2.20682,1.70634,1.64275,2.18563,2.18092,2.26335,2.16325,2.26335,0,0,0,0,0,0,0,0,0,0,0,0,0,0,0,0,0,0,0,0,0,1.04689,0,0,2.01841,0,0,2.23744,1.7193,0,0,0,0,1.14463,1.65571,1.5509,0,0,1.66277,1.4614,0.999782,0.882022,0,0,0,0.719514,0,0,0.758374,1.14227,0,0,0,0,0,0,0,0,0,0,
0,0,0,41.4939,45.4306,45.5272,0,2.11144,2.1079,2.02076,2.04902,2.09024,2.22095,1.62156,2.15619,1.91713,1.56739,0,0,0,0,0,0,0,0,0,0,0,0,0,0,0,0,0,0,0,0,1.42019,0.76073,0.807834,1.29889,0,0.773683,0,0,0,0,1.68161,0,1.8347,0.995072,1.39546,0,1.19055,0,1.16818,0,0.600576,1.651,0,0,0,0.800768,0,0,1.59094,1.24001,0,0,0,0,0,0,0,0,0,0,
0,0,0,34.1598,47.0651,48.7727,0,2.7391,2.73792,2.77796,2.73792,2.77207,2.7391,2.7285,2.71319,2.72143,2.7862,0,0,0,0,0,0,0,0,0,0,0,0,0,0,0,0,0,0,0,0,0.70185,0,0.498125,0.766618,0.326195,0,0.423936,0,0.360346,0,3.07825,2.88276,0,0,2.18563,0,0,0,0,0,0.936192,0,0,0.833741,0.595866,0.965632,0,0.756019,1.24826,1.01509,0,0,0,0,0,0,0,0,0,0,
0,0,0,43.0377,43.802,48.0096,0,2.29514,1.84294,1.84412,1.91596,1.71341,2.00899,0,1.82646,2.08788,2.02076,0,0,0,0,0,0,0,0,0,0,0,0,0,0,0,0,0,0,0,0,0.720691,0,0.767795,0.644147,0,0.779571,0,0,0.49577,0.605286,1.31891,0,1.39546,1.30007,0.919706,0,1.67219,0.919706,0,0,0.680653,1.78642,1.86179,0,0,0,0,1.38368,0,0,0,0,0,0,0,0,0,0,0,0,
0,0,0,34.5802,47.7658,50.1764,0,2.34225,2.27159,2.22802,2.27041,2.26924,2.25746,2.23508,2.20329,2.21271,2.28808,0,0,0,0,0,0,0,0,0,0,0,0,0,0,0,0,0,0,0,0,0,1.55914,1.52499,0.944435,1.36131,0,0.671232,0,0.64768,0,0,1.93126,0,0,1.74049,0,0,0,1.79231,1.74991,0.440422,0.796058,0.480461,0.754842,0.520499,0.440422,0,0,0,0.480461,0,0,0,0,0,0,0,0,0,0,
0,0,0,33.3167,49.7041,49.1012,0,2.74499,2.78973,2.79916,2.86746,2.79209,2.78856,2.77914,2.75676,2.72614,2.83919,0,0,0,0,0,0,0,0,0,0,0,0,0,0,0,0,0,0,0,0,0,0,1.08928,0.600576,0.684186,0,1.17407,0,0,1.03511,1.6192,0,0,0,0,2.73556,0,0,3.13242,0,1.25297,0,0,0,0.519322,0.673587,1.19055,0.586445,0.916173,0.94679,0,0,0,0,0,0,0,0,0,0,
0,0,0,40.3552,49.6594,42.0015,0,2.51064,1.92891,2.38817,2.46001,2.49533,1.9713,2.32223,2.4129,2.44588,2.52477,0,0,0,0,0,0,0,0,0,0,0,0,0,0,0,0,0,0,0,0,0,0,0,2.80975,2.84979,0,0,0,0,3.0229,0,0,0,0,0,0.995072,1.01038,1.07279,0.759552,0,2.2869,0,0,2.64607,0,0,0,0,2.5342,1.7193,0,0,0,0,0,0,0,0,0,0,
0,0,0,36.7835,47.5079,49.0294,0,2.64018,2.57541,2.65549,2.639,2.55304,2.60603,2.63429,2.5813,2.60603,2.65784,0,0,0,0,0,0,0,0,0,0,0,0,0,0,0,0,0,0,0,0,0,2.7073,0,0,0,1.0622,0,2.41408,0,0,1.15052,1.53559,0,0,1.32009,0,0,1.27181,0,1.10459,0,0,0.920883,1.08692,0.714803,0.751309,0,0.871424,0,0.741888,0,0,0,0,0,0,0,0,0,0,
0,0,0,28.4779,49.2837,47.535,0,2.8863,2.95931,2.92516,2.83566,2.95813,2.8863,2.38582,2.96402,2.90749,2.41644,0,0,0,0,0,0,0,0,0,0,0,0,0,0,0,0,0,0,0,0,0,0,1.54737,0,1.98426,0,0,0,1.53206,0,0,1.1199,1.35895,0,0,1.43196,1.10341,0,1.07397,0,1.31185,1.03158,0,1.19291,1.37544,0,0.714803,0,1.39546,0,0,0,0,0,0,0,0,0,0,0,
0,0,0,39.0869,47.6692,46.8591,0,2.38111,2.48945,2.44352,2.32694,2.46825,2.39171,2.44588,2.3552,2.28808,2.46236,0,0,0,0,0,0,0,0,0,0,0,0,0,0,0,0,0,0,0,0,0,0.964454,0.780749,0,0,0,0.865536,0.892621,0,0,1.42725,0,0,1.6981,1.11519,0,1.45316,1.34717,0,0,0,0,0.990362,0,0,1.86767,2.19269,0,1.64982,0,0,0,0,0,0,0,0,0,0,0,
0,0,0,34.791,47.9837,41.3809,0,2.75558,2.69317,2.74616,2.79209,2.75205,2.78149,2.83802,2.74616,2.76854,2.81682,0,0,0,0,0,0,0,0,0,0,0,0,0,0,0,0,0,0,0,0,0.715981,0,1.02451,0.712448,0,0,0,0,0.435712,0.814899,0.640614,0.47104,1.04806,0.600576,0.674765,0.280269,0,0,0,0.594688,1.27181,1.33422,0,1.15523,0.920883,1.22588,1.07515,0,0,1.35188,0,0,0,0,0,0,0,0,0,0,
0,0,0,31.1193,48.8857,48.3817,0,2.65784,2.59661,2.60721,2.55657,2.67551,2.65784,2.61309,2.07846,2.17856,2.639,0,0,0,0,0,0,0,0,0,0,0,0,0,0,0,0,0,0,0,0,0,0,2.35756,1.3142,0,2.21389,0,0,0,0,0,0.956211,0,0,1.02804,0.831386,0,1.29183,0,0.679475,0,0,2.17503,0,0,2.24097,1.16111,0,0,0,0,0,0,0,0,0,0,0,0,0,
0,0,0,33.3014,48.8834,47.8141,0,1.62744,1.81115,1.65806,1.34953,1.77935,1.58976,1.64746,1.89711,1.90771,1.73225,0,0,0,0,0,0,0,0,0,0,0,0,0,0,0,0,0,0,0,0,0,0,1.97837,0,0,0,0,0,1.67455,1.67101,0,0.94208,0,0,1.34246,0,0,1.51322,0,0.796058,1.23884,2.28925,1.11048,1.24237,0,0,0,0,0,0,0,0,0,0,0,0,0,0,0,0,
0,0,0,42.8894,49.7618,46.6412,0,2.35167,2.31752,2.19151,0,2.04314,2.13852,1.97248,2.04431,2.18916,1.51322,0,0,0,0,0,0,0,0,0,0,0,0,0,0,0,0,0,0,0,0,0,0,0,4.0215,0,0,4.02621,0,0,0,0,2.22095,2.19622,0,0,1.67101,0,0,0,0,0.750131,0.640614,1.19409,1.346,0,0,0.864358,0,0.834918,0.986829,0,0,0,0,0,0,0,0,0,0,
0,0,0,26.7186,47.2724,45.3211,0,2.70495,2.70966,2.66491,2.76147,2.7073,2.72614,2.7497,2.765,2.72026,2.70966,0,0,0,0,0,0,0,0,0,0,0,0,0,0,0,0,0,0,0,0,0,1.03393,0.82903,0.639437,0,0,0.327373,1.06455,0,0,0.555827,0.79959,0.639437,0.674765,0,0.602931,0,0,1.34129,1.19409,0,1.36602,1.28123,1.42607,1.43078,1.23648,0,0,0.79959,0,0,0,0,0,0,0,0,0,0,0,
0,0,0,37.934,48.6961,49.3026,0,2.38111,2.33283,2.32812,2.37286,2.41055,2.39877,2.43174,2.38464,1.91831,2.34107,0,0,0,0,0,0,0,0,0,0,0,0,0,0,0,0,0,0,0,0,0.627661,0.489882,0,0.82432,1.3354,0,0,1.06573,0,0,1.07868,1.30596,0,1.46611,1.03982,0,1.33658,0,0,1.15523,0.832563,0.675942,0,0.55465,0.960922,0,0.91735,0.520499,0.680653,0.640614,0,0,0,0,0,0,0,0,0,0,
0,0,0,28.293,44.5239,48.437,0,2.75205,2.83213,2.75794,2.82153,2.27983,2.8286,2.81446,2.83448,2.85215,2.75676,0,0,0,0,0,0,0,0,0,0,0,0,0,0,0,0,0,0,0,0,1.31302,0,0,0,1.24826,0,0,0,0.918528,0,1.43432,0,1.07868,0,1.4037,0,1.91478,1.48495,0,0.950323,1.1093,0,0,1.41076,0,0.800768,1.2353,0,0.768973,0.986829,0,0,0,0,0,0,0,0,0,0,
0,0,0,35.5353,48.5383,47.3642,0,2.56952,2.59072,2.5342,2.61192,2.5707,2.56364,2.5495,2.59308,2.63076,2.63076,0,0,0,0,0,0,0,0,0,0,0,0,0,0,0,0,0,0,0,0,0,1.35188,1.69221,0,1.00567,0,1.0092,0,0,0,1.62156,0.99625,0.955034,0,0.836096,1.2565,0,0,0,1.36013,0,0,0.79959,0,1.29654,0.727757,0.999782,0.99625,0.759552,0,0,0,0,0,0,0,0,0,0,0,
0,0,0,38.438,46.9721,47.9542,0,2.0502,2.07375,2.15148,1.4508,2.21036,2.07846,1.98779,2.1762,2.16325,2.04431,0,0,0,0,0,0,0,0,0,0,0,0,0,0,0,0,0,0,0,0,1.63333,2.38817,2.07375,0,0,0,0,0,0,0,0,4.62679,0,0,0,0,4.69627,0,0,0,0,1.03982,0.479283,0,0,0,0.936192,0.951501,1.22706,0.759552,0,0,0,0,0,0,0,0,0,0,
0,0,0,31.3642,48.1462,46.8897,0,2.9122,2.86392,2.91338,2.90632,2.86275,2.89336,2.04667,2.92987,2.91456,2.95813,0,0,0,0,0,0,0,0,0,0,0,0,0,0,0,0,0,0,0,0,1.5297,0,0,1.34011,0,1.7876,0,0,0,0,0.680653,0.837274,0,0,1.48378,0.719514,0,0,1.56032,1.03629,0.666522,1.2353,0.94679,0.653568,0.839629,0,0,0.635904,0.639437,0,0,0,0,0,0,0,0,0,0,0,
0,0,0,42.1051,50.2482,47.2229,0,2.3764,2.22331,2.3081,2.3446,1.87827,2.39759,2.4023,2.40819,2.39171,2.33518,0,0,0,0,0,0,0,0,0,0,0,0,0,0,0,0,0,0,0,0,2.0502,0,0,0,0,0,0,1.54619,2.58483,0,1.11636,0.435712,0.79017,0,0,1.10459,0.560538,0,0,0.599398,0,0,0,2.01252,0,0,0,1.66984,1.63569,0,0,0,0,0,0,0,0,0,0,0,
0,0,0,28.1352,44.5262,47.6999,0,2.91574,2.90396,2.93811,2.94989,2.88159,2.92634,2.96166,2.89807,2.97108,2.88276,0,0,0,0,0,0,0,0,0,0,0,0,0,0,0,0,0,0,0,0,0,3.42446,0,0,0,0,0,2.16207,0,0,1.02687,1.14227,0,2.09848,0,2.69553,0,0,0,1.26121,0.956211,1.61213,0,0,0,0,1.59565,0,1.42372,0,0,0,0,0,0,0,0,0,0,0,
0,0,0,27.9327,49.7666,44.0281,0,2.89454,2.87923,2.93929,2.85921,2.94164,2.90396,2.86275,2.88276,2.92987,2.90749,0,0,0,0,0,0,0,0,0,0,0,0,0,0,0,0,0,0,0,0,0,1.49555,0,0,0,1.20351,0,0.865536,0,0,1.07162,0,1.10577,0.754842,0.758374,0.480461,0,0.55936,0.435712,0,0,0,0,0,2.05962,1.34717,1.56032,1.11048,0,0,0,0,0,0,0,0,0,0,0,0,
0,0,0,36.3937,49.2131,45.2764,0,2.10084,2.17856,1.91949,1.54854,2.1762,1.60154,2.04902,1.58623,2.16796,2.12557,0,0,0,0,0,0,0,0,0,0,0,0,0,0,0,0,0,0,0,0,0,0,0,1.2565,0,1.64511,1.74756,0,0,0,1.32009,0.719514,0.800768,0,0,0,1.10341,0,0.841984,0.710093,1.07868,0,1.23766,0.725402,1.31302,0.831386,0.879667,0,0.751309,0,0,0,0,0,0,0,0,0,0,0,
0,0,0,31.0922,49.0883,49.0388,0,2.30574,2.31045,2.18563,2.2657,2.21624,2.30103,2.24922,2.33989,2.27395,2.2657,0,0,0,0,0,0,0,0,0,0,0,0,0,0,0,0,0,0,0,0,0,3.99913,0,0,0,0,0,0,0,0,0.959744,0,1.42961,1.70988,0,0,0,1.03747,0.904397,0,1.10812,0.997427,0,0,1.1199,0.984474,0,0,0.926771,0,0,0,0,0,0,0,0,0,0,0,
0,0,0,34.7839,50.6462,48.3122,0,0,2.17856,2.14912,2.32812,2.15501,2.14088,2.15265,2.12086,2.18563,2.24804,0,0,0,0,0,0,0,0,0,0,0,0,0,0,0,0,0,0,0,0,1.96659,1.42372,0,0,0,0,0,1.83235,0,0,0,0.615885,0.783104,1.15523,0.680653,0.79017,0.786637,0,0,0.949146,0,0,0.679475,0.975053,0,0.927949,0.712448,0,0.898509,0.873779,0,0,0,0,0,0,0,0,0,0,
0,0,0,39.8676,46.4481,46.885,0,2.38582,2.52242,1.78642,2.35049,2.43645,2.44823,2.50829,2.38582,2.28101,2.45412,0,0,0,0,0,0,0,0,0,0,0,0,0,0,0,0,0,0,0,0,0,1.05277,0,0,0,0,0.955034,1.55208,0,0.910285,0,0,1.69457,1.46493,0,0,1.47671,1.64157,0,1.54266,0,0,1.79231,1.58387,0,2.09966,0,1.69339,0,0,0,0,0,0,0,0,0,0,0,0,
0,0,0,31.2123,44.0693,44.6593,0,2.1609,2.17385,2.25746,2.19505,2.19269,2.21389,2.25393,2.12675,2.28337,2.20447,0,0,0,0,0,0,0,0,0,0,0,0,0,0,0,0,0,0,0,0,0,1.14463,0,1.11872,0,1.57445,0,0,1.0198,0,0,0,1.95246,0,2.32694,0,1.27181,1.39428,0,1.99132,0,0,2.2398,0,0,1.58623,2.61663,2.09613,0,0,0,0,0,0,0,0,0,0,0,0,
0,0,0,33.7229,51.4128,49.6782,0,2.42586,2.40937,2.36344,2.42468,2.5024,2.44705,2.42232,2.45294,2.39524,2.50947,0,0,0,0,0,0,0,0,0,0,0,0,0,0,0,0,0,0,0,0,0.898509,1.58505,0,0,1.40252,0.862003,0,0,0,0,0.705382,1.041,1.22235,0,0,1.27416,0,0,0,1.62273,0,1.38839,0,1.22941,0.90793,0,0.871424,0,0,1.22706,0,0,0,0,0,0,0,0,0,0,
0,0,0,26.6597,50.3801,50.227,0,2.75323,2.6178,2.67433,2.72732,2.70612,2.64607,2.72379,2.75323,2.66609,2.64842,0,0,0,0,0,0,0,0,0,0,0,0,0,0,0,0,0,0,0,0,0,1.77582,0,0,0,0,2.64842,0,0,1.13167,0,0.560538,0.865536,0,0.637082,0.630016,0.600576,0.640614,0,0.687718,0,2.64724,0,2.34578,0,0,0,0,0,0,0,0,0,0,0,0,0,0,0,0,
0,0,0,26.3735,47.4749,47.5892,0,2.92869,2.13146,2.8286,2.22449,2.17856,2.8651,2.80269,2.77207,2.1868,2.80151,0,0,0,0,0,0,0,0,0,0,0,0,0,0,0,0,0,0,0,0,0,0,0,2.26217,0,1.82292,0,0,1.651,0,0,0,1.38957,1.50851,1.85354,0,0,1.62156,0,0,0.791347,0.680653,0.831386,0,1.58152,1.49791,0,1.23648,0,0,0,0,0,0,0,0,0,0,0,0,
0,0,0,25.7765,48.4971,46.6695,0,2.96873,2.97815,2.84626,2.92751,2.90985,2.40113,2.98168,2.98051,2.4129,2.90514,0,0,0,0,0,0,0,0,0,0,0,0,0,0,0,0,0,0,0,0,1.53206,0,0,0,0,1.15287,0,0,1.91478,0,0,0,0.76073,0,0.715981,1.26592,0.635904,0,0.479283,1.40252,1.03864,0,0,0,1.57445,0,1.89476,0,1.55796,1.05866,0,0,0,0,0,0,0,0,0,0,
0,0,0,28.7276,47.9578,45.1056,0,2.67904,2.61074,2.62723,2.18445,2.64018,2.59661,2.6814,2.54597,2.6602,2.56717,0,0,0,0,0,0,0,0,0,0,0,0,0,0,0,0,0,0,0,0,1.01391,0,0.832563,0,0,1.52852,1.21882,0,0,0,0,0,1.42607,0,0,0.892621,0.632371,0.800768,1.3931,0.867891,0.76073,0,0,1.75345,0,1.39781,1.28241,0.862003,0,0.892621,0,0,0,0,0,0,0,0,0,0,
0,0,0,28.8547,49.0094,48.4995,0,2.40113,2.61545,2.65431,2.57306,2.51182,2.63194,2.59661,2.6025,2.54479,2.56246,0,0,0,0,0,0,0,0,0,0,0,0,0,0,0,0,0,0,0,0,0.923238,0,0,2.17267,0,0,1.19762,0,0,0,1.14109,1.598,0.780749,0,0,1.46611,0,0,0.995072,1.18584,1.31185,1.27652,0,0.82903,1.32127,0,0,0,0.754842,1.22941,0,0,0,0,0,0,0,0,0,0,
0,0,0,41.3114,48.5289,46.0053,0,1.77935,2.02783,2.09024,2.06669,1.93833,1.98543,2.20093,1.92773,1.80173,2.00545,0,0,0,0,0,0,0,0,0,0,0,0,0,0,0,0,0,0,0,0,1.46611,0,0,0,1.49908,0,0,0,0.91264,1.02216,1.46847,1.22235,1.85472,0,1.34717,0,0,0,0,0,1.67455,0,1.34482,1.92655,0,0,1.74874,0.889088,0,0,0,0,0,0,0,0,0,0,0,0,
0,0,0,34.5378,46.6506,48.669,0,2.34931,2.95578,2.8545,2.83213,2.95107,2.91338,2.92045,2.88394,2.8757,2.8651,0,0,0,0,0,0,0,0,0,0,0,0,0,0,0,0,0,0,0,0,0,0,0,0,0,0,2.53302,0,2.1079,0,1.57681,0,0,1.07986,1.33893,0,1.4508,1.34953,0,0,1.04571,0.991539,0.574669,0,0,0,0.440422,0.560538,0,0.911462,0,0,0,0,0,0,0,0,0,0,
0,0,0,38.0059,46.8626,50.267,0,2.61074,2.65078,2.51889,2.63311,2.56835,2.69553,2.54008,2.60367,2.19622,2.5342,0,0,0,0,0,0,0,0,0,0,0,0,0,0,0,0,0,0,0,0,0.792525,0,1.08928,0.784282,1.7452,0,0,0,0,0,0,0,0,3.00877,0,0,3.00995,2.45059,0,0,0,0.635904,0.71127,0,0.558182,0.697139,1.07633,0,0.956211,0.598221,0,0,0,0,0,0,0,0,0,0,
0,0,0,38.65,50.87,51.5094,0,2.76147,2.83802,2.81093,2.82742,2.75558,2.80269,2.79444,2.84979,2.77796,2.72261,0,0,0,0,0,0,0,0,0,0,0,0,0,0,0,0,0,0,0,0,0,0,0,1.07162,0.91264,1.06808,1.12696,0,0,0,0,0,1.5038,0,0,0,1.18113,1.26828,0.960922,0,0.79488,0.833741,0.90793,0.671232,0,0,0.751309,0.796058,0.759552,0,0,0,0,0,0,0,0,0,0,0,
0,0,0,39.1258,49.3438,50.0951,0,2.59779,2.50004,2.4553,2.63194,2.63665,2.56952,2.62134,2.56481,2.59308,2.65078,0,0,0,0,0,0,0,0,0,0,0,0,0,0,0,0,0,0,0,0,0,1.28947,0.986829,0,1.10223,0,0,0.825498,0,0.719514,0,1.93362,0,0.993894,0,1.0987,0,1.66159,0,0,0,1.40252,1.78289,0,0,1.70752,0,0,1.62509,0,0,0,0,0,0,0,0,0,0,0,
0,0,0,41.0099,42.847,46.3751,0,2.31869,2.29868,2.27159,2.16561,2.31281,2.29396,2.18445,2.26452,2.25746,2.27983,0,0,0,0,0,0,0,0,0,0,0,0,0,0,0,0,0,0,0,0,0,0,0,0,0,0,1.71223,0,1.44845,1.80526,3.45272,4.67978,0,0,0,0,0,0,2.50947,0,0,0,1.74403,1.04218,1.11048,0,0,1.23059,0,1.41665,0,0,0,0,0,0,0,0,0,0,
0,0,0,28.346,49.7194,48.5265,0,2.45765,2.46589,2.47532,2.44941,2.47532,2.4447,2.43528,2.37286,2.47532,2.39995,0,0,0,0,0,0,0,0,0,0,0,0,0,0,0,0,0,0,0,0,0,0,0,0,2.80387,0,0,0,2.28572,0,2.01016,0,1.93715,0,0,0.830208,0,0,0.797235,1.58269,1.8347,1.87709,1.50733,0,0,1.72754,0,0,0,0,0,0,0,0,0,0,0,0,0,0,
0,0,0,38.5287,50.0339,46.0913,0,3.1489,3.12064,3.13477,3.11122,3.11828,3.15479,3.17599,2.57306,3.12064,3.08884,0,0,0,0,0,0,0,0,0,0,0,0,0,0,0,0,0,0,0,0,0,0,2.04785,0,0,1.16229,0,1.62273,0,0,0.514611,0,1.1458,0,0.548762,1.13638,0.600576,0.506368,0.679475,0,2.05491,1.16111,0,1.98897,0,1.78524,0,0,0,0,0,0,0,0,0,0,0,0,0,0,
0,0,0,38.8761,46.0194,44.5839,0,2.72614,2.70612,2.73674,2.68493,2.76265,2.76972,0,2.14794,2.73792,2.77796,0,0,0,0,0,0,0,0,0,0,0,0,0,0,0,0,0,0,0,0,0.986829,0,1.11872,0,0,0.585267,0,0.632371,0.693606,0.844339,1.06455,1.041,0,2.24451,0,2.42821,1.07633,0,0,0,1.30714,0,1.43078,0.960922,1.03158,0,1.11048,1.07633,0,0.953856,0,0,0,0,0,0,0,0,0,0,
0,0,0,28.4697,55.3814,46.978,0,2.55892,2.67433,2.58483,2.60014,2.55657,2.64371,2.61074,2.64371,2.62016,2.65549,0,0,0,0,0,0,0,0,0,0,0,0,0,0,0,0,0,0,0,0,0,0,0,1.777,1.60742,1.10812,0,0.998605,0,0,0,0,0.23552,0.120115,0,0,0,0,0,0,1.346,0.671232,1.19997,0.876134,1.1882,0,0.916173,0,1.02216,0,0,0,0,0,0,0,0,0,0,0,
0,0,0,27.0966,49.7948,48.1945,0,2.85568,2.75087,2.78267,2.76972,2.818,2.78502,2.79916,2.83448,2.72261,2.80622,0,0,0,0,0,0,0,0,0,0,0,0,0,0,0,0,0,0,0,0,0,0.737178,0,1.09046,0,2.34342,0,0,0,0,0,0.675942,0.830208,0.989184,1.15287,1.08221,0,0.879667,0,0,0,1.74991,0,2.15736,0,1.2247,0,0,0,1.31656,0,0,0,0,0,0,0,0,0,0,
0,0,0,31.7163,48.2969,46.567,0,2.77796,2.09495,1.86885,2.72026,2.75087,2.71555,2.60603,2.67668,2.75205,2.67315,0,0,0,0,0,0,0,0,0,0,0,0,0,0,0,0,0,0,0,0,0,1.4249,0,1.55325,0,0,0,0,0.797235,1.70752,1.96306,1.33422,0.99625,1.30714,0,0,0,0,1.06926,0,1.03982,2.07964,0,2.07729,1.94775,0,0,0,0,0,0,0,0,0,0,0,0,0,0,0,
0,0,0,36.8553,49.3673,46.5388,0,2.40937,2.39053,2.36815,2.36698,2.23744,2.34578,2.39288,2.32812,2.25628,2.34225,0,0,0,0,0,0,0,0,0,0,0,0,0,0,0,0,0,0,0,0,0.281446,0.522854,0.659456,0,0.304998,0.975053,0.767795,0,0.55936,0,0.880845,1.2777,1.03276,1.38368,0,0,0.879667,0,1.03747,0,1.96541,0,1.88298,1.43196,1.6192,0,0,0,0,0,0,0,0,0,0,0,0,0,0,0,
0,0,0,26.5678,45.7486,43.2686,0,2.39995,2.4918,2.41997,2.46354,2.39406,2.43763,2.36933,1.96895,2.37522,2.3552,0,0,0,0,0,0,0,0,0,0,0,0,0,0,0,0,0,0,0,0,2.66609,3.56813,0,0,0,0,0,0,0,0,0,2.18092,0,1.78877,0,0,0,0,1.70281,1.167,1.31891,1.15169,1.55561,0,0,1.25532,1.17996,1.19055,0,1.23177,0,0,0,0,0,0,0,0,0,0,
0,0,0,32.8927,50.247,49.2979,0,3.33025,3.35498,2.79444,3.34556,0,3.37382,3.41504,3.29728,0,3.23133,0,0,0,0,0,0,0,0,0,0,0,0,0,0,0,0,0,0,0,0,0,0,0,0,1.93951,0,2.98404,0,0,0,0.956211,0,2.6496,0,0,0,0,0,2.18445,0,1.75698,1.11636,0.76073,0.806656,0,0,0,0,1.54383,0,0,0,0,0,0,0,0,0,0,0,
