0,0,0,4.22994,0,0,0.287334,0.148378,0.29911,0.277914,0.233165,0.237875,0.220211,0.248474,0.24023,0.246118,0,0,0,0,0,0,0,0,0,0,0,0,0,0,0,0,0,0,0,0,0,0,0,0,0.648858,0,0,0,0,0,0,0,0,0,0,0,0,0,0,0,0,0,0,0,0,0,0,0,0,0,
0,0,0,4.59146,0,0,0.23081,0.244941,0.24023,0.214323,0.174285,0.256717,0.254362,0.256717,0.249651,0.204902,0,0,0,0,0,0,0,0,0,0,0,0,0,0,0,0,0,0,0,0,0,0,0,0,0,0,0.259072,0,0,0,0,0,0,0,0,0,0,0,0,0,0,0,0,0,0,0,0,0,0,0,
0,0,0,4.47488,0,0,0.355635,0.34857,0.336794,0.334438,0.336794,0.280269,0.28969,0.28969,0.208435,0.280269,0,0,0,0,0,0,0,0,0,0,0,0,0,0,0,0,0,0,0,0,0,0,0.617062,0,0,0,0,0,0,0,0,0,0,0,0,0,0,0,0,0,0,0,0,0,0,0,0,0,0,0,
0,0,0,4.32179,0,0,0.266138,0.24023,0.270848,0.254362,0.261427,0.261427,0.202547,0.277914,0.257894,0.221389,0,0,0,0,0,0,0,0,0,0,0,0,0,0,0,0,0,0,0,0,0,0,0,0,0,0,0.463974,0,0,0,0,0,0,0,0,0,0,0,0,0,0,0,0,0,0,0,0,0,0,0,
0,0,0,4.45015,0,0,0.379187,0.326195,0.309709,0.287334,0.317952,0.335616,0.320307,0.310886,0.284979,0.303821,0,0,0,0,0,0,0,0,0,0,0,0,0,0,0,0,0,0,0,0,0,0,0.405094,0,0,0,0,0,0,0,0,0,0,0,0,0,0,0,0,0,0,0,0,0,0,0,0,0,0,0,
0,0,0,3.82484,0,0,0.329728,0.301466,0.261427,0.280269,0.275558,0.242586,0.270848,0.221389,0.247296,0.257894,0,0,0,0,0,0,0,0,0,0,0,0,0,0,0,0,0,0,0,0,0,1.02569,0,0,0,0,0,0,0,0,0,0,0,0,0,0,0,0,0,0,0,0,0,0,0,0,0,0,0,0,
0,0,0,3.6906,0,0,0.231987,0.369766,0.343859,0.339149,0.336794,0.334438,0.329728,0.325018,0.34857,0.32384,0,0,0,0,0,0,0,0,0,0,0,0,0,0,0,0,0,0,0,0,0,0,0,0,0,0.577024,0,0,0,0,0,0,0,0,0,0,0,0,0,0,0,0,0,0,0,0,0,0,0,0,
0,0,0,4.16988,0,0,0.236698,0.187238,0.209613,0.219034,0.219034,0.214323,0.177818,0.217856,0.223744,0.222566,0,0,0,0,0,0,0,0,0,0,0,0,0,0,0,0,0,0,0,0,0,0,0,0,0,0,0,0,0,0,0,0,0,0,0,0,0,0,0,0,0,0,0,0,0,0,0,0,0,0,
0,0,0,4.237,0,0,0.256717,0.223744,0.202547,0.209613,0.195482,0.221389,0.233165,0.247296,0.202547,0.23552,0,0,0,0,0,0,0,0,0,0,0,0,0,0,0,0,0,0,0,0,0,0.0376832,0,0.0624128,0,0,0,0.138957,0,0,0,0,0,0,0,0,0,0,0,0,0,0,0,0,0,0,0,0,0,0,
0,0,0,4.42895,0,0,0.508723,0.499302,0.435712,0.46633,0.459264,0.393318,0.431002,0.456909,0.40745,0.459264,0,0,0,0,0,0,0,0,0,0,0,0,0,0,0,0,0,0,0,0,0,0,0,0,0,0,0,0,0.461619,0,0,0,0,0,0,0,0,0,0,0,0,0,0,0,0,0,0,0,0,0,
0,0,0,4.21345,0,0,0.346214,0.339149,0.334438,0.332083,0.343859,0.287334,0.270848,0.315597,0.2944,0.280269,0,0,0,0,0,0,0,0,0,0,0,0,0,0,0,0,0,0,0,0,0,0,0.17664,0,0,0,0,0.137779,0,0.121293,0,0,0,0,0,0,0,0,0,0,0,0,0,0,0,0,0,0,0,0,
0,0,0,4.33475,0,0,0.334438,0.322662,0.320307,0.334438,0.306176,0.231987,0.28969,0.284979,0.310886,0.28969,0,0,0,0,0,0,0,0,0,0,0,0,0,0,0,0,0,0,0,0,0,0,0.296755,0,0,0,0,0,0,0.249651,0,0,0,0,0,0,0,0,0,0,0,0,0,0,0,0,0,0,0,0,
0,0,0,4.3689,0,0,0.275558,0.284979,0.254362,0.268493,0.189594,0.134246,0.228454,0.121293,0.242586,0.263782,0,0,0,0,0,0,0,0,0,0,0,0,0,0,0,0,0,0,0,0,0.420403,0,0,0,0,0,0,0,0,0,0,0,0,0,0,0,0,0,0,0,0,0,0,0,0,0,0,0,0,0,
0,0,0,3.98853,0,0,0.163686,0.167219,0.144845,0.131891,0.146022,0.153088,0.131891,0.127181,0.150733,0.160154,0,0,0,0,0,0,0,0,0,0,0,0,0,0,0,0,0,0,0,0,0,0.43689,0,0,0,0,0,0,0,0,0,0,0,0,0,0,0,0,0,0,0,0,0,0,0,0,0,0,0,0,
0,0,0,4.4737,0,0,0.202547,0.183706,0.164864,0.202547,0.17664,0.153088,0.216678,0.221389,0.0965632,0.233165,0,0,0,0,0,0,0,0,0,0,0,0,0,0,0,0,0,0,0,0,0,0,0,0,0,0,0.438067,0,0,0,0,0,0,0,0,0,0,0,0,0,0,0,0,0,0,0,0,0,0,0,
0,0,0,4.94356,0,0,0.261427,0.247296,0.270848,0.270848,0.275558,0.273203,0.272026,0.273203,0.259072,0.228454,0,0,0,0,0,0,0,0,0,0,0,0,0,0,0,0,0,0,0,0,0,0,0,0,0,0,0,0,0,0,0,0,0,0,0,0,0,0,0,0,0,0,0,0,0,0,0,0,0,0,
0,0,0,4.47252,0,0,0.252006,0.250829,0.217856,0.270848,0.219034,0.207258,0.215501,0.23081,0.167219,0.249651,0,0,0,0,0,0,0,0,0,0,0,0,0,0,0,0,0,0,0,0,0,0,0,0,0,0,0,0,0.581734,0,0,0,0,0,0,0,0,0,0,0,0,0,0,0,0,0,0,0,0,0,
0,0,0,5.30273,0,0,0.296755,0.268493,0.270848,0.256717,0.259072,0.126003,0.261427,0.24023,0.233165,0.174285,0,0,0,0,0,0,0,0,0,0,0,0,0,0,0,0,0,0,0,0,0,0,0,0,0,0,0,0,0,0,0,0,0,0,0,0,0,0,0,0,0,0,0,0,0,0,0,0,0,0,
0,0,0,3.62819,0,0,0.334438,0.327373,0.34857,0.350925,0.334438,0.293222,0.306176,0.259072,0.277914,0.286157,0,0,0,0,0,0,0,0,0,0,0,0,0,0,0,0,0,0,0,0,0,0,0,0,0,0,0.539341,0,0,0,0,0,0,0,0,0,0,0,0,0,0,0,0,0,0,0,0,0,0,0,
0,0,0,4.30648,0,0,0.284979,0.214323,0.214323,0.237875,0.273203,0.188416,0.226099,0.242586,0.259072,0.202547,0,0,0,0,0,0,0,0,0,0,0,0,0,0,0,0,0,0,0,0,0,0,0,0,0,0,0,0,0,0.58409,0,0,0,0,0,0,0,0,0,0,0,0,0,0,0,0,0,0,0,0,
0,0,0,4.33946,0,0,0.244941,0.193126,0.360346,0.306176,0.287334,0.310886,0.293222,0.301466,0.315597,0.296755,0,0,0,0,0,0,0,0,0,0,0,0,0,0,0,0,0,0,0,0,0,0,0,0.365056,0,0,0,0,0,0,0,0,0,0,0,0,0,0,0,0,0,0,0,0,0,0,0,0,0,0,
0,0,0,4.42307,0,0,0.282624,0.256717,0.273203,0.23552,0.286157,0.310886,0.257894,0.279091,0.28969,0.282624,0,0,0,0,0,0,0,0,0,0,0,0,0,0,0,0,0,0,0,0,0.666522,0,0,0,0,0,0,0,0,0,0,0,0,0,0,0,0,0,0,0,0,0,0,0,0,0,0,0,0,0,
0,0,0,4.15104,0,0,0.361523,0.350925,0.306176,0.326195,0.282624,0.242586,0.270848,0.314419,0.335616,0.32384,0,0,0,0,0,0,0,0,0,0,0,0,0,0,0,0,0,0,0,0,0,0.203725,0,0.213146,0,0,0,0,0,0,0,0,0,0,0,0,0,0,0,0,0,0,0,0,0,0,0,0,0,0,
0,0,0,4.25467,0,0,0.339149,0.395674,0.379187,0.35328,0.355635,0.372122,0.341504,0.360346,0.379187,0.369766,0,0,0,0,0,0,0,0,0,0,0,0,0,0,0,0,0,0,0,0,0,0,0,0,0,0,0.365056,0,0,0,0,0,0,0,0,0,0,0,0,0,0,0,0,0,0,0,0,0,0,0,
0,0,0,4.2111,0,0,0.292045,0.263782,0.249651,0.270848,0.255539,0.261427,0.267315,0.270848,0.247296,0.266138,0,0,0,0,0,0,0,0,0,0,0,0,0,0,0,0,0,0,0,0,0,0,0,0,0.158976,0.195482,0,0,0,0,0,0,0,0,0,0,0,0,0,0,0,0,0,0,0,0,0,0,0,0,
0,0,0,4.71393,0,0,0.386253,0.367411,0.360346,0.367411,0.275558,0.332083,0.35328,0.359168,0.343859,0.367411,0,0,0,0,0,0,0,0,0,0,0,0,0,0,0,0,0,0,0,0,0,0,0,0,0,0,0,0,0,0,0,0,0,0,0,0,0,0,0,0,0,0,0,0,0,0,0,0,0,0,
0,0,0,4.03681,0,0,0.26025,0.381542,0.312064,0.376832,0.360346,0.346214,0.322662,0.263782,0.340326,0.315597,0,0,0,0,0,0,0,0,0,0,0,0,0,0,0,0,0,0,0,0,0,0.254362,0.11776,0,0,0,0,0,0.162509,0,0,0,0,0,0,0,0,0,0,0,0,0,0,0,0,0,0,0,0,0,
0,0,0,4.25585,0,0,0.369766,0.325018,0.35799,0.34857,0.340326,0.320307,0.334438,0.339149,0.256717,0.343859,0,0,0,0,0,0,0,0,0,0,0,0,0,0,0,0,0,0,0,0,0,0.598221,0,0,0,0,0,0,0,0,0,0,0,0,0,0,0,0,0,0,0,0,0,0,0,0,0,0,0,0,
0,0,0,4.55025,0,0,0.485171,0.492237,0.428646,0.489882,0.480461,0.473395,0.410982,0.461619,0.499302,0.448666,0,0,0,0,0,0,0,0,0,0,0,0,0,0,0,0,0,0,0,0,0,0,0,0,0,0.398029,0,0,0,0,0,0,0,0,0,0,0,0,0,0,0,0,0,0,0,0,0,0,0,0,
0,0,0,4.11807,0,0,0.380365,0.362701,0.379187,0.274381,0.342682,0.393318,0.35799,0.362701,0.35799,0.369766,0,0,0,0,0,0,0,0,0,0,0,0,0,0,0,0,0,0,0,0,0.443955,0,0,0,0,0,0,0,0,0,0,0,0,0,0,0,0,0,0,0,0,0,0,0,0,0,0,0,0,0,
0,0,0,4.59971,0,0,0.341504,0.312064,0.293222,0.268493,0.280269,0.266138,0.282624,0.284979,0.274381,0.204902,0,0,0,0,0,0,0,0,0,0,0,0,0,0,0,0,0,0,0,0,0,0.146022,0,0,0.0577024,0,0,0,0,0,0,0,0,0,0,0,0,0,0,0,0,0,0,0,0,0,0,0,0,0,
0,0,0,3.96145,0,0,0.440422,0.435712,0.442778,0.433357,0.41216,0.409805,0.400384,0.35799,0.35328,0.367411,0,0,0,0,0,0,0,0,0,0,0,0,0,0,0,0,0,0,0,0,0.609997,0,0,0,0,0,0,0,0,0,0,0,0,0,0,0,0,0,0,0,0,0,0,0,0,0,0,0,0,0,
0,0,0,4.26998,0,0,0.487526,0.435712,0.454554,0.431002,0.320307,0.456909,0.419226,0.456909,0.398029,0.322662,0,0,0,0,0,0,0,0,0,0,0,0,0,0,0,0,0,0,0,0,0,0,0,0,0.71127,0,0,0,0,0,0,0,0,0,0,0,0,0,0,0,0,0,0,0,0,0,0,0,0,0,
0,0,0,4.39834,0,0,0.35799,0.34857,0.34857,0.310886,0.34857,0.355635,0.325018,0.325018,0.333261,0.317952,0,0,0,0,0,0,0,0,0,0,0,0,0,0,0,0,0,0,0,0,0,0,0,0,0,0,0,0,0.211968,0.146022,0,0,0,0,0,0,0,0,0,0,0,0,0,0,0,0,0,0,0,0,
0,0,0,4.25231,0,0,0.459264,0.355635,0.426291,0.433357,0.445133,0.459264,0.449843,0.428646,0.438067,0.459264,0,0,0,0,0,0,0,0,0,0,0,0,0,0,0,0,0,0,0,0,0,0,0,0,0,0.609997,0,0,0,0,0,0,0,0,0,0,0,0,0,0,0,0,0,0,0,0,0,0,0,0,
0,0,0,4.14397,0,0,0.310886,0.197837,0.336794,0.367411,0.312064,0.273203,0.301466,0.261427,0.28969,0.266138,0,0,0,0,0,0,0,0,0,0,0,0,0,0,0,0,0,0,0,0,0,0,0,0,0,0,0,0,0.821965,0,0,0,0,0,0,0,0,0,0,0,0,0,0,0,0,0,0,0,0,0,
0,0,0,4.05448,0,0,0.356813,0.332083,0.356813,0.34857,0.341504,0,0.355635,0.360346,0.360346,0.314419,0,0,0,0,0,0,0,0,0,0,0,0,0,0,0,0,0,0,0,0,0,0.600576,0,0,0,0,0,0,0,0,0,0,0,0,0,0,0,0,0,0,0,0,0,0,0,0,0,0,0,0,
0,0,0,3.97911,0,0,0.506368,0.489882,0.481638,0.46633,0.468685,0.438067,0.422758,0.420403,0.47104,0.449843,0,0,0,0,0,0,0,0,0,0,0,0,0,0,0,0,0,0,0,0,0,0,0.737178,0,0,0,0,0,0,0,0,0,0,0,0,0,0,0,0,0,0,0,0,0,0,0,0,0,0,0,
0,0,0,4.43249,0,0,0.421581,0,0.376832,0.394496,0.41216,0.390963,0.394496,0.405094,0.383898,0.35328,0,0,0,0,0,0,0,0,0,0,0,0,0,0,0,0,0,0,0,0,0,0,0,0.995072,0,0,0,0,0,0,0,0,0,0,0,0,0,0,0,0,0,0,0,0,0,0,0,0,0,0,
0,0,0,3.5434,0,0,0.428646,0.402739,0.40745,0.41216,0.40745,0.400384,0.41216,0.402739,0.445133,0.306176,0,0,0,0,0,0,0,0,0,0,0,0,0,0,0,0,0,0,0,0,0,0,0,0,0,0.569958,0,0,0,0,0,0,0,0,0,0,0,0,0,0,0,0,0,0,0,0,0,0,0,0,
0,0,0,3.74006,0,0,0.370944,0.403917,0.386253,0.405094,0.315597,0.390963,0.383898,0.421581,0.386253,0.35799,0,0,0,0,0,0,0,0,0,0,0,0,0,0,0,0,0,0,0,0,0,0.88791,0,0,0,0,0,0,0,0,0,0,0,0,0,0,0,0,0,0,0,0,0,0,0,0,0,0,0,0,
0,0,0,4.02975,0,0,0.489882,0.452198,0.442778,0.334438,0.468685,0.461619,0.452198,0.447488,0.438067,0.440422,0,0,0,0,0,0,0,0,0,0,0,0,0,0,0,0,0,0,0,0,0,0,0.17664,0.221389,0,0,0,0.183706,0.166042,0,0,0,0,0,0,0,0,0,0,0,0,0,0,0,0,0,0,0,0,0,
0,0,0,4.55378,0,0,0.263782,0.244941,0.261427,0.252006,0.108339,0.23081,0.190771,0.0730112,0.183706,0.215501,0,0,0,0,0,0,0,0,0,0,0,0,0,0,0,0,0,0,0,0,0,0,0,0,0,0,0,0,0,0,0,0,0,0,0,0,0,0,0,0,0,0,0,0,0,0,0,0,0,0,
0,0,0,5.31333,0,0,0.162509,0.167219,0.148378,0.103629,0.126003,0.136602,0.131891,0.144845,0.143667,0.164864,0,0,0,0,0,0,0,0,0,0,0,0,0,0,0,0,0,0,0,0,0,0,0,0,0,0,0,0,0,0,0,0,0,0,0,0,0,0,0,0,0,0,0,0,0,0,0,0,0,0,
0,0,0,4.48666,0,0,0.414515,0.390963,0.395674,0.38272,0.376832,0.390963,0.367411,0.367411,0.390963,0.386253,0,0,0,0,0,0,0,0,0,0,0,0,0,0,0,0,0,0,0,0,0,0.257894,0,0,0,0,0,0,0,0,0,0,0,0,0,0,0,0,0,0,0,0,0,0,0,0,0,0,0,0,
0,0,0,4.07214,0,0,0.268493,0.26025,0.263782,0.268493,0.266138,0.282624,0.24023,0.228454,0.226099,0.204902,0,0,0,0,0,0,0,0,0,0,0,0,0,0,0,0,0,0,0,0,0,0,0.18135,0.188416,0.11305,0,0,0,0,0,0,0,0,0,0,0,0,0,0,0,0,0,0,0,0,0,0,0,0,0,
0,0,0,4.31944,0,0,0.341504,0,0.35328,0.190771,0.209613,0.356813,0.178995,0.332083,0.203725,0.293222,0,0,0,0,0,0,0,0,0,0,0,0,0,0,0,0,0,0,0,0,0,0,0,0,0,0,0,0,0,0.47104,0,0,0,0,0,0,0,0,0,0,0,0,0,0,0,0,0,0,0,0,
0,0,0,3.26548,0,0,0.29911,0.282624,0.221389,0.287334,0.28969,0.270848,0.376832,0.219034,0.263782,0.274381,0,0,0,0,0,0,0,0,0,0,0,0,0,0,0,0,0,0,0,0,0,0,0,0,0,0,0.692429,0,0,0,0,0,0,0,0,0,0,0,0,0,0,0,0,0,0,0,0,0,0,0,
0,0,0,4.11218,0,0,0.296755,0.303821,0.216678,0.304998,0.284979,0.280269,0.28969,0.301466,0.296755,0,0,0,0,0,0,0,0,0,0,0,0,0,0,0,0,0,0,0,0,0,0.609997,0,0,0,0,0,0,0,0,0,0,0,0,0,0,0,0,0,0,0,0,0,0,0,0,0,0,0,0,0,
0,0,0,3.04881,0,0,0.233165,0.221389,0.219034,0.217856,0.204902,0.211968,0.216678,0.228454,0.242586,0.219034,0,0,0,0,0,0,0,0,0,0,0,0,0,0,0,0,0,0,0,0,0,0.847872,0,0,0,0,0,0,0,0,0,0,0,0,0,0,0,0,0,0,0,0,0,0,0,0,0,0,0,0,
0,0,0,4.32532,0,0,0.169574,0.167219,0.167219,0.164864,0.21079,0.160154,0.0836096,0.162509,0.17193,0.178995,0,0,0,0,0,0,0,0,0,0,0,0,0,0,0,0,0,0,0,0,0,0,0,0,0.4416,0,0,0,0,0,0,0,0,0,0,0,0,0,0,0,0,0,0,0,0,0,0,0,0,0,
0,0,0,4.78341,0,0,0.26025,0.2944,0.287334,0.20137,0.287334,0.284979,0.293222,0.244941,0.279091,0.282624,0,0,0,0,0,0,0,0,0,0,0,0,0,0,0,0,0,0,0,0,0,0,0.178995,0,0,0.155443,0,0,0,0,0,0,0,0,0,0,0,0,0,0,0,0,0,0,0,0,0,0,0,0,
0,0,0,4.46899,0,0,0.375654,0.35328,0.381542,0.352102,0.35328,0.327373,0.244941,0.336794,0.343859,0.34857,0,0,0,0,0,0,0,0,0,0,0,0,0,0,0,0,0,0,0,0,0,0,0,0,0,0,0,0,0.714803,0,0,0,0,0,0,0,0,0,0,0,0,0,0,0,0,0,0,0,0,0,
0,0,0,4.29471,0,0,0.23552,0.247296,0.228454,0.17193,0.115405,0.0918528,0.0777216,0.197837,0.188416,0.164864,0,0,0,0,0,0,0,0,0,0,0,0,0,0,0,0,0,0,0,0,0.774861,0,0,0,0,0,0,0,0,0,0,0,0,0,0,0,0,0,0,0,0,0,0,0,0,0,0,0,0,0,
0,0,0,4.45957,0,0,0.0894976,0.148378,0.155443,0.12247,0.162509,0.140134,0.100096,0.186061,0.197837,0.115405,0,0,0,0,0,0,0,0,0,0,0,0,0,0,0,0,0,0,0,0,0,0,0.252006,0,0,0,0,0,0,0,0,0,0,0,0,0,0,0,0,0,0,0,0,0,0,0,0,0,0,0,
0,0,0,4.58086,0,0,0.385075,0.408627,0.409805,0.414515,0.389786,0.383898,0.400384,0.414515,0.41216,0.41216,0,0,0,0,0,0,0,0,0,0,0,0,0,0,0,0,0,0,0,0,0,0,0,0.447488,0,0,0,0,0,0,0,0,0,0,0,0,0,0,0,0,0,0,0,0,0,0,0,0,0,0,
0,0,0,4.14751,0,0,0.334438,0.325018,0.313242,0.374477,0.29911,0.343859,0.376832,0.334438,0.290867,0.302643,0,0,0,0,0,0,0,0,0,0,0,0,0,0,0,0,0,0,0,0,0,0.746598,0,0,0,0,0,0,0,0,0,0,0,0,0,0,0,0,0,0,0,0,0,0,0,0,0,0,0,0,
0,0,0,3.9638,0,0,0.456909,0.423936,0.43689,0.421581,0.438067,0.396851,0.41216,0.379187,0.41687,0.41687,0,0,0,0,0,0,0,0,0,0,0,0,0,0,0,0,0,0,0,0,0,0.567603,0,0,0,0,0,0,0,0,0,0,0,0,0,0,0,0,0,0,0,0,0,0,0,0,0,0,0,0,
0,0,0,3.99089,0,0,0.320307,0.332083,0.308531,0.273203,0.310886,0.301466,0.308531,0.308531,0.327373,0.2944,0,0,0,0,0,0,0,0,0,0,0,0,0,0,0,0,0,0,0,0,0,0,0,0.301466,0.233165,0,0,0,0,0,0,0,0,0,0,0,0,0,0,0,0,0,0,0,0,0,0,0,0,0,
0,0,0,4.53023,0,0,0.261427,0.221389,0.242586,0.228454,0.224922,0.209613,0.204902,0.202547,0.209613,0.207258,0,0,0,0,0,0,0,0,0,0,0,0,0,0,0,0,0,0,0,0,0,0,0,0.339149,0,0,0.254362,0,0,0,0,0,0,0,0,0,0,0,0,0,0,0,0,0,0,0,0,0,0,0,
0,0,0,4.56673,0,0,0.355635,0.34857,0.313242,0.301466,0.320307,0.313242,0.300288,0.308531,0.168397,0,0,0,0,0,0,0,0,0,0,0,0,0,0,0,0,0,0,0,0,0,0,0,0,0,0,0,0,0,0,0,0,0,0,0,0,0,0,0,0,0,0,0,0,0,0,0,0,0,0,0,
0,0,0,4.21228,0,0,0.161331,0.174285,0.248474,0.277914,0.28969,0,0.277914,0.308531,0.301466,0.317952,0,0,0,0,0,0,0,0,0,0,0,0,0,0,0,0,0,0,0,0,0,0,0,0,0.146022,0,0,0,0,0,0,0,0,0,0,0,0,0,0,0,0,0,0,0,0,0,0,0,0,0,
0,0,0,4.60559,0,0,0.310886,0.282624,0.277914,0.275558,0.303821,0.2944,0.270848,0.293222,0.315597,0.288512,0,0,0,0,0,0,0,0,0,0,0,0,0,0,0,0,0,0,0,0,0,0,0,0,0,0,0.361523,0,0,0,0,0,0,0,0,0,0,0,0,0,0,0,0,0,0,0,0,0,0,0,
0,0,0,4.46899,0,0,0.47575,0.44631,0.423936,0.405094,0.431002,0.372122,0.390963,0.41687,0.41216,0.390963,0,0,0,0,0,0,0,0,0,0,0,0,0,0,0,0,0,0,0,0,0.608819,0,0,0,0,0,0,0,0,0,0,0,0,0,0,0,0,0,0,0,0,0,0,0,0,0,0,0,0,0,
0,0,0,4.09923,0,0,0.34857,0.327373,0.442778,0.339149,0.325018,0.413338,0.421581,0.379187,0.419226,0.440422,0,0,0,0,0,0,0,0,0,0,0,0,0,0,0,0,0,0,0,0,0,0,0,0.581734,0,0,0,0,0,0,0,0,0,0,0,0,0,0,0,0,0,0,0,0,0,0,0,0,0,0,
0,0,0,4.40305,0,0,0.332083,0.313242,0.2944,0.301466,0.2944,0.341504,0.326195,0.29911,0.256717,0.247296,0,0,0,0,0,0,0,0,0,0,0,0,0,0,0,0,0,0,0,0,0,0,0,0.673587,0,0,0,0,0,0,0,0,0,0,0,0,0,0,0,0,0,0,0,0,0,0,0,0,0,0,
0,0,0,4.27822,0,0,0.134246,0.183706,0.110694,0.143667,0.162509,0.164864,0.169574,0.169574,0.183706,0.174285,0,0,0,0,0,0,0,0,0,0,0,0,0,0,0,0,0,0,0,0,0,0.628838,0,0,0,0,0,0,0,0,0,0,0,0,0,0,0,0,0,0,0,0,0,0,0,0,0,0,0,0,
0,0,0,4.29235,0,0,0.459264,0.421581,0.423936,0.313242,0.395674,0.40745,0.388608,0.394496,0.405094,0.414515,0,0,0,0,0,0,0,0,0,0,0,0,0,0,0,0,0,0,0,0,0,0,0,0,0,0,0,0,0,0,0,0,0,0,0,0,0,0,0,0,0,0,0,0,0,0,0,0,0,0,
0,0,0,5.04837,0,0,0.287334,0.263782,0.237875,0.244941,0.244941,0.252006,0.204902,0.256717,0.229632,0.209613,0,0,0,0,0,0,0,0,0,0,0,0,0,0,0,0,0,0,0,0,0,0,0,0,0,0,0,0,0,0,0,0,0,0,0,0,0,0,0,0,0,0,0,0,0,0,0,0,0,0,
0,0,0,5.16731,0,0,0.336794,0.317952,0.301466,0.329728,0.34857,0.327373,0.273203,0.277914,0.290867,0.292045,0,0,0,0,0,0,0,0,0,0,0,0,0,0,0,0,0,0,0,0,0,0,0,0,0,0,0,0,0,0,0,0,0,0,0,0,0,0,0,0,0,0,0,0,0,0,0,0,0,0,
0,0,0,4.40658,0,0,0.246118,0.369766,0.362701,0.367411,0.327373,0.35799,0.315597,0.336794,0.313242,0.266138,0,0,0,0,0,0,0,0,0,0,0,0,0,0,0,0,0,0,0,0,0,0,0,0,0.216678,0,0,0.266138,0,0,0,0,0,0,0,0,0,0,0,0,0,0,0,0,0,0,0,0,0,0,
0,0,0,4.3689,0,0,0.308531,0.29911,0.2944,0.313242,0.2944,0.284979,0.252006,0.256717,0.247296,0.266138,0,0,0,0,0,0,0,0,0,0,0,0,0,0,0,0,0,0,0,0,0,0,0,0,0.81961,0,0,0,0,0,0,0,0,0,0,0,0,0,0,0,0,0,0,0,0,0,0,0,0,0,
0,0,0,4.53965,0,0,0.193126,0.160154,0.167219,0.195482,0.209613,0.100096,0.190771,0.207258,0.195482,0.207258,0,0,0,0,0,0,0,0,0,0,0,0,0,0,0,0,0,0,0,0,0,0,0,0.459264,0,0,0,0,0,0,0,0,0,0,0,0,0,0,0,0,0,0,0,0,0,0,0,0,0,0,
0,0,0,4.09098,0,0,0.539341,0.459264,0.518144,0.492237,0.522854,0.494592,0.473395,0.511078,0.509901,0.492237,0,0,0,0,0,0,0,0,0,0,0,0,0,0,0,0,0,0,0,0,0,0,0,0,0,0,0,0,1.1305,0,0,0,0,0,0,0,0,0,0,0,0,0,0,0,0,0,0,0,0,0,
0,0,0,3.99677,0,0,0.388608,0.383898,0.356813,0.337971,0.341504,0.266138,0.310886,0.322662,0.334438,0.334438,0,0,0,0,0,0,0,0,0,0,0,0,0,0,0,0,0,0,0,0,0,0,0.23552,0,0,0.153088,0,0,0,0,0,0,0,0,0,0,0,0,0,0,0,0,0,0,0,0,0,0,0,0,
0,0,0,3.7954,0,0,0.350925,0.340326,0.309709,0.261427,0.343859,0.325018,0.313242,0.308531,0.317952,0.334438,0,0,0,0,0,0,0,0,0,0,0,0,0,0,0,0,0,0,0,0,0,0,0,0,0,0,0,0,0.509901,0,0,0,0,0,0,0,0,0,0,0,0,0,0,0,0,0,0,0,0,0,
0,0,0,4.93297,0,0,0.188416,0.0871424,0.110694,0,0.127181,0,0.136602,0.131891,0.146022,0.148378,0,0,0,0,0,0,0,0,0,0,0,0,0,0,0,0,0,0,0,0,0,0,0,0.0836096,0,0,0.124826,0,0,0,0,0,0,0,0,0,0,0,0,0,0,0,0,0,0,0,0,0,0,0,
0,0,0,4.57733,0,0,0.219034,0.197837,0.137779,0.169574,0.214323,0.233165,0.202547,0.24023,0.222566,0.23552,0,0,0,0,0,0,0,0,0,0,0,0,0,0,0,0,0,0,0,0,0.150733,0,0,0,0.126003,0,0.155443,0,0,0,0,0,0,0,0,0,0,0,0,0,0,0,0,0,0,0,0,0,0,0,
0,0,0,4.29117,0,0,0.320307,0.310886,0.303821,0.236698,0.320307,0.279091,0.301466,0.259072,0.263782,0.268493,0,0,0,0,0,0,0,0,0,0,0,0,0,0,0,0,0,0,0,0,0,0.0894976,0,0.162509,0,0,0.082432,0,0,0.135424,0,0,0,0,0,0,0,0,0,0,0,0,0,0,0,0,0,0,0,0,
0,0,0,4.51492,0,0,0.383898,0.395674,0.393318,0.390963,0.379187,0.372122,0.355635,0.284979,0.374477,0.334438,0,0,0,0,0,0,0,0,0,0,0,0,0,0,0,0,0,0,0,0,0,0,0,0,0,0,0,0,0,0.360346,0,0,0,0,0,0,0,0,0,0,0,0,0,0,0,0,0,0,0,0,
0,0,0,4.3948,0,0,0.46633,0.453376,0.388608,0.23081,0.390963,0.379187,0.419226,0.426291,0.431002,0.268493,0,0,0,0,0,0,0,0,0,0,0,0,0,0,0,0,0,0,0,0,0.237875,0,0,0,0,0,0.312064,0,0,0,0,0,0,0,0,0,0,0,0,0,0,0,0,0,0,0,0,0,0,0,
0,0,0,3.42093,0,0,0.367411,0.350925,0.32384,0.339149,0.35328,0.355635,0.320307,0.320307,0.343859,0.334438,0,0,0,0,0,0,0,0,0,0,0,0,0,0,0,0,0,0,0,0,0,0,0,0,0,0,0,0,0,0.784282,0,0,0,0,0,0,0,0,0,0,0,0,0,0,0,0,0,0,0,0,
0,0,0,3.09709,0,0,0.379187,0.355635,0.350925,0.372122,0.315597,0.360346,0.388608,0.346214,0.367411,0.354458,0,0,0,0,0,0,0,0,0,0,0,0,0,0,0,0,0,0,0,0,0.233165,0,0,0,0.270848,0,0,0,0,0,0,0,0,0,0,0,0,0,0,0,0,0,0,0,0,0,0,0,0,0,
0,0,0,3.78363,0,0,0.376832,0.459264,0.428646,0.433357,0.406272,0.409805,0.41687,0.395674,0.419226,0.41687,0,0,0,0,0,0,0,0,0,0,0,0,0,0,0,0,0,0,0,0,0,0,0,0,0,0.807834,0,0,0,0,0,0,0,0,0,0,0,0,0,0,0,0,0,0,0,0,0,0,0,0,
0,0,0,4.28411,0,0,0.327373,0.329728,0.34857,0.297933,0.350925,0.365056,0.343859,0.310886,0.315597,0.29911,0,0,0,0,0,0,0,0,0,0,0,0,0,0,0,0,0,0,0,0,0,0,0.651213,0,0,0,0,0,0,0,0,0,0,0,0,0,0,0,0,0,0,0,0,0,0,0,0,0,0,0,
0,0,0,5.40636,0,0,0.242586,0.228454,0.233165,0.24023,0.254362,0.254362,0.187238,0.211968,0.216678,0.216678,0,0,0,0,0,0,0,0,0,0,0,0,0,0,0,0,0,0,0,0,0,0,0,0,0,0,0,0,0,0,0,0,0,0,0,0,0,0,0,0,0,0,0,0,0,0,0,0,0,0,
0,0,0,3.64349,0,0,0.257894,0.28969,0.268493,0.282624,0.308531,0.204902,0.275558,0.24023,0.273203,0.268493,0,0,0,0,0,0,0,0,0,0,0,0,0,0,0,0,0,0,0,0,0,0,0,1.02922,0,0,0,0,0,0,0,0,0,0,0,0,0,0,0,0,0,0,0,0,0,0,0,0,0,0,
0,0,0,4.70216,0,0,0.58409,0.53463,0.419226,0.540518,0.53463,0.553472,0.414515,0.522854,0.532275,0.539341,0,0,0,0,0,0,0,0,0,0,0,0,0,0,0,0,0,0,0,0,0,0,0.295578,0,0,0,0,0,0,0,0,0,0,0,0,0,0,0,0,0,0,0,0,0,0,0,0,0,0,0,
0,0,0,4.39598,0,0,0.452198,0.308531,0.297933,0.369766,0.435712,0.421581,0.463974,0.426291,0.414515,0.438067,0,0,0,0,0,0,0,0,0,0,0,0,0,0,0,0,0,0,0,0,0,0,0,0,0.920883,0,0,0,0,0,0,0,0,0,0,0,0,0,0,0,0,0,0,0,0,0,0,0,0,0,
0,0,0,4.04977,0,0,0.395674,0.332083,0.332083,0.347392,0.287334,0.355635,0.372122,0.381542,0.315597,0.342682,0,0,0,0,0,0,0,0,0,0,0,0,0,0,0,0,0,0,0,0,0,0,0,0,0.664166,0,0,0,0,0,0,0,0,0,0,0,0,0,0,0,0,0,0,0,0,0,0,0,0,0,
0,0,0,4.21816,0,0,0.26967,0.23552,0.261427,0.259072,0.228454,0.273203,0.233165,0.263782,0.247296,0.219034,0,0,0,0,0,0,0,0,0,0,0,0,0,0,0,0,0,0,0,0,0,0,0,0,0.522854,0,0,0,0,0,0,0,0,0,0,0,0,0,0,0,0,0,0,0,0,0,0,0,0,0,
0,0,0,4.49608,0,0,0.454554,0.445133,0.32384,0.47575,0.454554,0.41687,0.463974,0.421581,0.413338,0.390963,0,0,0,0,0,0,0,0,0,0,0,0,0,0,0,0,0,0,0,0,0,0,0,0.369766,0,0,0,0,0,0,0,0,0,0,0,0,0,0,0,0,0,0,0,0,0,0,0,0,0,0,
0,0,0,4.66801,0,0,0.419226,0.40745,0.393318,0.400384,0.402739,0.415693,0.383898,0.360346,0.372122,0.374477,0,0,0,0,0,0,0,0,0,0,0,0,0,0,0,0,0,0,0,0,0,0,0,0,0,0,0,0,0,0,0,0,0,0,0,0,0,0,0,0,0,0,0,0,0,0,0,0,0,0,
0,0,0,4.22641,0,0,0.426291,0.383898,0.41687,0.398029,0.390963,0.400384,0.359168,0.386253,0.393318,0.376832,0,0,0,0,0,0,0,0,0,0,0,0,0,0,0,0,0,0,0,0,0,0,0,0,0.53463,0,0,0,0,0,0,0,0,0,0,0,0,0,0,0,0,0,0,0,0,0,0,0,0,0,
0,0,0,4.60559,0,0,0.405094,0.343859,0.315597,0.317952,0.2944,0.288512,0.2944,0.296755,0.297933,0.306176,0,0,0,0,0,0,0,0,0,0,0,0,0,0,0,0,0,0,0,0,0.134246,0,0,0.138957,0,0.052992,0,0,0,0,0,0,0,0,0,0,0,0,0,0,0,0,0,0,0,0,0,0,0,0,
0,0,0,4.53494,0,0,0.499302,0.461619,0.303821,0.473395,0,0.423936,0.445133,0.303821,0.322662,0.321485,0,0,0,0,0,0,0,0,0,0,0,0,0,0,0,0,0,0,0,0,0,0.724224,0,0,0,0,0,0,0,0,0,0,0,0,0,0,0,0,0,0,0,0,0,0,0,0,0,0,0,0,
0,0,0,3.08531,0,0,0.320307,0.332083,0.308531,0.350925,0.34857,0.327373,0.322662,0.339149,0.320307,0.295578,0,0,0,0,0,0,0,0,0,0,0,0,0,0,0,0,0,0,0,0,0,0.214323,0,0.199014,0,0.153088,0,0,0.120115,0,0,0,0,0,0,0,0,0,0,0,0,0,0,0,0,0,0,0,0,0,
0,0,0,5.10136,0,0,0.322662,0.292045,0.287334,0.237875,0.295578,0.313242,0.207258,0.277914,0.282624,0.259072,0,0,0,0,0,0,0,0,0,0,0,0,0,0,0,0,0,0,0,0,0,0,0,0,0,0,0,0,0,0,0,0,0,0,0,0,0,0,0,0,0,0,0,0,0,0,0,0,0,0,
0,0,0,4.90117,0,0,0.393318,0.337971,0.282624,0.268493,0.325018,0.35328,0.336794,0.352102,0.282624,0.327373,0,0,0,0,0,0,0,0,0,0,0,0,0,0,0,0,0,0,0,0,0.17664,0,0,0,0,0,0,0,0,0,0,0,0,0,0,0,0,0,0,0,0,0,0,0,0,0,0,0,0,0,
0,0,0,4.28058,0,0,0.478106,0.41687,0.423936,0.440422,0.362701,0.449843,0.419226,0.440422,0.4416,0.426291,0,0,0,0,0,0,0,0,0,0,0,0,0,0,0,0,0,0,0,0,0,0,0,0,0.355635,0.395674,0,0,0,0,0,0,0,0,0,0,0,0,0,0,0,0,0,0,0,0,0,0,0,0,
0,0,0,35.9557,0,0,2.9758,0,2.92751,2.89572,0,2.92987,3.00877,2.8545,2.96755,2.92516,0,0,0,0,0,0,0,0,0,0,0,0,0,0,0,0,0,0,0,0,1.88298,0,0,0,0,0,0,0,2.19976,0,0,0,0,0,0,0,0,0,0,0,0,0,0,0,0,0,0,0,0,0,
0,0,0,30.1277,0,0,2.0137,2.01605,1.89829,2.92634,1.93833,1.8453,1.70988,2.88983,3.00759,2.94989,0,0,0,0,0,0,0,0,0,0,0,0,0,0,0,0,0,0,0,0,1.42254,0,0,0,0,1.70634,0,0,0,1.54501,0,0,0,0,0,0,0,0,0,0,0,0,0,0,0,0,0,0,0,0,
0,0,0,44.5333,0,0,2.20447,2.29985,2.30927,2.21271,1.84177,2.3658,2.19387,2.15148,2.32223,2.28337,0,0,0,0,0,0,0,0,0,0,0,0,0,0,0,0,0,0,0,0,0.805478,0.674765,0,0,0.675942,0,0,0.723046,0,0,0,0,0,0,0,0,0,0,0,0,0,0,0,0,0,0,0,0,0,0,
0,0,0,38.2131,0,0,2.52006,2.4706,2.39524,2.55892,2.51889,2.56717,2.51182,2.55304,2.56128,2.47649,0,0,0,0,0,0,0,0,0,0,0,0,0,0,0,0,0,0,0,0,0,0,1.31302,0,2.06551,0,1.89123,0,0,0,0,0,0,0,0,0,0,0,0,0,0,0,0,0,0,0,0,0,0,0,
0,0,0,32.6996,0,0,2.09731,1.91596,2.03136,2.05373,2.00074,1.93833,2.01487,2.0608,1.76169,2.04785,0,0,0,0,0,0,0,0,0,0,0,0,0,0,0,0,0,0,0,0,1.90889,0,0,0,1.59212,0,0.520499,1.07162,0,0,0,0,0,0,0,0,0,0,0,0,0,0,0,0,0,0,0,0,0,0,
0,0,0,28.6793,0,0,2.27748,2.23037,1.98308,2.12321,2.16325,2.06198,2.1185,2.11261,2.25039,2.22802,0,0,0,0,0,0,0,0,0,0,0,0,0,0,0,0,0,0,0,0,0,0,0,0,0,2.12439,1.85001,0,0,2.34813,0,0,0,0,0,0,0,0,0,0,0,0,0,0,0,0,0,0,0,0,
0,0,0,38.0906,0,0,2.48003,2.5601,2.46354,2.42468,2.48003,2.48474,2.51182,2.47767,2.40937,2.47532,0,0,0,0,0,0,0,0,0,0,0,0,0,0,0,0,0,0,0,0,0,2.50004,0,1.31773,0,0,0,1.46022,0,0,0,0,0,0,0,0,0,0,0,0,0,0,0,0,0,0,0,0,0,0,
0,0,0,33.803,0,0,2.50476,2.48591,2.39877,1.9819,2.45647,2.42821,2.4341,2.44941,2.46236,2.41172,0,0,0,0,0,0,0,0,0,0,0,0,0,0,0,0,0,0,0,0,0,0,0,0,0,0,1.97248,0,1.5509,1.651,0,0,0,0,0,0,0,0,0,0,0,0,0,0,0,0,0,0,0,0,
0,0,0,29.4412,0,0,2.37522,2.47649,2.56835,2.51653,2.54008,2.61898,2.10908,2.48356,2.53184,2.4706,0,0,0,0,0,0,0,0,0,0,0,0,0,0,0,0,0,0,0,0,0,0.59351,0.992717,0.654746,0.533453,0,0.514611,0,0.938547,0.535808,0,0,0,0,0,0,0,0,0,0,0,0,0,0,0,0,0,0,0,0,
0,0,0,32.835,0,0,2.77089,2.83095,2.79916,2.81329,2.72968,2.84744,2.75205,2.76265,2.77914,2.77443,0,0,0,0,0,0,0,0,0,0,0,0,0,0,0,0,0,0,0,0,0,0,3.56695,0,2.48356,0,0,0,0,0,0,0,0,0,0,0,0,0,0,0,0,0,0,0,0,0,0,0,0,0,
0,0,0,32.5194,0,0,1.78642,1.76404,1.85943,1.83706,1.84294,1.84412,1.75698,1.84177,1.91831,2.03489,0,0,0,0,0,0,0,0,0,0,0,0,0,0,0,0,0,0,0,0,0,0,0.754842,0,0,0.85376,0.862003,0.923238,0,0.884378,0,0,0,0,0,0,0,0,0,0,0,0,0,0,0,0,0,0,0,0,
0,0,0,34.5308,0,0,2.50829,2.3446,2.46472,2.49298,2.45059,1.87709,2.46943,2.46943,2.45294,2.48003,0,0,0,0,0,0,0,0,0,0,0,0,0,0,0,0,0,0,0,0,3.56342,0,1.8453,0,0,0,0,0,0,0,0,0,0,0,0,0,0,0,0,0,0,0,0,0,0,0,0,0,0,0,
0,0,0,37.98,0,0,1.88298,1.69574,1.78877,1.86414,1.86885,2.03018,1.98897,1.91478,1.05748,1.57916,0,0,0,0,0,0,0,0,0,0,0,0,0,0,0,0,0,0,0,0,1.76169,0,0,0,0,0,0,1.98072,0,2.03843,0,0,0,0,0,0,0,0,0,0,0,0,0,0,0,0,0,0,0,0,
0,0,0,37.3452,0,0,1.82175,1.70516,1.83117,1.61684,1.55208,1.68397,1.63569,1.12225,1.66395,1.77347,0,0,0,0,0,0,0,0,0,0,0,0,0,0,0,0,0,0,0,0,0.540518,0.562893,0.23552,0.539341,0.627661,0.951501,0.508723,0,0,0.96681,0,0,0,0,0,0,0,0,0,0,0,0,0,0,0,0,0,0,0,0,
0,0,0,41.1818,0,0,2.59661,2.56128,2.58836,2.56481,2.57777,0,2.5024,2.60721,2.36109,2.39053,0,0,0,0,0,0,0,0,0,0,0,0,0,0,0,0,0,0,0,0,0,2.01252,1.9136,1.26356,0,0,0,0,0,0,0,0,0,0,0,0,0,0,0,0,0,0,0,0,0,0,0,0,0,0,
0,0,0,29.0855,0,0,2.45176,2.46354,2.52006,2.53773,2.61309,2.54833,2.55068,2.53184,2.48945,2.4341,0,0,0,0,0,0,0,0,0,0,0,0,0,0,0,0,0,0,0,0,0,1.98661,0,1.37544,0,0,0,0,0,1.61684,0,0,0,0,0,0,0,0,0,0,0,0,0,0,0,0,0,0,0,0,
0,0,0,27.4981,0,0,2.44588,2.53302,2.46236,2.50358,2.50711,2.50476,2.50358,2.48238,2.43881,2.47296,0,0,0,0,0,0,0,0,0,0,0,0,0,0,0,0,0,0,0,0,0,0,0,0.997427,0.791347,0.999782,0,1.05395,0,0.96681,0,0,0,0,0,0,0,0,0,0,0,0,0,0,0,0,0,0,0,0,
0,0,0,39.2117,0,0,2.52948,2.52595,2.48591,2.45176,2.48709,2.49533,2.37522,2.53066,1.69457,2.32576,0,0,0,0,0,0,0,0,0,0,0,0,0,0,0,0,0,0,0,0,0,0,1.13756,0,1.00685,0,0,0.820787,0.713626,0.804301,0,0,0,0,0,0,0,0,0,0,0,0,0,0,0,0,0,0,0,0,
0,0,0,32.3122,0,0,2.48591,2.55657,2.49769,2.54244,2.58719,2.52477,2.54479,2.5495,2.58248,2.57423,0,0,0,0,0,0,0,0,0,0,0,0,0,0,0,0,0,0,0,0,0,0,0,0,0,0,2.82035,0,0,3.54575,0,0,0,0,0,0,0,0,0,0,0,0,0,0,0,0,0,0,0,0,
0,0,0,37.1462,0,0,2.24568,2.41879,1.70634,2.35167,2.33165,1.79231,2.3446,1.73343,2.27277,2.27277,0,0,0,0,0,0,0,0,0,0,0,0,0,0,0,0,0,0,0,0,0.905574,0.687718,0,0,0.712448,0,0,0,1.0516,0,0,0,0,0,0,0,0,0,0,0,0,0,0,0,0,0,0,0,0,0,
0,0,0,31.8835,0,0,2.49416,2.5707,2.61192,2.64842,2.47767,2.58248,2.16207,2.61074,2.63076,2.6602,0,0,0,0,0,0,0,0,0,0,0,0,0,0,0,0,0,0,0,0,0,0,0.995072,0.76073,0,0,0,0.999782,1.31891,0,0,0,0,0,0,0,0,0,0,0,0,0,0,0,0,0,0,0,0,0,
0,0,0,26.7256,0,0,2.93811,2.95931,2.99228,2.89219,2.98757,2.88983,2.91456,2.9758,2.96637,2.92398,0,0,0,0,0,0,0,0,0,0,0,0,0,0,0,0,0,0,0,0,0,1.27063,0,1.03393,1.36955,0,0,0,0,0,0,0,0,0,0,0,0,0,0,0,0,0,0,0,0,0,0,0,0,0,
0,0,0,34.4271,0,0,2.30927,2.43292,2.25039,1.68397,2.31987,2.29279,2.30692,2.30456,2.33754,2.39171,0,0,0,0,0,0,0,0,0,0,0,0,0,0,0,0,0,0,0,0,0,0.451021,0,0.535808,0,0.91735,0.91264,0.79488,0.408627,0,0,0,0,0,0,0,0,0,0,0,0,0,0,0,0,0,0,0,0,0,
0,0,0,33.2707,0,0,2.43645,2.60014,2.42115,0,2.49062,2.50122,2.48003,2.3764,2.12204,2.45647,0,0,0,0,0,0,0,0,0,0,0,0,0,0,0,0,0,0,0,0,0,0,0,1.26239,0,0,0,1.70634,1.71694,0,0,0,0,0,0,0,0,0,0,0,0,0,0,0,0,0,0,0,0,0,
0,0,0,29.4871,0,0,2.89925,2.90161,2.944,2.92634,2.90632,2.88159,2.93576,2.87805,2.94518,2.96873,0,0,0,0,0,0,0,0,0,0,0,0,0,0,0,0,0,0,0,0,0,0,2.5024,0,0,0,1.94657,0,0,0,0,0,0,0,0,0,0,0,0,0,0,0,0,0,0,0,0,0,0,0,
0,0,0,33.9938,0,0,2.5601,2.5813,2.54597,2.50122,2.60014,2.58483,2.58719,2.47532,2.52124,2.53891,0,0,0,0,0,0,0,0,0,0,0,0,0,0,0,0,0,0,0,0,0,1.67337,1.9607,0,0,0,0,0,0,0,0,0,0,0,0,0,0,0,0,0,0,0,0,0,0,0,0,0,0,0,
0,0,0,30.0182,0,0,2.54479,2.46943,2.42115,2.44941,2.53655,2.41879,2.46943,2.04549,2.43174,2.4918,0,0,0,0,0,0,0,0,0,0,0,0,0,0,0,0,0,0,0,0,1.71576,1.47082,0.885555,0,0,0,0.732467,0,0,0,0,0,0,0,0,0,0,0,0,0,0,0,0,0,0,0,0,0,0,0,
0,0,0,31.3041,0,0,2.93811,2.91103,2.95578,2.88865,2.38346,2.94047,2.91809,2.86863,2.88159,2.96049,0,0,0,0,0,0,0,0,0,0,0,0,0,0,0,0,0,0,0,0,1.17996,0,0.748954,0,0.435712,0,0,0,0,0.704205,0,0,0,0,0,0,0,0,0,0,0,0,0,0,0,0,0,0,0,0,
0,0,0,28.5403,0,0,2.84744,2.80975,2.80504,2.26806,2.83331,2.77914,2.73439,2.78385,2.76265,2.84508,0,0,0,0,0,0,0,0,0,0,0,0,0,0,0,0,0,0,0,0,0,1.40959,0,0,1.05866,1.1882,1.74638,0,0,0,0,0,0,0,0,0,0,0,0,0,0,0,0,0,0,0,0,0,0,0,
0,0,0,38.5558,0,0,2.03489,2.09495,2.10202,2.09731,1.9925,2.03607,2.05844,1.67926,2.14323,1.97955,0,0,0,0,0,0,0,0,0,0,0,0,0,0,0,0,0,0,0,0,1.34246,0,0,1.75345,0,1.6192,0,0,1.55561,1.10694,0,0,0,0,0,0,0,0,0,0,0,0,0,0,0,0,0,0,0,0,
0,0,0,25.8365,0,0,2.90396,2.93693,2.8651,2.4341,2.85921,2.89101,2.84273,2.84744,2.89219,2.91927,0,0,0,0,0,0,0,0,0,0,0,0,0,0,0,0,0,0,0,0,0,1.08575,0.621773,0.918528,0,0,1.16229,1.05984,0,0,0,0,0,0,0,0,0,0,0,0,0,0,0,0,0,0,0,0,0,0,
0,0,0,37.3358,0,0,2.93222,2.92987,2.07022,2.91692,2.94636,2.07493,2.96873,2.98051,2.8286,2.98051,0,0,0,0,0,0,0,0,0,0,0,0,0,0,0,0,0,0,0,0,1.44609,0,0,0,2.30339,0,0,1.29183,0,0,0,0,0,0,0,0,0,0,0,0,0,0,0,0,0,0,0,0,0,0,
0,0,0,36.9967,0,0,2.39877,2.42232,2.49533,2.43057,2.50004,2.46825,2.55186,2.48356,2.52595,2.48945,0,0,0,0,0,0,0,0,0,0,0,0,0,0,0,0,0,0,0,0,0,0.664166,0,0,0,0,1.04689,0,1.34835,1.07162,0,0,0,0,0,0,0,0,0,0,0,0,0,0,0,0,0,0,0,0,
0,0,0,35.4434,0,0,2.88041,2.98522,2.94871,2.91103,2.13852,2.9758,2.96166,2.93222,2.82624,2.92751,0,0,0,0,0,0,0,0,0,0,0,0,0,0,0,0,0,0,0,0,1.4826,2.1291,0,0,0,2.7497,0,0,0,0,0,0,0,0,0,0,0,0,0,0,0,0,0,0,0,0,0,0,0,0,
0,0,0,34.6497,0,0,2.2186,2.28454,2.25157,2.208,2.23273,2.13499,2.16796,2.22566,1.94775,2.17385,0,0,0,0,0,0,0,0,0,0,0,0,0,0,0,0,0,0,0,0,0,1.45787,1.50497,0,1.58387,0,1.52499,0,0,0,0,0,0,0,0,0,0,0,0,0,0,0,0,0,0,0,0,0,0,0,
0,0,0,29.838,0,0,2.54715,2.54479,2.57659,2.55304,2.5342,2.47414,2.52477,2.53066,2.52595,2.52124,0,0,0,0,0,0,0,0,0,0,0,0,0,0,0,0,0,0,0,0,0,1.72165,1.39899,0.955034,0,0.838451,0,0,0,0.876134,0,0,0,0,0,0,0,0,0,0,0,0,0,0,0,0,0,0,0,0,
0,0,0,41.5881,0,0,1.71576,1.60389,1.93244,1.67337,1.73578,1.91596,1.8453,1.39899,1.7346,1.57563,0,0,0,0,0,0,0,0,0,0,0,0,0,0,0,0,0,0,0,0,0,0,0,2.16678,0,1.95011,2.48238,0,0,0,0,0,0,0,0,0,0,0,0,0,0,0,0,0,0,0,0,0,0,0,
0,0,0,24.2409,0,0,2.72497,2.73556,2.74852,2.80858,2.71084,2.77914,2.73085,2.72026,2.66609,2.76854,0,0,0,0,0,0,0,0,0,0,0,0,0,0,0,0,0,0,0,0,0,0,2.29985,0,1.73814,0,0,0,0,0,0,0,0,0,0,0,0,0,0,0,0,0,0,0,0,0,0,0,0,0,
0,0,0,31.4937,0,0,2.26452,3.45743,3.53044,2.69199,3.43153,0,3.38913,3.4068,2.70377,3.501,0,0,0,0,0,0,0,0,0,0,0,0,0,0,0,0,0,0,0,0,0,0,0.781926,0,1.041,0,0.796058,0,0,1.0622,0,0,0,0,0,0,0,0,0,0,0,0,0,0,0,0,0,0,0,0,
0,0,0,31.1699,0,0,2.74263,2.81446,2.76854,2.76383,2.76618,2.76736,2.77914,2.76147,2.69199,2.70377,0,0,0,0,0,0,0,0,0,0,0,0,0,0,0,0,0,0,0,0,0,0,0,3.21367,0,1.93244,0,0,0,0,0,0,0,0,0,0,0,0,0,0,0,0,0,0,0,0,0,0,0,0,
0,0,0,27.2932,0,0,2.67197,2.71084,2.69553,2.78738,2.72379,2.7179,2.76029,2.79209,2.69317,2.68611,0,0,0,0,0,0,0,0,0,0,0,0,0,0,0,0,0,0,0,0,0,0.949146,0,1.02804,1.24943,0.825498,0,0.870246,0,0,0,0,0,0,0,0,0,0,0,0,0,0,0,0,0,0,0,0,0,0,
0,0,0,36.674,0,0,1.07397,1.09988,1.12814,1.28829,1.346,1.24826,1.10577,1.33304,1.24119,1.24001,0,0,0,0,0,0,0,0,0,0,0,0,0,0,0,0,0,0,0,0,1.46258,0,1.02451,0.821965,1.167,0,0,0,0,1.35424,0,0,0,0,0,0,0,0,0,0,0,0,0,0,0,0,0,0,0,0,
0,0,0,28.545,0,0,2.95107,2.99464,2.95931,2.47414,2.92398,3.02761,2.92751,2.99346,2.9911,2.89807,0,0,0,0,0,0,0,0,0,0,0,0,0,0,0,0,0,0,0,0,0,0,0,0,0,0,0,0,5.29684,0,0,0,0,0,0,0,0,0,0,0,0,0,0,0,0,0,0,0,0,0,
0,0,0,34.91,0,0,2.90985,2.84626,2.944,0,2.93929,2.84273,2.45765,2.9758,2.91574,2.9911,0,0,0,0,0,0,0,0,0,0,0,0,0,0,0,0,0,0,0,0,1.91007,0,0,0,1.43785,0,0,0,0,1.30596,0,0,0,0,0,0,0,0,0,0,0,0,0,0,0,0,0,0,0,0,
0,0,0,33.8218,0,0,2.07611,2.06433,2.01605,2.04785,1.94304,2.01252,2.02076,1.99132,1.91713,2.11615,0,0,0,0,0,0,0,0,0,0,0,0,0,0,0,0,0,0,0,0,0.852582,0.320307,0,0,0.979763,0.625306,0.870246,0.777216,0.502835,0,0,0,0,0,0,0,0,0,0,0,0,0,0,0,0,0,0,0,0,0,
0,0,0,29.1256,0,0,2.639,2.60956,1.93362,2.68257,2.69082,2.60014,2.09495,2.43999,2.6814,2.61663,0,0,0,0,0,0,0,0,0,0,0,0,0,0,0,0,0,0,0,0,2.01841,0,0,0,1.27652,1.93597,0,0,1.68397,0,0,0,0,0,0,0,0,0,0,0,0,0,0,0,0,0,0,0,0,0,
0,0,0,36.3207,0,0,1.87474,1.58152,2.05256,1.86885,2.01605,1.9713,2.07493,2.01134,2.09848,1.91124,0,0,0,0,0,0,0,0,0,0,0,0,0,0,0,0,0,0,0,0,0,0,4.50196,0,0,0,0,0,0,0,0,0,0,0,0,0,0,0,0,0,0,0,0,0,0,0,0,0,0,0,
0,0,0,35.4387,0,0,2.91103,2.92045,2.93222,2.95813,2.944,2.85568,2.87099,2.85215,2.92398,2.88276,0,0,0,0,0,0,0,0,0,0,0,0,0,0,0,0,0,0,0,0,0,1.13638,0,0,0,0,0.91264,0,0.640614,0,0,0,0,0,0,0,0,0,0,0,0,0,0,0,0,0,0,0,0,0,
0,0,0,36.6092,0,0,2.00192,2.14088,2.05138,1.88652,1.70752,1.93715,1.56032,1.8347,1.81586,1.92773,0,0,0,0,0,0,0,0,0,0,0,0,0,0,0,0,0,0,0,0,0.97623,0.452198,0.832563,0,0,0.552294,0,0.707738,1.06102,0,0,0,0,0,0,0,0,0,0,0,0,0,0,0,0,0,0,0,0,0,
0,0,0,39.0092,0,0,1.67572,1.63922,1.29065,1.61684,1.56856,1.53677,1.70634,1.36837,1.67219,1.67219,0,0,0,0,0,0,0,0,0,0,0,0,0,0,0,0,0,0,0,0,0.936192,0.635904,0,1.97484,0.542874,0.514611,0,0,0.747776,0,0,0,0,0,0,0,0,0,0,0,0,0,0,0,0,0,0,0,0,0,
0,0,0,30.0288,0,0,1.79584,2.082,2.06198,2.09966,2.07375,2.15501,2.11615,2.12204,2.07846,1.99485,0,0,0,0,0,0,0,0,0,0,0,0,0,0,0,0,0,0,0,0,1.16347,0,1.57916,0,1.50615,1.33304,0,0,0,1.62627,0,0,0,0,0,0,0,0,0,0,0,0,0,0,0,0,0,0,0,0,
0,0,0,34.3965,0,0,2.57306,2.55657,2.53184,2.54479,2.57423,2.52242,2.50358,2.05138,2.58365,2.54597,0,0,0,0,0,0,0,0,0,0,0,0,0,0,0,0,0,0,0,0,1.68397,0,0,0,1.26474,0.983296,0,0,0,0,0,0,0,0,0,0,0,0,0,0,0,0,0,0,0,0,0,0,0,0,
0,0,0,32.6289,0,0,2.67668,2.70848,2.78267,2.72732,2.71555,2.78856,2.79562,2.62016,2.75441,2.77914,0,0,0,0,0,0,0,0,0,0,0,0,0,0,0,0,0,0,0,0,0,0,0,3.36676,0,0,0,0,2.04549,0,0,0,0,0,0,0,0,0,0,0,0,0,0,0,0,0,0,0,0,0,
0,0,0,33.8395,0,0,1.91949,2.69788,2.54008,2.68375,2.61663,2.01016,1.99603,2.60485,2.66138,2.67433,0,0,0,0,0,0,0,0,0,0,0,0,0,0,0,0,0,0,0,0,2.01487,2.10908,0.959744,0,0,1.03511,0,0,0,0,0,0,0,0,0,0,0,0,0,0,0,0,0,0,0,0,0,0,0,0,
0,0,0,42.237,0,0,0,1.79702,1.81115,1.93833,1.31891,1.55914,1.36484,1.70634,1.66984,1.6875,0,0,0,0,0,0,0,0,0,0,0,0,0,0,0,0,0,0,0,0,1.86885,0,0,0,0,2.00428,0,0,0,1.72283,0,0,0,0,0,0,0,0,0,0,0,0,0,0,0,0,0,0,0,0,
0,0,0,40.6036,0,0,2.13734,2.35638,2.06551,2.23273,1.52264,1.64157,1.44963,2.21271,1.80173,2.15383,0,0,0,0,0,0,0,0,0,0,0,0,0,0,0,0,0,0,0,0,2.02076,0,0,0,0,1.57563,0,0,0,1.69221,0,0,0,0,0,0,0,0,0,0,0,0,0,0,0,0,0,0,0,0,
0,0,0,31.1864,0,0,2.5813,2.60485,2.64136,2.45176,2.52713,2.03372,2.55068,2.59308,2.57188,2.61545,0,0,0,0,0,0,0,0,0,0,0,0,0,0,0,0,0,0,0,0,0,1.49555,1.17053,0,0,0,0,0,1.63686,0,0,0,0,0,0,0,0,0,0,0,0,0,0,0,0,0,0,0,0,0,
0,0,0,42.2287,0,0,1.76876,2.45647,2.35284,2.39053,2.24686,2.46589,2.37993,1.92067,2.44588,2.31752,0,0,0,0,0,0,0,0,0,0,0,0,0,0,0,0,0,0,0,0,0,0,2.27395,1.65806,1.36837,0,0,0,0,1.16465,0,0,0,0,0,0,0,0,0,0,0,0,0,0,0,0,0,0,0,0,
0,0,0,35.8344,0,0,2.65431,2.60485,2.59779,2.59896,2.54362,2.52124,2.56952,2.47532,2.55186,2.57306,0,0,0,0,0,0,0,0,0,0,0,0,0,0,0,0,0,0,0,0,1.54266,0.655923,0,0,0,1.27652,1.17524,0,0,0,0,0,0,0,0,0,0,0,0,0,0,0,0,0,0,0,0,0,0,0,
0,0,0,38.1531,0,0,2.69788,2.63782,2.67315,2.62605,2.53655,2.12086,2.69553,2.67315,2.59072,2.51889,0,0,0,0,0,0,0,0,0,0,0,0,0,0,0,0,0,0,0,0,0,1.50026,0,1.12932,0,0,0,1.2565,0,0,0,0,0,0,0,0,0,0,0,0,0,0,0,0,0,0,0,0,0,0,
0,0,0,38.06,0,0,2.66255,2.69435,2.76618,2.78031,2.67786,2.6602,2.77089,2.72968,2.73792,2.21389,0,0,0,0,0,0,0,0,0,0,0,0,0,0,0,0,0,0,0,0,0,0.952678,0,0,0,1.23766,0,0.783104,0,1.29418,0,0,0,0,0,0,0,0,0,0,0,0,0,0,0,0,0,0,0,0,
0,0,0,28.0528,0,0,2.94282,2.78267,0,3.72357,3.86606,0,3.84957,2.86746,3.87548,3.81189,0,0,0,0,0,0,0,0,0,0,0,0,0,0,0,0,0,0,0,0,1.10694,0,1.07397,0,0,0,0.761907,1.28123,0,0,0,0,0,0,0,0,0,0,0,0,0,0,0,0,0,0,0,0,0,0,
0,0,0,31.6244,0,0,2.49651,2.45647,2.46707,2.48827,2.40819,2.52006,2.42468,2.48474,2.51182,2.46118,0,0,0,0,0,0,0,0,0,0,0,0,0,0,0,0,0,0,0,0,0,0,1.23412,2.11497,0,2.34225,1.20115,0,0,0,0,0,0,0,0,0,0,0,0,0,0,0,0,0,0,0,0,0,0,0,
0,0,0,34.4024,0,0,2.79327,2.76383,2.83213,2.81682,2.83919,2.85804,2.78385,2.81446,2.78502,2.27512,0,0,0,0,0,0,0,0,0,0,0,0,0,0,0,0,0,0,0,0,0,1.12343,0,0,1.48024,0,0.930304,0,0.935014,0,0,0,0,0,0,0,0,0,0,0,0,0,0,0,0,0,0,0,0,0,
0,0,0,42.9494,0,0,1.85825,2.639,0,1.42725,2.57894,1.93009,2.4553,2.53773,2.55657,2.52006,0,0,0,0,0,0,0,0,0,0,0,0,0,0,0,0,0,0,0,0,0,2.50476,0,0,0,1.50144,2.30574,0,0,0,0,0,0,0,0,0,0,0,0,0,0,0,0,0,0,0,0,0,0,0,
0,0,0,26.1733,0,0,2.80387,2.81211,2.77796,2.82742,2.76972,2.84037,2.83802,2.81564,2.86039,2.78385,0,0,0,0,0,0,0,0,0,0,0,0,0,0,0,0,0,0,0,0,0,1.42136,0,0,1.24237,0,0,1.55208,0,0,0,0,0,0,0,0,0,0,0,0,0,0,0,0,0,0,0,0,0,0,
0,0,0,38.3615,0,0,2.33636,2.32458,2.34107,2.3081,2.26806,2.27277,2.2398,2.33283,2.29985,2.41526,0,0,0,0,0,0,0,0,0,0,0,0,0,0,0,0,0,0,0,0,2.03136,0,0,1.74167,0,0,0,1.4826,0,0,0,0,0,0,0,0,0,0,0,0,0,0,0,0,0,0,0,0,0,0,
0,0,0,25.4515,0,0,3.09827,3.02525,2.96166,2.387,3.07825,3.00524,3.02408,2.41644,3.00641,3.0806,0,0,0,0,0,0,0,0,0,0,0,0,0,0,0,0,0,0,0,0,0.577024,0,0,0.704205,1.28829,1.07279,0,0,0.918528,0,0,0,0,0,0,0,0,0,0,0,0,0,0,0,0,0,0,0,0,0,
0,0,0,42.5432,0,0,2.61898,2.4706,2.56835,1.93597,2.59779,2.59661,2.57659,2.5495,2.60956,2.66373,0,0,0,0,0,0,0,0,0,0,0,0,0,0,0,0,0,0,0,0,0.947968,0,0.440422,0,0.630016,0,0.750131,0.738355,0.272026,0.445133,0,0,0,0,0,0,0,0,0,0,0,0,0,0,0,0,0,0,0,0,
0,0,0,34.1316,0,0,2.45765,2.97462,2.92516,2.92398,3.00288,3.01583,2.91809,3.02172,2.92045,2.41055,0,0,0,0,0,0,0,0,0,0,0,0,0,0,0,0,0,0,0,0,0,1.82999,2.19151,2.55304,0,0,0,0,0,0,0,0,0,0,0,0,0,0,0,0,0,0,0,0,0,0,0,0,0,0,
0,0,0,35.0725,0,0,2.68846,2.61663,2.73321,2.67551,2.70259,2.6967,2.70141,2.71437,2.66844,2.66726,0,0,0,0,0,0,0,0,0,0,0,0,0,0,0,0,0,0,0,0,0.314419,0,0,0,0,0.220211,0,0,0,0,0,0,0,0,0,0,0,0,0,0,0,0,0,0,0,0,0,0,0,0,
0,0,0,38.5428,0,0,2.87688,2.97933,2.94047,3.00995,2.93576,2.9911,2.88394,2.87099,0,2.90396,0,0,0,0,0,0,0,0,0,0,0,0,0,0,0,0,0,0,0,0,1.01627,0.687718,0.474573,0,0,0.651213,0,0.873779,0,0.90793,0,0,0,0,0,0,0,0,0,0,0,0,0,0,0,0,0,0,0,0,
0,0,0,36.5115,0,0,2.1079,0,2.09966,2.20564,2.24568,2.29279,2.10908,2.15619,2.14205,2.04902,0,0,0,0,0,0,0,0,0,0,0,0,0,0,0,0,0,0,0,0,1.21999,0,0,1.56739,0,1.6192,0,0,0,0,0,0,0,0,0,0,0,0,0,0,0,0,0,0,0,0,0,0,0,0,
0,0,0,27.1213,0,0,2.88865,2.9228,2.86039,2.89807,2.90985,2.95224,2.87923,2.92634,2.85332,2.84273,0,0,0,0,0,0,0,0,0,0,0,0,0,0,0,0,0,0,0,0,0,2.24922,0,0,0,0,1.51086,0,0,2.58483,0,0,0,0,0,0,0,0,0,0,0,0,0,0,0,0,0,0,0,0,
0,0,0,30.1595,0,0,3.08413,1.79231,1.76758,1.72518,3.11004,1.7346,1.75698,3.15008,3.11122,3.14419,0,0,0,0,0,0,0,0,0,0,0,0,0,0,0,0,0,0,0,0,1.30596,0,0,1.59212,0,0,1.54619,0,0,0,0,0,0,0,0,0,0,0,0,0,0,0,0,0,0,0,0,0,0,0,
0,0,0,27.1072,0,0,3.12417,3.08296,3.12182,2.61192,3.16657,3.15126,3.08649,3.09709,3.13242,3.1701,0,0,0,0,0,0,0,0,0,0,0,0,0,0,0,0,0,0,0,0,0,0.79959,0.511078,0,0,1.1305,0.242586,0.114227,0,0.662989,0,0,0,0,0,0,0,0,0,0,0,0,0,0,0,0,0,0,0,0,
0,0,0,38.5511,0,0,2.37757,2.44234,1.97012,2.31281,2.42468,2.46001,2.39171,2.33047,2.39524,2.41172,0,0,0,0,0,0,0,0,0,0,0,0,0,0,0,0,0,0,0,0,1.73814,0,0,0,0,0,2.76383,3.03468,0,0,0,0,0,0,0,0,0,0,0,0,0,0,0,0,0,0,0,0,0,0,
0,0,0,33.2884,0,0,2.45412,2.49062,2.513,2.5024,2.55421,2.4447,2.53655,2.46707,2.54597,2.49769,0,0,0,0,0,0,0,0,0,0,0,0,0,0,0,0,0,0,0,0,0,0,0,0,1.3354,2.513,1.40605,0,0,0,0,0,0,0,0,0,0,0,0,0,0,0,0,0,0,0,0,0,0,0,
0,0,0,33.8266,0,0,0,2.61427,2.7073,1.74403,2.69199,2.78973,1.78289,2.67433,2.68493,2.67904,0,0,0,0,0,0,0,0,0,0,0,0,0,0,0,0,0,0,0,0,0,3.67764,0,0,0,0,3.6223,0,0,0,0,0,0,0,0,0,0,0,0,0,0,0,0,0,0,0,0,0,0,0,
0,0,0,29.3929,0,0,2.47532,2.54126,2.54244,2.33871,2.49887,2.48356,2.52831,2.39759,2.54715,2.49887,0,0,0,0,0,0,0,0,0,0,0,0,0,0,0,0,0,0,0,0,0,1.02216,0,0.983296,0.836096,0,0.560538,0.85847,0,0,0,0,0,0,0,0,0,0,0,0,0,0,0,0,0,0,0,0,0,0,
0,0,0,28.691,0,0,2.47296,2.37875,2.4553,2.44705,2.43174,2.45883,2.52595,2.44116,2.51771,2.50358,0,0,0,0,0,0,0,0,0,0,0,0,0,0,0,0,0,0,0,0,0,2.81564,0,0,0,0,0,0,0,2.33283,0,0,0,0,0,0,0,0,0,0,0,0,0,0,0,0,0,0,0,0,
0,0,0,28.7794,0,0,2.59543,2.55186,2.54833,2.58836,2.49298,2.54715,2.60014,2.4023,2.52006,2.51418,0,0,0,0,0,0,0,0,0,0,0,0,0,0,0,0,0,0,0,0,1.34364,0.673587,0,0,0,1.57681,0,0.873779,0,0,0,0,0,0,0,0,0,0,0,0,0,0,0,0,0,0,0,0,0,0,
0,0,0,25.8695,0,0,2.53302,2.4918,2.51418,2.55657,2.07964,2.54008,2.41055,2.49769,2.53302,2.5236,0,0,0,0,0,0,0,0,0,0,0,0,0,0,0,0,0,0,0,0,0,0,0.856115,1.6875,0,2.16207,0,0,0,1.40017,0,0,0,0,0,0,0,0,0,0,0,0,0,0,0,0,0,0,0,0,
0,0,0,26.244,0,0,2.86039,2.81329,2.77678,2.79916,2.77325,2.30221,2.8074,2.74263,2.87688,2.75323,0,0,0,0,0,0,0,0,0,0,0,0,0,0,0,0,0,0,0,0,0,0,0,1.87238,0,0,0,0,2.74499,0,0,0,0,0,0,0,0,0,0,0,0,0,0,0,0,0,0,0,0,0,
0,0,0,32.4299,0,0,2.05491,2.95695,2.96991,3.01112,2.93811,2.99346,3.00759,2.87805,2.95578,2.96991,0,0,0,0,0,0,0,0,0,0,0,0,0,0,0,0,0,0,0,0,0,0,0.956211,0,1.56268,0,0,0,0,1.75109,0,0,0,0,0,0,0,0,0,0,0,0,0,0,0,0,0,0,0,0,
0,0,0,41.8331,0,0,1.96659,2.11497,2.16914,2.21271,2.19387,2.11615,1.78289,2.26099,1.97955,1.95482,0,0,0,0,0,0,0,0,0,0,0,0,0,0,0,0,0,0,0,0,1.24708,0,1.43785,0,0,1.40252,0,0,0.832563,0,0,0,0,0,0,0,0,0,0,0,0,0,0,0,0,0,0,0,0,0,
0,0,0,28.7829,0,0,2.513,2.65431,2.63429,2.65078,2.58365,2.69317,2.61309,2.19151,2.5813,2.60603,0,0,0,0,0,0,0,0,0,0,0,0,0,0,0,0,0,0,0,0,0.393318,0.520499,0.204902,0.528742,0.216678,0.780749,0.532275,0,0,0.279091,0,0,0,0,0,0,0,0,0,0,0,0,0,0,0,0,0,0,0,0,
0,0,0,37.5584,0,0,2.81446,2.68375,2.74028,2.73674,2.65313,2.72261,2.76265,2.72732,2.68375,2.75323,0,0,0,0,0,0,0,0,0,0,0,0,0,0,0,0,0,0,0,0,0,0,2.20564,1.95482,0,0,0,0,0,0,0,0,0,0,0,0,0,0,0,0,0,0,0,0,0,0,0,0,0,0,
0,0,0,35.8026,0,0,3.17481,2.65784,3.19483,3.20072,3.23133,3.13477,3.19365,3.17245,3.21603,3.16303,0,0,0,0,0,0,0,0,0,0,0,0,0,0,0,0,0,0,0,0,0,0.611174,0,0,0.744243,0.674765,0,0.730112,0,0,0,0,0,0,0,0,0,0,0,0,0,0,0,0,0,0,0,0,0,0,
0,0,0,41.3656,0,0,2.30692,2.30574,1.85943,2.20447,2.22213,2.22331,2.3081,2.36109,2.27748,2.28101,0,0,0,0,0,0,0,0,0,0,0,0,0,0,0,0,0,0,0,0,0.810189,0,0,0.628838,0,0,1.16347,0,0,1.4143,0,0,0,0,0,0,0,0,0,0,0,0,0,0,0,0,0,0,0,0,
0,0,0,38.9397,0,0,2.91103,2.76265,2.76383,2.28454,2.87452,2.30221,2.82388,2.87099,2.80151,2.81329,0,0,0,0,0,0,0,0,0,0,0,0,0,0,0,0,0,0,0,0,0,1.56385,0,0,1.64746,0,0,1.49202,0,1.38721,0,0,0,0,0,0,0,0,0,0,0,0,0,0,0,0,0,0,0,0,
0,0,0,29.0078,0,0,2.4918,2.54126,2.59308,2.59072,2.06316,2.52713,2.57188,2.5601,2.51418,2.62958,0,0,0,0,0,0,0,0,0,0,0,0,0,0,0,0,0,0,0,0,0,0,0,0,2.52595,0,0,0,2.4553,0,0,0,0,0,0,0,0,0,0,0,0,0,0,0,0,0,0,0,0,0,
0,0,0,27.3356,0,0,2.6708,2.67786,2.71555,2.70141,2.6967,2.68375,2.64607,2.68728,2.56246,2.62134,0,0,0,0,0,0,0,0,0,0,0,0,0,0,0,0,0,0,0,0,0,0,1.20822,0.699494,0,1.62862,0,1.00685,0,0,0,0,0,0,0,0,0,0,0,0,0,0,0,0,0,0,0,0,0,0,
0,0,0,29.4777,0,0,2.54008,2.54244,2.62958,2.65784,2.66844,2.60838,2.57659,2.56835,2.56128,2.59308,0,0,0,0,0,0,0,0,0,0,0,0,0,0,0,0,0,0,0,0,1.07986,0,1.91596,2.14323,0,0,0,0,0,0,0,0,0,0,0,0,0,0,0,0,0,0,0,0,0,0,0,0,0,0,
0,0,0,39.1258,0,0,2.79798,2.76265,2.87217,2.76618,2.82977,2.81093,2.80858,2.78856,2.81211,2.6602,0,0,0,0,0,0,0,0,0,0,0,0,0,0,0,0,0,0,0,0,0,0,1.96306,0,0,0,1.70634,1.54854,0,0,0,0,0,0,0,0,0,0,0,0,0,0,0,0,0,0,0,0,0,0,
0,0,0,37.9764,0,0,2.62016,2.47414,2.52595,2.53184,2.51418,2.55892,2.5024,2.51535,2.4812,2.46825,0,0,0,0,0,0,0,0,0,0,0,0,0,0,0,0,0,0,0,0,1.76522,0,1.05866,0,0,1.07868,0,1.08575,0,0,0,0,0,0,0,0,0,0,0,0,0,0,0,0,0,0,0,0,0,0,
0,0,0,34.1386,0,0,2.944,2.99817,1.88534,2.28337,3.00641,2.94753,2.94164,2.97815,2.25628,2.97697,0,0,0,0,0,0,0,0,0,0,0,0,0,0,0,0,0,0,0,0,0,1.34011,0,0.885555,0,1.12108,0,0,1.04453,0,0,0,0,0,0,0,0,0,0,0,0,0,0,0,0,0,0,0,0,0,
0,0,0,35.3103,0,0,2.68375,2.63547,2.62369,2.14088,2.55539,2.64489,2.07022,2.62487,2.5707,2.56717,0,0,0,0,0,0,0,0,0,0,0,0,0,0,0,0,0,0,0,0,0.632371,0.38743,0,0,0.81961,0.753664,0.401562,0.273203,1.08928,0.403917,0,0,0,0,0,0,0,0,0,0,0,0,0,0,0,0,0,0,0,0,
0,0,0,31.7151,0,0,2.61663,2.68728,2.63429,2.63665,2.25628,2.61898,2.61309,2.53655,2.65667,2.62252,0,0,0,0,0,0,0,0,0,0,0,0,0,0,0,0,0,0,0,0,0,0,0,0,3.01348,0,0,3.57284,0,0,0,0,0,0,0,0,0,0,0,0,0,0,0,0,0,0,0,0,0,0,
0,0,0,27.8903,0,0,2.30339,2.30221,2.36344,2.3081,2.2975,2.23626,2.38111,2.28572,2.21742,1.56739,0,0,0,0,0,0,0,0,0,0,0,0,0,0,0,0,0,0,0,0,0,2.9228,0,0,1.95953,0,0,1.81233,0,0,0,0,0,0,0,0,0,0,0,0,0,0,0,0,0,0,0,0,0,0,
