0,0,0,4.111,4.1899,4.27587,0,0.339149,0.313242,0.312064,0.303821,0.306176,0.306176,0.301466,0.211968,0.277914,0,0.20137,0.0953856,0.161331,0.200192,0.164864,0.115405,0.216678,0.203725,0.242586,0.275558,0.28969,0.292045,0.277914,0.275558,0.270848,0.280269,0.259072,0.268493,0.234342,0.226099,0,0,0.929126,0,0,0,0,0,0,0,0,0,0,0,0,0,0,0,0.944435,0,0,0,0,0.633549,0,0,0,0,0,0,0,0,0,0,0,0,0,0,0,0,
0,0,0,3.67293,4.05094,4.7104,0,0,0.40745,0.365056,0.381542,0.401562,0,0.383898,0.35799,0.372122,0.360346,0.253184,0.214323,0.228454,0.211968,0.249651,0.261427,0.247296,0.191949,0.270848,0.270848,0.129536,0.109517,0.131891,0.0800768,0.138957,0.150733,0.131891,0.162509,0.157798,0.207258,0,0,0,0,0,0,0,0,0,0,0,0,0,0,0,0,0,0.354458,0,0,0.160154,0.162509,0.124826,0,0,0,0,0,0,0,0,0,0,0,0,0,0,0,0,0,
0,0,0,4.57851,3.52809,4.23229,0,0.162509,0.138957,0.169574,0.18135,0.094208,0.11305,0.116582,0.138957,0.136602,0.128358,0.355635,0.355635,0.332083,0.343859,0.281446,0.282624,0.308531,0.282624,0.34857,0.341504,0.222566,0.2944,0.248474,0.259072,0.270848,0.284979,0.282624,0.253184,0.306176,0.254362,0,0.452198,0,0,0,0,0,0,0,0,0,0,0,0,0,0.50519,0,0,0,0,0,0,0,0,0,0,0,0,1.09988,0,0,0,0,0,0,0,0,0,0,0,
0,0,0,5.16731,4.39716,4.2476,0,0.370944,0.35799,0.369766,0.379187,0.409805,0.395674,0.393318,0.383898,0.373299,0.374477,0.236698,0.320307,0.244941,0,0.249651,0.263782,0.287334,0.317952,0.277914,0.301466,0.308531,0.308531,0.263782,0.292045,0.290867,0.303821,0.29911,0.28969,0.275558,0.272026,0,0,0,0,0,0,0,0,0,0,0,0,0.188416,0,0.193126,0,0,0,0,0,0,0,0,0,0,0,0,0,0.810189,0,0,0,0,0,0,0,0,0,0,0,
0,0,0,5.53943,4.06508,4.18872,0,0.0989184,0.334438,0.254362,0.275558,0.254362,0.214323,0.0400384,0.249651,0.259072,0.252006,0.551117,0.560538,0.52992,0.514611,0.499302,0.546406,0.52992,0.518144,0.562893,0.532275,0.306176,0.280269,0.263782,0.270848,0.244941,0.26025,0.259072,0.26025,0.23552,0.195482,0,0,0,0,0,0,0,0,0,0,0,0,0,0,0,0,0,0,0.487526,0,0,0,0,0.508723,0,0,0,0,0,0,0,0,0,0,0,0,0,0,0,0,
0,0,0,4.56438,3.9061,4.57615,0,0.322662,0.322662,0.306176,0.327373,0.320307,0.313242,0.31913,0.336794,0.327373,0.336794,0.409805,0.372122,0.388608,0.350925,0.355635,0.367411,0.388608,0.35328,0.402739,0.350925,0.296755,0.268493,0.295578,0.287334,0.301466,0.287334,0.320307,0.315597,0.272026,0.292045,0,0,0,0,0,0,0,0,0,0.47575,0,0,0,0,0,0,0,0.439245,0,0,0.136602,0.0800768,0.120115,0,0.0800768,0,0,0.11305,0,0,0,0,0,0,0,0,0,0,0,0,
0,0,0,4.68214,4.53729,4.66683,0,0.270848,0.284979,0.277914,0.254362,0.177818,0.222566,0.197837,0.223744,0.221389,0.219034,0.339149,0.29911,0.281446,0.29911,0.303821,0.301466,0.2944,0.306176,0.301466,0.315597,0.47104,0.438067,0.426291,0.421581,0.426291,0.419226,0.442778,0.41687,0.463974,0.413338,0.11776,0.11776,0,0,0,0,0,0,0,0.108339,0.209613,0,0,0,0.101274,0.0388608,0.104806,0,0.0800768,0,0,0,0,0,0,0,0,0.24023,0,0,0,0,0,0,0,0,0,0,0,0,
0,0,0,4.23347,4.37007,3.34909,0,0.26967,0.204902,0.247296,0.226099,0.23552,0.200192,0.242586,0.24023,0.221389,0.204902,0.280269,0.284979,0.272026,0.303821,0.287334,0.284979,0.268493,0.261427,0.253184,0.261427,0.287334,0.261427,0.273203,0.268493,0.286157,0.273203,0.273203,0.211968,0.222566,0.23552,0.0612352,0,0,0,0,0.164864,0,0.0753664,0.0894976,0.100096,0.286157,0,0,0,0,0,0,0,0,0.164864,0,0,0.204902,0,0,0,0.169574,0,0,0.211968,0,0,0,0,0,0,0,0,0,0,
0,0,0,5.00127,4.34299,4.48548,0,0.383898,0.355635,0.383898,0.341504,0.350925,0.343859,0.337971,0.362701,0.345037,0.28969,0.337971,0.322662,0.2944,0.296755,0.282624,0.273203,0.282624,0.29911,0.2944,0.313242,0.282624,0.202547,0.0518144,0.076544,0.211968,0.0906752,0.169574,0.082432,0.211968,0.233165,0,0,0,0,0,0,0,0,0,0,0.190771,0,0,0,0.101274,0.105984,0,0,0,0.12247,0,0,0,0,0,0,0,0,0,0.538163,0,0,0,0,0,0,0,0,0,0,
0,0,0,4.15104,5.04013,4.07921,0,0.454554,0.443955,0.449843,0.463974,0.473395,0.296755,0.461619,0.459264,0.435712,0.2944,0.255539,0.242586,0.207258,0.228454,0.209613,0.131891,0.219034,0.094208,0.184883,0.236698,0.244941,0.153088,0.200192,0.207258,0.207258,0.23081,0.23552,0.223744,0.164864,0.169574,0,0,0.659456,0,0,0,0,0,0,0,0,0,0,0,0,0,0,0,0,0,0,0,0,0,0,0,0,0,0.899686,0,0,0,0,0,0,0,0,0,0,0,
0,0,0,4.56438,4.06508,4.28764,0,0.349747,0.343859,0.352102,0.322662,0.327373,0.322662,0.327373,0.326195,0.332083,0.208435,0.415693,0.400384,0.414515,0.383898,0.40745,0.374477,0.373299,0.315597,0.414515,0.393318,0.270848,0.196659,0.249651,0.247296,0.124826,0.175462,0.226099,0.196659,0.233165,0.242586,0,0,0.350925,0,0,0,0,0,0,0,0,0,0,0,0,0,0,0,0.970342,0,0,0,0,0,0,0.146022,0.162509,0,0.108339,0,0,0,0,0,0,0,0,0,0,0,
0,0,0,4.70333,4.51374,4.14868,0,0.422758,0.405094,0.431002,0.35799,0.40745,0.386253,0.365056,0.372122,0.381542,0.363878,0.41687,0.395674,0.362701,0.361523,0.346214,0.330906,0.306176,0.313242,0.374477,0.388608,0.478106,0.432179,0.421581,0.454554,0.445133,0.423936,0.461619,0.456909,0.449843,0.447488,0,0,0.23552,0,0.221389,0,0,0,0,0,0.127181,0.108339,0,0,0,0,0,0,0,0,0,0,0,0,0,0,0,0,0,0,0,0,0,0,0,0,0,0,0,0,
0,0,0,3.79069,4.26644,4.28175,0,0.263782,0.28969,0.286157,0.308531,0,0.292045,0.306176,0.273203,0.219034,0.24023,0.38272,0.386253,0.375654,0.393318,0.35328,0.35328,0.386253,0.343859,0.367411,0.369766,0.463974,0.421581,0.443955,0.428646,0.447488,0.418048,0.442778,0.420403,0.386253,0.40745,0,0,0,0,0.360346,0,0,0,0,0,0,0,0,0,0,0.459264,0,0,0,0,0.379187,0,0,0,0,0,0,0,0,0,0,0,0,0,0,0,0,0,0,0,
0,0,0,3.76832,4.60442,4.33004,0,0.219034,0.21079,0,0.219034,0.221389,0.209613,0.160154,0.169574,0.162509,0.157798,0.340326,0.301466,0.388608,0.374477,0.385075,0.35799,0.374477,0.327373,0.372122,0.342682,0.365056,0.273203,0.359168,0.362701,0.325018,0.320307,0.2944,0.334438,0.346214,0.346214,0,0,0,0,0,0,0,0,0.419226,0,0.47104,0,0,0,0,0,0,0,0,0,0,0.374477,0.341504,0,0,0,0,0,0,0,0,0,0,0,0,0,0,0,0,0,
0,0,0,5.16966,4.32415,3.86488,0,0,0.402739,0.341504,0,0.35799,0.372122,0.332083,0.350925,0.35799,0.313242,0.355635,0.317952,0.341504,0.308531,0.280269,0.270848,0.292045,0.301466,0.343859,0.329728,0.322662,0.327373,0.315597,0.336794,0.312064,0,0.325018,0.332083,0.336794,0.343859,0,0,0,0,0,0,0,0,0,0,0.455731,0,0,0,0,0,0,0,0,0,0,0,0,0,0,0,0.686541,0,0,0,0,0,0,0,0,0,0,0,0,0,
0,0,0,3.78952,3.77303,4.93297,0,0.452198,0.40745,0.46633,0.419226,0.445133,0.420403,0.310886,0.398029,0.423936,0.447488,0.438067,0.26496,0.435712,0.388608,0.342682,0.261427,0.34857,0.276736,0.280269,0,0.428646,0.379187,0.421581,0.400384,0.388608,0.379187,0.381542,0.400384,0.390963,0.390963,0,0,0.539341,0,0,0,0,0,0,0,0,0,0,0.678298,0,0,0,0,0,0,0,0,0,0,0,0,0,0,0,0,0,0,0,0,0,0,0,0,0,0,
0,0,0,4.34888,4.11689,4.10629,0,0.296755,0.275558,0.277914,0.282624,0.273203,0.277914,0.262605,0.259072,0.213146,0.237875,0.229632,0.236698,0.24023,0.266138,0.263782,0.261427,0.252006,0.219034,0.26967,0.231987,0.276736,0.287334,0.306176,0.2944,0.330906,0.242586,0.242586,0.266138,0.247296,0.266138,0,0.496947,0,0,0,0,0,0,0,0,0,0,0,0,0,0,0,0.514611,0,0,0,0,0,0.23552,0,0,0,0,0.168397,0,0,0,0,0,0,0,0,0,0,0,
0,0,0,4.13691,3.43035,4.20639,0,0.402739,0.386253,0.395674,0,0.393318,0.405094,0.413338,0.255539,0.428646,0.405094,0.35328,0.34857,0.320307,0.347392,0.306176,0.256717,0.308531,0.296755,0.337971,0.327373,0.346214,0.329728,0.242586,0.242586,0.341504,0.233165,0.339149,0.327373,0.310886,0.310886,0,0,0,0.52521,0,0,0,0,0,0,0,0,0,0,0,0,0.979763,0,0,0,0,0,0,0.906752,0,0,0,0,0,0,0,0,0,0,0,0,0,0,0,0,
0,0,0,4.28882,4.57027,4.07214,0,0.191949,0.28969,0.275558,0.273203,0.228454,0.280269,0.252006,0.282624,0.247296,0.244941,0.438067,0.40745,0.418048,0.385075,0.367411,0.394496,0.388608,0.355635,0.40745,0.398029,0.552294,0.478106,0.518144,0.515789,0.508723,0.480461,0.460442,0.46633,0.480461,0.442778,0,0,0,0,0.504013,0,0,0,0,0,0,0,0,0,0,0,0,0.306176,0,0,0,0,0,0,0,0,0,0,0.605286,0,0,0,0,0,0,0,0,0,0,0,
0,0,0,4.42307,4.13809,4.4372,0,0.317952,0.284979,0.221389,0.228454,0.242586,0.252006,0.24023,0.247296,0.191949,0.270848,0.320307,0,0.454554,0.31913,0.301466,0.423936,0.419226,0.432179,0.41216,0.419226,0,0.275558,0.280269,0.242586,0.107162,0.308531,0.213146,0.310886,0.303821,0.223744,0,0,0,0.190771,0,0,0,0.17664,0,0,0,0.367411,0,0,0,0.268493,0,0,0,0,0,0,0,0,0,0,0,0.479283,0,0,0,0,0,0,0,0,0,0,0,0,
0,0,0,4.59264,3.99206,5.07075,0,0.322662,0.334438,0.336794,0.329728,0.325018,0.332083,0.313242,0.31913,0.317952,0.29911,0.303821,0.268493,0.310886,0,0.306176,0.28969,0.315597,0.337971,0.296755,0.263782,0.379187,0.35799,0.332083,0.35799,0.343859,0.349747,0.327373,0.321485,0.261427,0.306176,0,0.0753664,0,0,0,0,0.0565248,0,0.0683008,0,0,0.183706,0,0,0.20608,0,0.24023,0,0,0,0,0,0,0,0,0,0,0,0,0,0,0,0,0,0,0,0,0,0,0,
0,0,0,4.50196,4.27233,4.15811,0,0.29911,0.29911,0.226099,0.315597,0.306176,0.280269,0.288512,0.28969,0.280269,0.287334,0.316774,0.28969,0.247296,0.301466,0.313242,0.32384,0.2944,0.295578,0.310886,0.369766,0.202547,0.202547,0.209613,0.209613,0.221389,0.247296,0.252006,0.253184,0.197837,0.18135,0.17193,0,0,0.141312,0,0,0,0,0.169574,0,0,0,0,0,0,0.329728,0,0.261427,0,0,0,0,0,0,0.655923,0,0,0,0,0,0,0,0,0,0,0,0,0,0,0,
0,0,0,4.24407,4.16164,4.15104,0,0.47575,0.52992,0.52521,0.560538,0.369766,0.539341,0.536986,0.515789,0.508723,0.482816,0.413338,0,0.426291,0.381542,0.34857,0.421581,0.409805,0.383898,0.413338,0.40745,0.40745,0.360346,0.369766,0.386253,0.374477,0.365056,0.374477,0.383898,0.354458,0.365056,0,0,0,0,0.461619,0,0,0,0.41216,0,0,0,0,0.308531,0,0,0,0,0,0.197837,0,0,0.094208,0,0,0.0989184,0,0.0871424,0,0,0,0,0,0,0,0,0,0,0,0,
0,0,0,3.81896,4.45722,4.06743,0,0.35799,0.37801,0.390963,0.34857,0.386253,0.349747,0.325018,0.335616,0.350925,0.329728,0.26025,0.268493,0.169574,0.246118,0.28969,0.29911,0.177818,0.250829,0.329728,0.287334,0.207258,0.186061,0.203725,0.187238,0.211968,0.202547,0.23081,0.228454,0.184883,0.195482,0,0,0,0,0,0.724224,0,0,0,0,0,0,0,0,0,0,0,0.462797,0,0,0,0,0,0,0,0,0,0.581734,0,0,0,0,0,0,0,0,0,0,0,0,
0,0,0,4.55849,4.595,3.83309,0,0.195482,0.196659,0.190771,0.143667,0.183706,0.164864,0.141312,0.144845,0.1472,0.17664,0.317952,0.329728,0.306176,0.29911,0.303821,0.229632,0.310886,0.301466,0.332083,0.334438,0.363878,0.35799,0.327373,0.365056,0.386253,0.393318,0.372122,0.261427,0.350925,0.355635,0,0,0,0,0,0,0.402739,0,0,0,0,0,0.0906752,0,0,0.124826,0,0,0,0,0.777216,0,0,0,0,0,0,0,0,0,0,0,0,0,0,0,0,0,0,0,
0,0,0,3.63996,4.52198,3.77421,0,0.362701,0.332083,0.310886,0.329728,0.313242,0.329728,0.315597,0.310886,0.333261,0.322662,0.2944,0.261427,0.248474,0.247296,0.275558,0.23552,0.242586,0.266138,0.266138,0.188416,0.237875,0.233165,0.24023,0.219034,0.237875,0.254362,0.282624,0.241408,0.209613,0.183706,0,0,0,0,0,0,0,0,0,0.748954,0,0,0,0,0.191949,0.0989184,0,0,0,0,0,0,0,0,0,0.617062,0,0,0,0,0,0,0,0,0,0,0,0,0,0,
0,0,0,5.5253,4.61619,4.43484,0,0,0.433357,0.447488,0.326195,0.362701,0.34857,0.327373,0.381542,0.383898,0.388608,0.148378,0.0753664,0.115405,0.127181,0.0800768,0.12247,0.115405,0.12247,0.175462,0.094208,0.334438,0.280269,0.28969,0.280269,0.221389,0.280269,0.2944,0.216678,0.26496,0.263782,0,0,0,0,0,0,0,0,0,0,0,0,0,0.2944,0.146022,0,0,0,0,0,0,0,0,0,0.402739,0,0,0,0,0,0,0,0,0,0,0,0,0,0,0,
0,0,0,4.38774,3.94967,4.11218,0,0.301466,0.273203,0.243763,0.20608,0.214323,0.23081,0.244941,0.259072,0.233165,0.275558,0.398029,0.35328,0.398029,0.355635,0.343859,0.315597,0.327373,0.325018,0.29911,0.367411,0.409805,0.263782,0.386253,0.383898,0.301466,0.35328,0.374477,0.275558,0.369766,0.360346,0.0753664,0,0,0,0,0.0836096,0.082432,0,0.082432,0,0,0.17664,0,0,0,0,0.17664,0,0,0,0,0,0,0,0,0,0,0,0.527565,0,0,0,0,0,0,0,0,0,0,0,
0,0,0,4.3159,3.28668,4.13455,0,0.306176,0.287334,0.274381,0.242586,0.254362,0.244941,0.252006,0.254362,0.259072,0.268493,0.403917,0.379187,0.388608,0.386253,0.400384,0.395674,0.395674,0.393318,0.403917,0.433357,0.296755,0.263782,0.277914,0.301466,0.256717,0.256717,0.273203,0.295578,0.253184,0.288512,0,0,0.347392,0,0,0,0,0,0,0,0,0,0,0,0,0,1.11519,0,0,0,0,0,0,0,0,0,0,0,0.539341,0,0,0,0,0,0,0,0,0,0,0,
0,0,0,4.95534,4.3159,4.45957,0,0.512256,0.494592,0.485171,0.461619,0.317952,0.460442,0.296755,0.270848,0.447488,0.459264,0.47104,0.447488,0.399206,0.41216,0.410982,0.435712,0.47104,0.445133,0.426291,0.438067,0.342682,0.313242,0.189594,0.320307,0.313242,0.301466,0.310886,0.200192,0.322662,0.306176,0.047104,0,0,0.0105984,0,0,0,0,0,0,0,0,0,0.630016,0,0,0,0,0,0,0,0.582912,0,0,0,0,0,0,0,0,0,0,0,0,0,0,0,0,0,0,
0,0,0,3.53869,4.65859,4.54083,0,0.339149,0.346214,0.325018,0.35328,0.310886,0.329728,0.322662,0.339149,0.292045,0.292045,0.369766,0.379187,0.32855,0.350925,0.360346,0.329728,0,0.373299,0.386253,0.334438,0.336794,0.296755,0.315597,0.29911,0.296755,0.282624,0.310886,0.315597,0.322662,0.2944,0,0,0,0,0,0,0.674765,0,0,0,0.0683008,0.0812544,0,0,0,0.101274,0,0,0.105984,0,0,0,0,0,0,0,0,0,0.372122,0,0,0,0,0,0,0,0,0,0,0,
0,0,0,3.20425,4.7787,4.4478,0,0.402739,0.268493,0.463974,0,0.247296,0.425114,0.433357,0.428646,0.461619,0.398029,0.379187,0.332083,0.346214,0,0.325018,0.317952,0.327373,0.355635,0.350925,0.343859,0.248474,0.303821,0.292045,0.307354,0.301466,0.317952,0.301466,0.282624,0.252006,0.295578,0,0,0,0.8832,0,0,0,0,0,0,0,0,0,0,0,0,0,0,0,0,0.146022,0,0,0,0,0,0.200192,0,0,0,0,0,0,0,0,0,0,0,0,0,
0,0,0,4.15104,4.48312,4.14515,0,0.487526,0.455731,0.435712,0.459264,0.468685,0.346214,0.461619,0.47104,0.47104,0.440422,0.423936,0.374477,0.483994,0.483994,0.482816,0.487526,0.372122,0.47104,0.426291,0.473395,0.295578,0.284979,0.316774,0.277914,0.297933,0.288512,0.283802,0.287334,0.301466,0.280269,0,0,0,0,0,0,0.455731,0,0,0,0,0,0,0,0,0,0,0.400384,0,0,0,0.578202,0,0,0,0,0,0,0,0,0,0,0,0,0,0,0,0,0,0,
0,0,0,4.19697,4.66447,2.34813,0,0.372122,0.296755,0.346214,0.339149,0.34857,0.379187,0.367411,0.35328,0.369766,0.284979,0.34857,0.34857,0.320307,0.306176,0.308531,0.314419,0.303821,0.280269,0.366234,0.292045,0.607642,0.579379,0.609997,0.552294,0.579379,0.605286,0.59351,0.609997,0,0.579379,0.183706,0,0,0,0,0.160154,0,0,0.143667,0,0,0,0,0,0,0,0,0,0.273203,0.188416,0,0,0,0,0,0,0,0,0,0,0,0,0,0,0,0,0,0,0,0,
0,0,0,3.99442,4.30177,4.10865,0,0.26967,0.277914,0.266138,0.257894,0.266138,0.200192,0.259072,0.268493,0.249651,0.277914,0.327373,0.325018,0.284979,0.320307,0.321485,0.26967,0.2944,0.268493,0.296755,0.284979,0.249651,0.23552,0.200192,0.226099,0.219034,0.224922,0.144845,0.23552,0.23552,0.233165,0.650035,0,0,0,0,0,0,0,0,0,0,0,0,0,0,0,0,0,0,0.479283,0,0,0.11305,0,0.115405,0,0,0.146022,0.108339,0,0,0,0,0,0,0,0,0,0,0,
0,0,0,4.4949,4.5314,4.00855,0,0.263782,0.242586,0.255539,0.263782,0.273203,0.263782,0.149555,0.18135,0.202547,0.211968,0.337971,0.160154,0.1472,0.223744,0.23081,0.23081,0.249651,0.259072,0.296755,0.277914,0.456909,0.449843,0.46633,0.431002,0.272026,0.47575,0.442778,0.28969,0.44631,0.433357,0,0,0,0,0,0.784282,0,0,0,0,0,0,0,0.174285,0.211968,0,0,0,0,0,0,0,0,0,0,0,0.920883,0,0,0,0,0,0,0,0,0,0,0,0,0,
0,0,0,4.29706,3.96733,5.03071,0,0.343859,0.367411,0.388608,0.287334,0.362701,0.341504,0.350925,0.325018,0.301466,0.270848,0.244941,0.275558,0.383898,0.214323,0.376832,0.228454,0.362701,0.380365,0.372122,0.390963,0.489882,0.456909,0.429824,0.409805,0.405094,0.428646,0.372122,0.414515,0.438067,0.454554,0,0,0,0,0,0,0,0,0,0.480461,0,0,0.207258,0,0,0,0.266138,0,0,0,0,0,0,0,0,0,0,0,0,0,0,0,0,0,0,0,0,0,0,0,
0,0,0,4.6527,3.77185,4.71158,0,0.518144,0.494592,0.47104,0.520499,0.493414,0.513434,0.47104,0.492237,0.473395,0.504013,0.228454,0.277914,0.308531,0.313242,0.304998,0.303821,0.280269,0.320307,0.336794,0.315597,0.376832,0.372122,0.35328,0,0.335616,0.329728,0.350925,0.346214,0.35799,0.332083,0,0.134246,0,0,0.150733,0,0,0,0,0,0,0,0,0.756019,0,0,0,0,0,0,0,0,0,0,0,0,0,0,0.146022,0,0,0,0,0,0,0,0,0,0,0,
0,0,0,4.73631,4.56556,4.59382,0,0.428646,0.41687,0.386253,0.383898,0.381542,0.398029,0.350925,0.400384,0.400384,0.392141,0.24023,0.248474,0.259072,0.202547,0.188416,0.219034,0.209613,0.17193,0.249651,0.248474,0.336794,0.356813,0.381542,0.400384,0.362701,0,0.355635,0.35799,0.35328,0.376832,0.0847872,0,0,0,0.209613,0.195482,0,0,0,0,0,0.257894,0,0,0,0,0,0,0,0,0,0.226099,0,0,0,0,0,0.1472,0,0,0,0,0,0,0,0,0,0,0,0,
0,0,0,4.72218,4.47841,5.03424,0,0.47575,0.492237,0.401562,0.473395,0.426291,0.315597,0.472218,0.459264,0.410982,0.494592,0.341504,0.332083,0.292045,0.306176,0.301466,0.274381,0.263782,0.292045,0.286157,0.29911,0.343859,0.306176,0.281446,0.286157,0.35799,0.317952,0.296755,0.273203,0.325018,0.274381,0,0,0,0.350925,0,0,0,0,0,0,0,0,0,0,0,0,0,0,0,0.558182,0,0,0,0,0,0,0,0,0,0,0,0,0,0,0,0,0,0,0,0,
0,0,0,4.27351,3.89432,4.10747,0,0.304998,0.280269,0.292045,0.301466,0.309709,0.290867,0.256717,0.2944,0.204902,0.303821,0.40745,0.409805,0.421581,0.369766,0.40745,0.398029,0.40745,0.403917,0.327373,0.405094,0.29911,0.284979,0.282624,0.275558,0.254362,0.17664,0.287334,0.214323,0.24023,0.222566,0,0,0,0,0,0,0,0,0,0.70656,0,0,0,0,0,0,0,0,0,0.546406,0,0,0,0,0,0,0,0,0,0,0,0,0,0,0,0,0,0,0,0,
0,0,0,4.65741,4.33239,4.36536,0,0.527565,0.337971,0.473395,0.336794,0,0.518144,0.496947,0,0.507546,0.355635,0.362701,0.315597,0.341504,0.28969,0.355635,0.34857,0.339149,0.276736,0.35328,0.350925,0.361523,0.343859,0.317952,0.322662,0.242586,0.301466,0.317952,0.2944,0.329728,0.322662,0,0,0,0,0,0,0,0,0,0,0,0,0.35799,0,0,0,0,0,0.419226,0,0,0,0,0,0,0,0,0.286157,0,0,0,0,0,0,0,0,0,0,0,0,
0,0,0,5.08723,4.75868,3.48687,0,0.35799,0.35328,0.326195,0.317952,0.322662,0.308531,0.332083,0.308531,0.301466,0.287334,0.355635,0.343859,0.295578,0.325018,0.34857,0.339149,0.367411,0.320307,0.34857,0.355635,0.211968,0.266138,0.256717,0.280269,0.284979,0.247296,0,0.186061,0.18135,0.202547,0,0,0,0,0,0,0,0,0,0,0,0,0,0,0,0,0,0,0,0,0,0,0,0,0,0,1.07397,0,0,0,0,0,0,0,0,0,0,0,0,0,
0,0,0,4.85171,4.3006,3.21838,0,0.494592,0.489882,0.473395,0.473395,0.461619,0.419226,0.447488,0.420403,0.418048,0.41216,0.449843,0.395674,0.393318,0.373299,0.388608,0.312064,0.350925,0.362701,0.390963,0.398029,0,0.127181,0.0965632,0.110694,0.0788992,0.0906752,0.0659456,0.0506368,0.0541696,0.05888,0.0800768,0,0,0.141312,0,0,0.0541696,0.0635904,0.0683008,0.0930304,0,0,0,0.724224,0,0,0,0,0,0,0,0,0,0,0,0,0.720691,0,0,0,0,0,0,0,0,0,0,0,0,0,
0,0,0,4.19579,5.08605,2.85804,0,0.410982,0.390963,0.390963,0.386253,0.376832,0.395674,0.386253,0.287334,0.388608,0.355635,0.334438,0.286157,0.310886,0.2944,0.308531,0.29911,0.2944,0.275558,0.310886,0.306176,0.385075,0.360346,0.374477,0.35799,0.356813,0.334438,0.372122,0.367411,0.339149,0.345037,0,0.28969,0,0,0,0,0,0,0,0,0,0,0,0,0,0,0,0,0,0,0,0,1.3566,0,0,0,0,0,0,0,0,0,0,0,0,0,0,0,0,0,
0,0,0,4.16282,4.28764,4.60677,0,0.499302,0.491059,0.438067,0.456909,0.440422,0.362701,0,0.360346,0.453376,0.454554,0.211968,0.182528,0.174285,0.148378,0.173107,0.178995,0.183706,0.174285,0.207258,0.197837,0.50048,0.496947,0.445133,0.478106,0.461619,0.473395,0.28969,0.452198,0.449843,0.445133,0,0.478106,0,0,0,0,0,0,0,0,0,0,0,0,0,0,0,0.40745,0,0,0.094208,0.0871424,0.0694784,0.070656,0,0,0,0,0.0965632,0.0741888,0,0,0,0,0,0,0,0,0,0,
0,0,0,4.20521,4.21228,4.3948,0,0.352102,0.277914,0.197837,0.374477,0.32855,0.350925,0.336794,0.372122,0.280269,0.350925,0.409805,0.393318,0.388608,0.280269,0.268493,0.266138,0.360346,0.365056,0.263782,0.379187,0.162509,0,0.228454,0,0.216678,0.197837,0.183706,0.183706,0.223744,0.200192,0,0,0,0,0,0,0,0,0.487526,0,0,0,0,0,0,0,0,0.571136,0,0,0,0.408627,0,0,0,0,0,0,0,0,0,0,0,0,0,0,0,0,0,0,
0,0,0,4.55025,4.78106,4.24525,0,0.322662,0.322662,0.316774,0.263782,0.292045,0.296755,0.246118,0.270848,0.28969,0.266138,0.445133,0.445133,0.428646,0.325018,0.435712,0.367411,0.386253,0.376832,0.421581,0.349747,0.297933,0.276736,0.280269,0.249651,0.28969,0.320307,0.2944,0.282624,0.297933,0.313242,0,0.425114,0,0,0,0,0,0,0,0,0,0,0,0,0,0,0,0,0,0,0.372122,0,0.310886,0,0,0,0,0,0,0,0,0,0,0,0,0,0,0,0,0,
0,0,0,3.15126,4.00384,3.60699,0,0.47104,0.414515,0.41216,0.395674,0.431002,0.435712,0.386253,0.327373,0.386253,0.381542,0.486349,0.508723,0.531098,0.511078,0.520499,0.482816,0.508723,0.501658,0.506368,0.343859,0,0.29911,0.244941,0.261427,0.302643,0.203725,0.227277,0.287334,0.28969,0.2944,0,0.138957,0,0,0.26967,0.148378,0,0,0.167219,0,0,0.496947,0,0,0,0,0,0,0,0,0,0,0.916173,0,0,0,0,0,0,0,0,0,0,0,0,0,0,0,0,0,
0,0,0,4.20168,4.48783,4.0639,0,0.463974,0.435712,0.47104,0.461619,0.473395,0.442778,0.435712,0.454554,0.374477,0.459264,0.223744,0.242586,0.233165,0.214323,0.254362,0.215501,0.266138,0.254362,0.284979,0.266138,0.0989184,0.101274,0.109517,0.0600576,0.023552,0.0612352,0.0847872,0.0800768,0.0259072,0.0612352,0,0,0,0,1.01509,0,0,0,0,0,0,0,0,0,0,0.396851,0,0,0,0,0,0,0,0,0,0,0,0,0,0.426291,0,0,0,0,0,0,0,0,0,0,
0,0,0,37.4583,37.6067,34.6038,0,1.58976,1.69221,1.72872,1.75933,1.74285,1.78171,1.67926,1.83352,1.67926,1.58858,2.05962,1.88769,2.04314,2.02665,1.95246,2.17385,1.93009,2.09024,2.05138,1.89947,2.28572,2.25157,2.2292,2.22449,2.23508,2.26099,2.21507,2.30103,2.23862,2.30339,1.24943,0.59351,1.20704,1.19409,0,0.611174,0.886733,0,0,0,0,0.88791,0,1.36248,1.16936,0,0,0,1.12579,0,0.704205,1.61449,0,0,0,1.19409,0,0,0,1.46729,0,0,0,0,0,0,0,0,0,0,
0,0,0,30.3491,30.5199,39.3271,0,1.69221,2.25746,2.20682,1.70634,1.64275,2.18563,2.18092,2.26335,2.16325,2.26335,1.82057,2.58719,2.57306,2.63429,2.58365,2.57423,2.56364,2.1185,2.55657,2.62016,1.66042,1.59329,1.73225,1.65217,1.71459,1.70988,1.53441,1.62744,1.46847,1.86885,0,1.04689,0,0,2.01841,0,0,2.23744,1.7193,0,1.38957,0,0,0,1.52735,0,0.873779,0,0,0,0.77015,0.750131,0,0,0,0,0,0.91735,0.764262,0.812544,0,0,0,0,0,0,0,0,0,0,
0,0,0,41.4939,28.2012,35.4787,0,2.11144,2.1079,2.02076,2.04902,2.09024,2.22095,1.62156,2.15619,1.91713,1.56739,2.56128,2.1609,2.58248,2.65196,2.56952,2.62605,2.59896,2.51418,2.44234,2.64136,2.14205,2.18327,2.02312,2.15619,2.19387,2.18916,2.28808,1.82292,1.97484,2.16207,1.42019,0.76073,0.807834,1.29889,0,0.773683,0,0,0,0,0.800768,0,0.634726,1.35777,0,0,1.1776,0,0.601754,0,0,1.41665,1.05277,0,0,0.504013,0,0,1.31067,0,0,0,0,0,0,0,0,0,0,0,
0,0,0,34.1598,37.9446,33.8913,0,2.7391,2.73792,2.77796,2.73792,2.77207,2.7391,2.7285,2.71319,2.72143,2.7862,1.68632,1.81821,1.33069,1.81468,1.68397,1.71812,1.6875,1.31656,1.74874,1.69339,2.41408,2.30574,2.29632,2.36815,2.43763,2.33165,2.29043,2.19269,2.31281,2.36344,0.70185,0,0.498125,0.766618,0.326195,0,0.423936,0,0.360346,0,2.48356,2.15265,0,0,0,0,1.39781,0,0,0,0,2.21271,0,0,0,0,0,0,1.6404,1.64864,0,0,0,0,0,0,0,0,0,0,
0,0,0,43.0377,23.3177,31.7422,0,2.29514,1.84294,1.84412,1.91596,1.71341,2.00899,0,1.82646,2.08788,2.02076,3.38678,3.38207,3.37029,3.40915,3.39031,3.34085,3.41857,3.32908,3.36323,3.42682,2.51064,2.62605,2.52595,2.62134,2.53066,2.51889,2.5813,2.56246,2.50829,2.5236,0.720691,0,0.767795,0.644147,0,0.779571,0,0,0.49577,0.605286,0,0,0,0,0,0,3.05116,0,0,0,0,3.04998,0,0,0,0,1.44374,2.70024,0,0,0,0,0,0,0,0,0,0,0,0,
0,0,0,34.5802,26.1863,36.3878,0,2.34225,2.27159,2.22802,2.27041,2.26924,2.25746,2.23508,2.20329,2.21271,2.28808,2.44588,2.54008,2.50947,2.45765,2.5024,2.54008,2.50711,2.50476,2.44234,2.50476,2.31634,2.32576,2.19858,2.20682,2.38346,2.35284,1.97601,2.37404,2.2657,2.29868,0,1.55914,1.52499,0.944435,1.36131,0,0.671232,0,0.64768,0,0.248474,0.896154,0,0,0,0.494592,0.333261,0,0.691251,0.61353,0,0.693606,0.177818,1.04218,1.25414,0,0,0.865536,0,1.44374,0,0,0,0,0,0,0,0,0,0,
0,0,0,33.3167,40.3917,38.053,0,2.74499,2.78973,2.79916,2.86746,2.79209,2.78856,2.77914,2.75676,2.72614,2.83919,2.84626,2.8545,2.83919,2.87688,2.91338,2.79798,2.41408,2.84273,2.818,2.88276,2.76736,2.85921,2.8439,2.80622,2.83802,2.87334,2.81917,2.80269,2.76147,2.84861,0,0,1.08928,0.600576,0.684186,0,1.17407,0,0,1.03511,0,1.88887,0,1.26474,0,0,0,0,1.14934,0,1.18231,0,0,0,0,0,1.0516,1.34835,1.57563,0,0,0,0,0,0,0,0,0,0,0,
0,0,0,40.3552,30.7389,28.7052,0,2.51064,1.92891,2.38817,2.46001,2.49533,1.9713,2.32223,2.4129,2.44588,2.52477,2.56481,2.55892,2.54597,2.50947,2.56717,2.56128,2.51771,2.51535,2.5342,2.49769,1.91242,1.98308,2.04785,1.89476,1.54148,1.94775,1.79466,2.1291,2.0608,2.04549,0,0,0,2.80975,2.84979,0,0,0,0,3.0229,0,0,0,0,0,2.51889,0,0,0,0,0,0,0,2.29279,0,0,0,0,2.54008,2.20682,0,0,0,0,0,0,0,0,0,0,
0,0,0,36.7835,33.4674,40.1927,0,2.64018,2.57541,2.65549,2.639,2.55304,2.60603,2.63429,2.5813,2.60603,2.65784,2.44352,2.26806,2.43645,1.52381,2.44116,1.64511,2.4341,2.44941,2.23508,2.4812,1.7982,1.69692,1.69692,1.4249,1.51086,1.13521,1.57681,1.71576,1.55796,1.73343,0,2.7073,0,0,0,1.0622,0,2.41408,0,0,0,4.09098,0,0,0,0,0,0,0,3.40562,0,0,0.739533,0.781926,0,0.691251,0.866714,0,0,1.16347,0,0,0,0,0,0,0,0,0,0,
0,0,0,28.4779,40.8698,34.0291,0,2.8863,2.95931,2.92516,2.83566,2.95813,2.8863,2.38582,2.96402,2.90749,2.41644,1.91831,1.56739,1.99839,1.77464,1.9925,1.42372,2.11379,2.13381,2.01487,2.14441,2.2186,1.70281,2.24215,2.03254,2.26335,2.24333,2.17032,2.2398,2.13146,2.3081,0,0,1.54737,0,1.98426,0,0,0,1.53206,0,0,0.745421,0,0.962099,0,0.843162,0,0,0.646502,0,0,0,0,2.90043,0,0,0,0,2.8757,0,0,0,0,0,0,0,0,0,0,0,
0,0,0,39.0869,32.1709,33.2272,0,2.38111,2.48945,2.44352,2.32694,2.46825,2.39171,2.44588,2.3552,2.28808,2.46236,2.68728,2.04902,1.97012,2.71084,1.96541,2.00545,2.67904,2.6025,2.5601,2.66844,2.04902,1.9348,1.95599,1.96188,2.05727,2.02547,1.91949,2.00663,1.76287,1.903,0,0.964454,0.780749,0,0,0,0.865536,0.892621,0,0,0.999782,0.82903,0,0.926771,0,0,0,0.983296,1.25179,0,0,0,0,0,1.28594,0.879667,1.26592,0,1.44374,0,0,0,0,0,0,0,0,0,0,0,
0,0,0,34.791,28.1623,26.2758,0,2.75558,2.69317,2.74616,2.79209,2.75205,2.78149,2.83802,2.74616,2.76854,2.81682,3.10886,3.07471,3.09473,3.08531,3.09709,2.64371,3.05823,3.07236,3.09473,3.07707,2.83802,2.81211,2.85686,2.82271,2.87334,2.90396,2.89454,2.85921,2.90867,2.8969,0.715981,0,1.02451,0.712448,0,0,0,0,0.435712,0.814899,0,0,1.47082,1.05042,1.11754,0,0,0,0.801946,0,1.2094,0,0.927949,1.75933,0,0,1.26474,0,0,0,0,0,0,0,0,0,0,0,0,0,
0,0,0,31.1193,32.4617,29.3929,0,2.65784,2.59661,2.60721,2.55657,2.67551,2.65784,2.61309,2.07846,2.17856,2.639,2.68964,2.67551,2.71084,2.765,2.78385,2.71201,2.67315,2.73321,2.70612,2.73203,3.13359,3.09238,3.11946,3.10769,3.14066,3.14301,3.07471,3.15832,3.08531,3.1701,0,0,2.35756,1.3142,0,2.21389,0,0,0,0,1.06926,0,0,0,0,2.36109,0,0,0,0,0,0,0,0,0,0,2.0714,0,0,0,0,0,0,0,0,0,0,0,0,0,
0,0,0,33.3014,41.0476,41.4551,0,1.62744,1.81115,1.65806,1.34953,1.77935,1.58976,1.64746,1.89711,1.90771,1.73225,2.61309,2.64724,2.12675,2.46589,2.66373,2.60956,2.54715,2.55068,2.59072,2.60367,2.61192,2.05609,2.54244,2.46943,2.61427,2.59779,2.5495,2.49416,2.52006,2.53891,0,0,1.97837,0,0,0,0,0,1.67455,1.67101,0.538163,1.01862,0,0.85376,1.1458,0,0,1.21528,0,0,0,0.916173,0.658278,0,0.614707,0.871424,0.65239,0.292045,0.805478,0,0,0,0,0,0,0,0,0,0,0,
0,0,0,42.8894,42.0062,34.6709,0,2.35167,2.31752,2.19151,0,2.04314,2.13852,1.97248,2.04431,2.18916,1.51322,2.52713,2.53066,2.56364,2.55539,2.61309,2.57659,2.51418,2.59425,2.60956,2.52831,1.9819,1.98426,1.89594,1.88063,1.94422,1.10694,1.68161,2.00545,1.8347,1.97012,0,0,0,4.0215,0,0,4.02621,0,0,0,0.67712,0.79017,0.26496,0.395674,0.276736,0,0.35328,0,0,0.645325,1.07633,0,0,0,0,0,1.14698,0,1.20233,1.55679,0,0,0,0,0,0,0,0,0,0,
0,0,0,26.7186,31.7728,29.9758,0,2.70495,2.70966,2.66491,2.76147,2.7073,2.72614,2.7497,2.765,2.72026,2.70966,1.96306,1.92655,1.78995,2.01487,1.95011,1.9136,1.90653,1.82175,1.98779,1.96188,2.73203,2.76383,2.71908,2.73085,2.77914,2.78856,2.78031,2.7968,2.70259,2.73321,0,1.03393,0.82903,0.639437,0,0,0.327373,1.06455,0,0,0,1.06337,1.33304,0,0,0.982118,0,0,0.906752,1.09399,0,1.64393,0,0,0,0,1.0987,1.14463,0,0,0,0,0,0,0,0,0,0,0,0,
0,0,0,37.934,28.2801,37.735,0,2.38111,2.33283,2.32812,2.37286,2.41055,2.39877,2.43174,2.38464,1.91831,2.34107,2.02783,2.09024,2.12204,1.95011,2.10673,2.10555,2.10673,1.99956,2.06787,2.00545,2.6602,2.72143,2.66844,2.80151,0,2.765,2.72261,2.73556,2.66138,1.87827,0.627661,0.489882,0,0.82432,1.3354,0,0,1.06573,0,0,0,0,0,3.04292,2.92869,0,0,0,0,0,1.65335,0,0,0.513434,0,0.814899,1.11048,0,0.631194,0,0,0,0,0,0,0,0,0,0,0,
0,0,0,28.293,30.1548,33.4285,0,2.75205,2.83213,2.75794,2.82153,2.27983,2.8286,2.81446,2.83448,2.85215,2.75676,2.38582,1.63804,2.43763,2.36462,2.3234,2.33047,2.37286,2.38228,2.41055,2.36227,2.59543,2.47885,2.51064,2.639,2.5813,2.57777,2.53891,2.58248,2.62016,2.59896,1.31302,0,0,0,1.24826,0,0,0,0.918528,0,0.640614,0.394496,0.509901,0,0.462797,0.20608,0.897331,0.520499,0.427469,0.710093,0.949146,0,0.630016,0.648858,0.877312,0,1.14816,0,0,0,0,0,0,0,0,0,0,0,0,0,
0,0,0,35.5353,33.6535,30.7342,0,2.56952,2.59072,2.5342,2.61192,2.5707,2.56364,2.5495,2.59308,2.63076,2.63076,3.00288,2.97815,2.9228,3.02643,2.90632,2.944,2.9228,2.99935,3.01819,2.94047,3.13124,3.11946,3.1124,3.17363,3.16068,3.14772,3.08296,3.1913,3.16892,3.07707,0,1.35188,1.69221,0,1.00567,0,1.0092,0,0,0,1.91831,0,0,0,0,0,0,1.25179,0,1.0622,0,0,0,1.58505,1.35188,0,0,0.544051,0.79017,0.938547,0,0,0,0,0,0,0,0,0,0,
0,0,0,38.438,39.7169,38.0954,0,2.0502,2.07375,2.15148,1.4508,2.21036,2.07846,1.98779,2.1762,2.16325,2.04431,2.82742,0,2.8439,2.67904,2.85097,2.86157,2.89336,2.79562,2.88159,2.81446,1.45198,1.49555,1.57445,1.61331,1.56503,1.6875,1.58858,1.59565,1.6769,1.35188,1.63333,2.38817,2.07375,0,0,0,0,0,0,0,0,0.945613,0.91264,0.792525,0,0,0.821965,0.929126,0,0,1.21057,1.33304,0,0,0,0.632371,0,0,1.34953,0,0,0,0,0,0,0,0,0,0,0,
0,0,0,31.3642,33.9761,29.155,0,2.9122,2.86392,2.91338,2.90632,2.86275,2.89336,2.04667,2.92987,2.91456,2.95813,1.52146,1.39899,1.55208,1.03982,1.69574,1.6663,1.52852,1.5403,1.71576,1.56032,2.73439,2.56717,2.68846,2.62369,2.67904,2.67433,2.59896,2.54597,2.66491,2.64253,1.5297,0,0,1.34011,0,1.7876,0,0,0,0,0,0,2.18327,0,0,1.62862,0,1.38604,1.97248,0,1.72165,0,1.13992,0,1.4037,0,0,0,0,0,0,0,0,0,0,0,0,0,0,0,
0,0,0,42.1051,33.6146,27.676,0,2.3764,2.22331,2.3081,2.3446,1.87827,2.39759,2.4023,2.40819,2.39171,2.33518,2.26806,2.12204,2.31045,2.2975,2.24686,2.39877,2.28454,2.23744,2.27041,2.31281,3.04645,2.94989,3.07354,3.11828,3.02643,3.03232,2.46236,2.23626,0,3.05352,2.0502,0,0,0,0,0,0,1.54619,2.58483,0,1.15169,0,1.49791,1.16347,0,0.745421,0,0,0,0,0,0,0,2.87805,1.49437,0,0,0,0,0,0,0,0,0,0,0,0,0,0,0,
0,0,0,28.1352,33.5651,29.7179,0,2.91574,2.90396,2.93811,2.94989,2.88159,2.92634,2.96166,2.89807,2.97108,2.88276,1.76993,1.39899,1.84294,1.62391,1.89711,1.89947,1.75109,1.75698,1.80644,1.49791,2.66373,2.67197,2.63429,2.73439,2.72143,2.66609,2.64724,2.67315,2.21036,2.51771,0,3.42446,0,0,0,0,0,2.16207,0,0,2.35284,0,0,0,0,2.42115,0,0,0,2.73321,0,0,0,0,0,0,0,0,2.94282,0,0,0,0,0,0,0,0,0,0,0,
0,0,0,27.9327,42.244,33.9596,0,2.89454,2.87923,2.93929,2.85921,2.94164,2.90396,2.86275,2.88276,2.92987,2.90749,2.13617,1.96895,2.17267,2.00781,2.09613,2.24097,2.16443,2.13499,2.18445,2.26688,2.16443,2.00428,2.21742,2.18209,2.31516,1.49673,2.28808,2.17974,1.39546,2.19269,0,1.49555,0,0,0,1.20351,0,0.865536,0,0,3.05234,0,2.75676,0,0,1.78053,0,0,0,0,1.35895,0,0,0,1.69103,1.41901,0,0,1.46493,0,0,0,0,0,0,0,0,0,0,0,
0,0,0,36.3937,35.1926,30.8896,0,2.10084,2.17856,1.91949,1.54854,2.1762,1.60154,2.04902,1.58623,2.16796,2.12557,2.67904,2.67786,2.73556,2.65196,2.63547,2.24451,2.56599,2.72614,2.65549,2.71555,2.44823,2.55186,2.45765,2.51064,2.45883,2.48003,2.37993,2.42939,2.42232,2.35991,0,0,0,1.2565,0,1.64511,1.74756,0,0,0,0.502835,0.0800768,0.237875,0,0.602931,0,0.480461,0.360346,0,0.0800768,0,0,1.6769,0,1.60625,1.08221,0,1.24826,0,0,0,0,0,0,0,0,0,0,0,0,
0,0,0,31.0922,33.7665,34.7557,0,2.30574,2.31045,2.18563,2.2657,2.21624,2.30103,2.24922,2.33989,2.27395,2.2657,2.66138,2.73439,2.05373,2.74852,2.7073,1.97012,2.00545,2.69199,2.76383,1.98779,2.06669,2.22213,2.21978,2.28337,2.23626,2.23626,2.33165,1.39546,2.08671,2.26452,0,3.99913,0,0,0,0,0,0,0,0,0.720691,1.17289,0,1.7193,0,0,0,0,0,1.03629,0,0,0,0,0,4.44308,0,0,0,0,0,0,0,0,0,0,0,0,0,0,
0,0,0,34.7839,38.7583,34.864,0,0,2.17856,2.14912,2.32812,2.15501,2.14088,2.15265,2.12086,2.18563,2.24804,1.5297,1.53795,1.04335,1.42254,1.30243,1.37779,1.57681,1.16347,1.14463,1.52264,2.56481,2.65902,2.49416,2.62723,2.06198,2.55421,2.55421,2.60485,2.04314,2.04667,1.96659,1.42372,0,0,0,0,0,1.83235,0,0,0,0,1.55208,1.8241,0,1.41076,0,0,0,1.34129,0,0,0.574669,0.532275,0,0.290867,0.400384,0.774861,0.608819,0,0,0,0,0,0,0,0,0,0,0,
0,0,0,39.8676,28.4626,28.744,0,2.38582,2.52242,1.78642,2.35049,2.43645,2.44823,2.50829,2.38582,2.28101,2.45412,2.89454,2.9122,2.88394,2.93811,2.95931,2.89101,2.87099,2.47532,2.90278,2.91927,2.78385,2.87334,2.23391,2.84508,2.23155,2.79562,2.78973,2.86157,2.83566,2.85804,0,1.05277,0,0,0,0,0.955034,1.55208,0,0.910285,0,1.65806,1.67572,0,0,0,0,0,0,1.16818,0,0,0,0,0,2.27395,1.60154,0,0,0,0,0,0,0,0,0,0,0,0,0,
0,0,0,31.2123,29.7061,28.2648,0,2.1609,2.17385,2.25746,2.19505,2.19269,2.21389,2.25393,2.12675,2.28337,2.20447,2.32576,2.39642,2.47885,2.01841,2.3658,2.32929,2.47296,2.23862,2.35167,2.42703,2.4341,2.334,2.37757,2.3764,2.27041,2.44234,2.39053,2.24215,2.38935,2.29985,0,1.14463,0,1.11872,0,1.57445,0,0,1.0198,0,0,0,0,0,4.08156,0,0,0,0,3.55164,0,0,2.14441,1.02098,1.41783,0,1.94657,0,0,0,0,0,0,0,0,0,0,0,0,0,
0,0,0,33.7229,34.0432,37.218,0,2.42586,2.40937,2.36344,2.42468,2.5024,2.44705,2.42232,2.45294,2.39524,2.50947,2.65431,2.58483,2.61427,2.62487,2.65431,2.57659,2.62605,2.12792,2.62134,2.69906,2.69199,2.7756,2.80269,2.74028,2.70259,2.73556,2.29396,2.70612,2.74145,2.61663,0.898509,1.58505,0,0,1.40252,0.862003,0,0,0,0,0.751309,0,0,0.882022,0.91735,1.1199,0.410982,0,0,0.879667,0,0.754842,0,0,0.897331,0,0,0.929126,0,0.970342,0,0,0,0,0,0,0,0,0,0,
0,0,0,26.6597,39.7511,36.3996,0,2.75323,2.6178,2.67433,2.72732,2.70612,2.64607,2.72379,2.75323,2.66609,2.64842,2.26688,1.97837,1.35306,2.11497,2.07493,2.15501,1.5191,2.04314,2.01841,1.53324,2.6708,2.7756,2.71672,2.67904,2.67668,2.20682,2.71319,2.69317,2.65549,2.7073,0,1.77582,0,0,0,0,2.64842,0,0,1.13167,0,0,1.65571,0,0,1.1882,0,1.06808,0,1.21411,0,1.3566,0,0,0,0,0,1.44492,0,0.743066,0,0,0,0,0,0,0,0,0,0,
0,0,0,26.3735,33.6558,29.9075,0,2.92869,2.13146,2.8286,2.22449,2.17856,2.8651,2.80269,2.77207,2.1868,2.80151,2.03372,1.99485,2.1609,1.58623,2.18798,2.16561,1.76169,1.80526,2.11026,2.11261,2.35873,3.00406,2.92398,2.93576,2.35991,2.96873,2.9228,2.88865,2.95813,2.94753,0,0,0,2.26217,0,1.82292,0,0,1.651,0,0,0,0,0.943258,0.859648,0,0,1.62862,1.23884,0,1.07515,0,0,1.12343,0.969165,1.5874,0,0,0,0,0,0,0,0,0,0,0,0,0,0,
0,0,0,25.7765,33.6958,28.3931,0,2.96873,2.97815,2.84626,2.92751,2.90985,2.40113,2.98168,2.98051,2.4129,2.90514,2.90396,2.77678,2.83213,2.31516,2.90985,2.7862,2.80269,2.8545,2.82742,2.85097,2.65196,2.62958,2.52831,2.55657,2.54597,2.0926,2.52595,2.52831,2.57777,2.54244,1.53206,0,0,0,0,1.15287,0,0,1.91478,0,0.458086,0,0,0,0.816077,0.748954,0.902042,0,0.370944,0,0,0,0.993894,0,1.40841,0,1.23177,0,1.60742,0,0,0,0,0,0,0,0,0,0,0,
0,0,0,28.7276,41.0158,27.3662,0,2.67904,2.61074,2.62723,2.18445,2.64018,2.59661,2.6814,2.54597,2.6602,2.56717,2.40819,2.54479,2.43881,2.44705,2.43999,2.45647,2.47767,2.36462,2.45647,1.86885,2.64018,2.14794,2.69435,2.65196,2.65196,2.6025,2.6708,2.51535,2.61074,2.63076,1.01391,0,0.832563,0,0,1.52852,1.21882,0,0,0,0,0,1.25414,0,0.913818,0,1.9348,0,0,0,0,2.4706,0,2.8863,0,0,0,0,0,0,0,0,0,0,0,0,0,0,0,0,
0,0,0,28.8547,34.8193,35.2138,0,2.40113,2.61545,2.65431,2.57306,2.51182,2.63194,2.59661,2.6025,2.54479,2.56246,2.6602,2.7756,2.72968,2.69435,2.68257,2.17856,2.76972,2.13146,2.69435,2.74263,1.96306,1.78642,1.89711,1.80173,1.7876,2.01958,1.54148,1.97484,1.97719,1.86296,0.923238,0,0,2.17267,0,0,1.19762,0,0,0,0.518144,0.428646,0.831386,0,0,0.586445,0,0.216678,0.467507,0.640614,0.704205,1.32833,0,0,0,0,0.939725,0.877312,0,0.958566,0,0,0,0,0,0,0,0,0,0,
0,0,0,41.3114,31.9459,29.387,0,1.77935,2.02783,2.09024,2.06669,1.93833,1.98543,2.20093,1.92773,1.80173,2.00545,3.67647,3.73181,0,3.6329,3.76361,3.04527,3.69295,3.71062,3.68353,3.77303,2.58954,2.70024,2.72614,2.64371,2.63547,2.64136,2.66491,2.62605,2.6284,2.68846,1.46611,0,0,0,1.49908,0,0,0,0.91264,1.02216,2.15619,0,1.66748,0,0,0,1.07868,0,0,0,0,0,2.97226,3.7954,0,0,0,0,0,0,0,0,0,0,0,0,0,0,0,0,
0,0,0,34.5378,25.9378,38.2661,0,2.34931,2.95578,2.8545,2.83213,2.95107,2.91338,2.92045,2.88394,2.8757,2.8651,3.09591,3.13713,3.06529,3.10062,3.05705,3.04998,3.12535,3.05469,3.10062,3.06058,2.94636,2.96166,2.84979,2.94871,2.89807,2.90278,2.87099,2.8439,2.91338,2.96637,0,0,0,0,0,0,2.53302,0,2.1079,0,1.84059,0,0,0.634726,1.40723,0,0,0,0,0,1.05277,0.872602,0,0,0,0,1.14109,0,0,0.814899,0,0,0,0,0,0,0,0,0,0,
0,0,0,38.0059,29.2869,35.1031,0,2.61074,2.65078,2.51889,2.63311,2.56835,2.69553,2.54008,2.60367,2.19622,2.5342,1.95717,2.41761,2.40584,2.27748,2.31163,2.33165,1.90771,2.46354,2.43174,2.41408,2.30103,2.23155,2.19976,2.23391,2.19622,1.83706,2.16678,2.16796,2.24451,2.2292,0.792525,0,1.08928,0.784282,1.7452,0,0,0,0,0,0,0,0,0,0,3.00288,2.94518,0,0,0,0,0,0,0,2.68728,0,0,0,0,0,0,0,0,0,0,0,0,0,0,0,
0,0,0,38.65,44.9914,44.2789,0,2.76147,2.83802,2.81093,2.82742,2.75558,2.80269,2.79444,2.84979,2.77796,2.72261,2.05844,2.12321,2.08671,2.04314,2.16325,2.09731,2.0714,2.03136,2.07375,1.85825,1.70045,1.14816,1.68397,1.72754,1.58858,1.8347,1.72283,1.76051,1.78524,1.32127,0,0,0,1.07162,0.91264,1.06808,1.12696,0,0,0,0.518144,0,0,0.650035,0.410982,0.59351,0,1.01038,0,0.777216,1.25297,0.955034,1.0516,1.22706,0,0,0,0,0,0,0,0,0,0,0,0,0,0,0,0,
0,0,0,39.1258,33.5852,39.8523,0,2.59779,2.50004,2.4553,2.63194,2.63665,2.56952,2.62134,2.56481,2.59308,2.65078,2.59896,2.52477,2.64607,2.58483,2.59779,1.73814,2.58365,2.62016,2.59896,2.55068,2.26335,2.05373,2.23508,2.2657,2.37757,2.35638,2.19622,2.21978,2.33165,1.9242,0,1.28947,0.986829,0,1.10223,0,0,0.825498,0,0.719514,0.88791,1.34482,0,0.90793,0,1.04924,0,0,0,0,0.615885,0.498125,0.845517,0,0.659456,0.579379,0.806656,0,0,0,0,0,0,0,0,0,0,0,0,0,
0,0,0,41.0099,27.9386,32.9127,0,2.31869,2.29868,2.27159,2.16561,2.31281,2.29396,2.18445,2.26452,2.25746,2.27983,2.54362,2.38228,2.45765,2.35167,2.40937,2.39524,2.51889,2.53184,2.48003,2.45294,2.10084,2.17738,2.09142,1.69221,2.11379,2.00899,2.07611,1.58387,1.472,2.05256,0,0,0,0,0,0,1.71223,0,1.44845,1.80526,2.34813,2.96402,0,0,0,0,0,0,0,0,0,1.167,0.46633,0,0.374477,0.567603,0,0.710093,0,0.745421,0,0,0,0,0,0,0,0,0,0,
0,0,0,28.346,31.7269,35.0748,0,2.45765,2.46589,2.47532,2.44941,2.47532,2.4447,2.43528,2.37286,2.47532,2.39995,3.73888,0,3.6588,0,0,3.77774,3.54222,2.55304,3.7377,2.35049,2.11144,2.24215,2.18798,2.25628,2.12439,2.17738,2.2551,2.20093,2.23862,2.15854,0,0,0,0,2.80387,0,0,0,2.28572,0,0,0.99625,1.02216,0,0,0,1.01391,0,1.10223,0,1.03511,1.33187,0,0,0,0.784282,0,0,0,0.93737,0,0,0,0,0,0,0,0,0,0,
0,0,0,38.5287,39.1163,37.2769,0,3.1489,3.12064,3.13477,3.11122,3.11828,3.15479,3.17599,2.57306,3.12064,3.08884,2.87452,2.83095,2.32576,2.86863,2.90749,2.89807,2.87099,2.90396,2.92634,2.81917,1.56739,1.54266,1.89476,1.65335,1.72989,1.71459,0,1.75698,2.04549,1.81468,0,0,2.04785,0,0,1.16229,0,1.62273,0,0,1.06926,0,1.26239,0,0,0.756019,0.552294,0,0.812544,0,1.47671,0,0.700672,1.31067,1.16465,1.03511,0.886733,0,1.30714,0,0,0,0,0,0,0,0,0,0,0,
0,0,0,38.8761,29.5071,33.1589,0,2.72614,2.70612,2.73674,2.68493,2.76265,2.76972,0,2.14794,2.73792,2.77796,2.48827,2.48356,2.55539,2.48238,2.51418,2.42821,2.43292,2.4706,2.45765,2.48945,0.843162,1.04806,1.36131,1.55325,1.62038,1.42843,0,0,1.54266,1.74638,0.986829,0,1.11872,0,0,0.585267,0,0.632371,0.693606,0.844339,0,0,0,0,0,3.99913,2.30221,0,0,0,0,0,0,2.13146,2.07375,0,0,0,1.36837,2.02665,0,0,0,0,0,0,0,0,0,0,
0,0,0,28.4697,33.1942,30.8508,0,2.55892,2.67433,2.58483,2.60014,2.55657,2.64371,2.61074,2.64371,2.62016,2.65549,2.8074,2.90985,2.84273,2.7862,2.91103,2.82035,2.87688,2.87452,2.83566,2.87334,2.47767,2.68493,2.64018,2.6178,2.63665,2.58836,2.62958,2.5707,2.55421,1.80408,0,0,0,1.777,1.60742,1.10812,0,0.998605,0,0,0,0,2.87099,0,0,0,0,0,1.64157,0,2.65196,1.38604,1.36248,0,0,0,0,0,0,0,0,0,0,0,0,0,0,0,0,0,
0,0,0,27.0966,37.5548,25.7836,0,2.85568,2.75087,2.78267,2.76972,2.818,2.78502,2.79916,2.83448,2.72261,2.80622,2.09377,1.94186,2.02076,1.72872,1.61213,2.05373,2.029,1.93951,1.76169,1.91949,2.86981,2.90278,2.92398,2.36698,2.90632,2.88512,2.82742,2.90278,2.76265,2.88159,0,0.737178,0,1.09046,0,2.34342,0,0,0,0,0,0,0.312064,0.46633,0.993894,1.19526,0,0,0.368589,0.8832,0,0,1.25061,0,0,0.659456,1.0622,0.666522,0,0.337971,0,0,0,0,0,0,0,0,0,0,
0,0,0,31.7163,31.7716,35.348,0,2.77796,2.09495,1.86885,2.72026,2.75087,2.71555,2.60603,2.67668,2.75205,2.67315,2.50476,2.5707,2.52713,2.50947,2.50358,2.56599,2.59779,2.51653,2.6025,2.49533,2.1762,2.17738,2.30574,2.0926,2.23391,2.14323,2.13263,2.07846,0,2.06551,0,1.4249,0,1.55325,0,0,0,0,0.797235,1.70752,1.05984,1.32833,1.10341,0,0,0,0.286157,0,0,0.827853,0,0,0,2.56599,0,0,0,2.01605,0,0,0,0,0,0,0,0,0,0,0,0,
0,0,0,36.8553,28.379,33.0941,0,2.40937,2.39053,2.36815,2.36698,2.23744,2.34578,2.39288,2.32812,2.25628,2.34225,3.01348,3.07118,3.04881,3.10298,3.00288,2.96284,3.08413,3.01112,3.02172,3.06176,2.51771,2.50947,2.56246,2.63665,2.48003,2.59779,2.62134,2.57541,2.53184,2.64371,0.281446,0.522854,0.659456,0,0.304998,0.975053,0.767795,0,0.55936,0,0,2.73321,0,0,0,0,0,2.39877,0,0,0,0,1.67337,0,1.71576,0,0,0,0,1.29418,0,0,0,0,0,0,0,0,0,0,
0,0,0,26.5678,25.5751,33.5557,0,2.39995,2.4918,2.41997,2.46354,2.39406,2.43763,2.36933,1.96895,2.37522,2.3552,2.95813,3.03585,2.98875,3.04645,3.05587,2.94518,2.97108,2.96049,3.00288,2.50593,1.52381,1.46376,1.41076,1.53441,1.41548,0.957389,1.03393,0.924416,1.28594,1.60978,2.66609,3.56813,0,0,0,0,0,0,0,0,0,1.79937,0,0,0,0.507546,0,0,0.313242,0.774861,0,1.12696,0.788992,0.707738,0,0.884378,1.30714,0.972698,0,1.00214,0,0,0,0,0,0,0,0,0,0,
0,0,0,32.8927,45.9134,41.5987,0,3.33025,3.35498,2.79444,3.34556,0,3.37382,3.41504,3.29728,0,3.23133,2.48591,2.48827,2.48238,2.41172,2.48945,2.39642,2.55304,2.36227,2.46825,2.54008,1.37073,1.1564,1.49908,1.31067,0.50048,1.04335,1.21646,0.592333,1.22941,0,0,0,0,0,1.93951,0,2.98404,0,0,0,0,0.673587,0.635904,1.00567,0,0,0,1.00567,0.832563,0,1.27534,0,1.34953,0,0,0.953856,0,0.924416,0,0.973875,0,0,0,0,0,0,0,0,0,0,
0,0,0,4.55731,4.75279,4.31708,0,0.611174,0.572314,0.569958,0.558182,0.567603,0.574669,0.567603,0.565248,0.562893,0,0.243763,0.275558,0.244941,0.555827,0.211968,0.213146,0.53463,0.237875,0.522854,0.555827,0.459264,0.408627,0.438067,0.431002,0.445133,0.46633,0.454554,0.392141,0.38272,0.37801,0,0,0.988006,0,0,0,0,0,0,0,0,0,0,0,0.639437,0,0,0,0,0,0,0,0,0.82432,0,0,0,0,0,0,0,0,0,0,0,0,0,0,0,0,
0,0,0,2.38346,4.34888,4.41953,0,0.370944,0.386253,0.383898,0.339149,0.390963,0.40745,0.409805,0.390963,0.440422,0.449843,0.228454,0.499302,0.405094,0.426291,0.438067,0.447488,0.447488,0.370944,0.445133,0.47104,0.327373,0.301466,0.306176,0.160154,0.310886,0.315597,0.270848,0.280269,0.268493,0.126003,1.08221,0,0,0,0,0,0,0,0,0,0,0,0.793702,0,0,0,0,0,0,0,0,0,0,0,0,0,0,0,0,0.906752,0,0,0,0,0,0,0,0,0,0,
0,0,0,4.58911,4.0639,3.96262,0,0.383898,0.356813,0.350925,0.280269,0.273203,0.228454,0.155443,0.29911,0.2944,0,0.522854,0.515789,0.506368,0.518144,0.483994,0.474573,0.41687,0.493414,0.491059,0.478106,0.2944,0.340326,0.283802,0.330906,0.372122,0.674765,0.35328,0.38272,0.579379,0.58409,0,0,0,0,0,0,0,0.440422,0,0,0,0,0,0,0,0,0,0,0,0,0,0,0,0,0.693606,0,0,0,0,0,0,0,0,0,0,0,0,0,0,0,
0,0,0,4.5526,5.05779,4.33828,0,0.528742,0.539341,0.53463,0.478106,0.53463,0.504013,0.504013,0.546406,0.496947,0.541696,0.2944,0.28969,0.202547,0.144845,0.233165,0.249651,0.24023,0.273203,0.164864,0.216678,0.480461,0.459264,0.448666,0.482816,0.491059,0.501658,0.493414,0.487526,0.493414,0.47104,0,0,0,0,0,0,0,0.499302,0,0,0,0,0,0,0.146022,0,0,0.217856,0,0,0,0,0,0,0,0.393318,0,0,0,0,0,0,0,0,0,0,0,0,0,0,
0,0,0,4.48666,3.94732,4.721,0,0.0871424,0.262605,0.23552,0.273203,0.254362,0,0.110694,0.162509,0.183706,0.209613,0.595866,0.459264,0.609997,0.575846,0.581734,0.611174,0.532275,0.605286,0.551117,0.5888,0.547584,0.515789,0.366234,0.506368,0.47575,0.496947,0.494592,0.402739,0.492237,0.496947,0.195482,0.167219,0,0,0,0,0,0,0,0,0,0,0,0,0,0,0.831386,0,0,0,0,0,0,0,0,0,0,0.216678,0,0.209613,0,0,0,0,0,0,0,0,0,0,
0,0,0,4.64916,4.59971,4.91648,0,0.552294,0.511078,0.561715,0.52521,0.501658,0.451021,0.388608,0.545229,0.390963,0.494592,0.569958,0.553472,0.574669,0.569958,0.574669,0.553472,0.574669,0.579379,0.574669,0.355635,0.532275,0.508723,0.460442,0.52521,0.482816,0.515789,0.390963,0.388608,0.473395,0.515789,0,0,0,0,0,0,0,0,0.916173,0,0,0,0,0,0,0,0,0.141312,0.381542,0,0,0,0,0,0,0,0,0,0.631194,0,0,0,0,0,0,0,0,0,0,0,
0,0,0,4.38067,4.48901,5.16966,0,0.421581,0.445133,0.403917,0.442778,0.259072,0.435712,0.40745,0.435712,0.2944,0.456909,0.532275,0.47104,0.478106,0.520499,0.480461,0.47575,0.487526,0.504013,0.496947,0.511078,0.463974,0.668877,0.605286,0.65239,0.442778,0.473395,0.454554,0.608819,0.680653,0.65239,0,0,0,0,0,0,0.993894,0,0,0,0.964454,0,0,0,0,0,0,0,0,0,0,0,0,0.398029,0,0,0,0,0,0,0,0,0,0,0,0,0,0,0,0,
0,0,0,4.62797,5.32393,3.62465,0,0.46633,0.546406,0.473395,0.327373,0.511078,0.372122,0.506368,0.515789,0.494592,0.531098,0.522854,0.489882,0.449843,0.493414,0.509901,0.485171,0.487526,0.487526,0.423936,0.482816,0.504013,0.509901,0.499302,0.47104,0.379187,0.49577,0.501658,0.306176,0.468685,0.456909,0,0,0,0,0.266138,0.197837,0,0,0,0,0,0,0,0,0,0,0,0,0,0,0,0,0.302643,0,0.322662,0,0,0,0,0,0,0,0,0,0,0,0,0,0,0,
0,0,0,5.27565,4.41364,4.78812,0,0.562893,0.586445,0.423936,0.532275,0.386253,0.569958,0.402739,0.548762,0.501658,0.535808,0.428646,0.612352,0.423936,0.548762,0.5888,0.574669,0.605286,0.600576,0.602931,0,0.292045,0.222566,0.261427,0.0965632,0.214323,0.149555,0.221389,0.261427,0.221389,0.23552,0,0,0,0,0,0,0,0,0,0,0,0,0,0,0,0,0,0,0,1.14463,0,0,0,0,0,0,0,0.127181,0.0918528,0,0,0,0,0,0,0,0,0,0,0,
0,0,0,4.0533,4.13926,4.61384,0,0.600576,0.41687,0.445133,0.586445,0.595866,0.549939,0.591155,0.580557,0.609997,0.546406,0.38272,0.376832,0.405094,0.40745,0.409805,0.330906,0.379187,0.237875,0.263782,0.228454,0.630016,0.586445,0.565248,0.635904,0.349747,0.59351,0.420403,0.621773,0.600576,0,0,0,0,0.621773,0,0,0,0,0,0,0,0.35328,0,0,0,0,0,0,0,0,0.609997,0,0,0,0,0,0,0,0,0,0,0,0,0,0,0,0,0,0,0,
0,0,0,4.61619,4.26291,4.56673,0,0.62295,0.341504,0.602931,0.303821,0.539341,0.586445,0.574669,0.577024,0.558182,0.303821,0.527565,0.512256,0.52521,0.506368,0.506368,0.489882,0.527565,0.514611,0.548762,0.518144,0.64297,0.539341,0.578202,0.551117,0,0.562893,0.569958,0.608819,0.579379,0.567603,0,0,0,0.41216,0,0,0,0,0,0,0,0,0,0.979763,0,0,0,0,0,0,0.732467,0,0,0,0,0,0,0,0,0,0,0,0,0,0,0,0,0,0,0,
0,0,0,4.59617,4.28646,3.2384,0,0.47104,0.459264,0.449843,0.493414,0.445133,0.482816,0.492237,0.459264,0.473395,0.41216,0.567603,0.494592,0.521677,0.485171,0.520499,0.527565,0.569958,0.491059,0.539341,0.539341,0.591155,0.609997,0.562893,0.567603,0.433357,0.602931,0.561715,0.567603,0.567603,0.454554,0,0,0.261427,0,0.398029,0,0,0,0,0,0,0,0.82432,0,0,0,0,0,0,0,0,0,0,0,0.498125,0,0,0,0,0,0,0,0,0,0,0,0,0,0,0,
0,0,0,4.45133,4.7575,4.31237,0,0.482816,0.569958,0.562893,0.555827,0.541696,0.52992,0.551117,0.544051,0.373299,0.522854,0.482816,0.50519,0.506368,0.494592,0.368589,0.489882,0.46633,0.480461,0.522854,0.508723,0.569958,0.544051,0.551117,0.536986,0.536986,0.50519,0.52992,0.560538,0.551117,0.541696,0,0,0,0,0,0,0.195482,0,0,0.204902,0.110694,0.120115,0,0,0,0,0,0,0.136602,0,0,0,0.579379,0,0,0,0,0,0,0,0,0,0,0,0,0,0,0,0,0,
0,0,0,3.80129,4.72924,4.67625,0,0.671232,0.62295,0,0.64297,0.698317,0,0.680653,0.697139,0.650035,0.628838,0.508723,0.504013,0.508723,0.511078,0.501658,0.504013,0.506368,0.468685,0.486349,0.519322,0.536986,0.393318,0.511078,0.541696,0.381542,0.513434,0.544051,0.536986,0.47104,0.518144,0,0,0,0,0,0.275558,0,0.275558,0,0,0,0,0,0,0,0,0,0,0.673587,0,0,0,0,0,0,0.153088,0.0918528,0.178995,0,0,0,0,0,0,0,0,0,0,0,0,
0,0,0,4.63032,4.56673,3.95556,0,0.186061,0.40745,0.209613,0.341504,0.379187,0.339149,0.341504,0.341504,0.414515,0.236698,0.574669,0.548762,0.541696,0.528742,0.515789,0.555827,0.548762,0.489882,0.555827,0.551117,0.273203,0.256717,0.282624,0.284979,0.312064,0.390963,0.228454,0.23081,0.233165,0.249651,0,0,0,0,0,0,0,0,0,0.58409,0.116582,0,0,0.226099,0.129536,0,0,0,0,0,0,0,0,0,0.612352,0,0,0,0,0,0,0,0,0,0,0,0,0,0,0,
0,0,0,4.51727,3.60463,4.70216,0,0.58409,0.52521,0.532275,0.532275,0.456909,0.558182,0.546406,0.494592,0.552294,0.501658,0.423936,0.313242,0.423936,0.273203,0.425114,0.28969,0.461619,0.443955,0.489882,0.330906,0.572314,0.53463,0.513434,0.520499,0.538163,0.499302,0.522854,0.520499,0.527565,0.555827,0,0,0,0,0,0,0,0,0,0,0.207258,0,0,0,0,0,0.23552,0,0.313242,0,0.160154,0,0,0,0,0,0,0,0.221389,0,0,0,0,0,0,0,0,0,0,0,
0,0,0,4.7681,3.26077,4.48195,0,0.52521,0.473395,0.527565,0.494592,0.513434,0.478106,0.447488,0.482816,0.41216,0.478106,0.40745,0.492237,0.485171,0.47575,0.482816,0.485171,0.491059,0.399206,0.46633,0.41687,0.440422,0.390963,0.468685,0.276736,0.491059,0.396851,0.381542,0.405094,0.409805,0.2944,0.216678,0,0,0,0,0,0,0.21079,0,0,0,0,0,0,0,0,0,0,0,0,0,0.431002,0,0,0,0,0,0,0,0,0,0,0,0,0,0,0,0,0,0,
0,0,0,4.22876,3.64467,5.26976,0,0.346214,0.41687,0.609997,0.419226,0.579379,0.578202,0.577024,0.566426,0.548762,0.548762,0.574669,0.506368,0.423936,0.52992,0.53463,0.52992,0.513434,0.508723,0.508723,0.515789,0.532275,0.515789,0.460442,0.496947,0.489882,0.362701,0.478106,0.532275,0.379187,0.514611,0,0,0,0,0,0,0,0.885555,0,0,0,0,0,0,0,0,0,0,0.522854,0,0,0,0,0,0,0,0,0,0,0,0,0,0,0,0,0,0,0,0,0,
0,0,0,4.61972,4.38067,4.12513,0,0.52521,0.504013,0.482816,0.516966,0.52521,0.499302,0.504013,0.506368,0.486349,0.492237,0.589978,0.561715,0.553472,0.548762,0.546406,0.544051,0.548762,0.509901,0.548762,0.560538,0.561715,0.532275,0.518144,0.539341,0.52992,0.546406,0.567603,0.544051,0.547584,0.514611,0,0,0,0,0,0.714803,0,0,0,0,0,0,0,0,0,0,0,0.204902,0,0.223744,0,0.339149,0,0,0.254362,0,0,0,0,0,0,0,0,0,0,0,0,0,0,0,
0,0,0,5.0731,4.42071,5.36515,0,0.379187,0.395674,0.217856,0.395674,0.395674,0.398029,0.405094,0.341504,0.188416,0.410982,0.626483,0,0.619418,0.496947,0.650035,0.598221,0.5888,0.560538,0.635904,0.59351,0.207258,0.32855,0.301466,0.336794,0.244941,0.355635,0.242586,0.268493,0.237875,0.310886,0,0,0,0,0,0,0,0,0,0,0,0,0,0,0,0,0.372122,0,0,0.23552,0,0,0,0,0,0,0,0,0,0,0,0,0,0,0,0,0,0,0,0,
0,0,0,4.97536,3.85782,4.61266,0,0.426291,0.551117,0.522854,0.544051,0.544051,0.546406,0.541696,0.518144,0.539341,0.541696,0.35328,0.355635,0.34857,0.262605,0.35799,0.34857,0.35799,0.286157,0.315597,0.197837,0.515789,0.520499,0.499302,0.515789,0.511078,0.476928,0.532275,0.47104,0.513434,0.513434,0,0,0,0,0,0,0.337971,0,0,0,0.926771,0,0,0,0,0,0,0,0,0,0,0,0,0,0,0,0.376832,0,0,0,0,0,0,0,0,0,0,0,0,0,
0,0,0,4.91766,4.25231,4.27822,0,0.569958,0.531098,0.431002,0.560538,0.536986,0.52521,0.538163,0.551117,0.513434,0.551117,0.591155,0.531098,0.32384,0.551117,0.553472,0.388608,0.548762,0.38743,0.544051,0.518144,0.35799,0.360346,0.363878,0.349747,0.369766,0.345037,0.395674,0.386253,0.29911,0.315597,0,0.156621,0,0,0,0,0,0,0.301466,0,0,0,0,0,0,1.00567,0,0,0,0,0,0,0,0,0,0,0,0.492237,0,0,0,0,0,0,0,0,0,0,0,0,
0,0,0,4.69509,4.40893,4.52905,0,0.567603,0.614707,0.542874,0.558182,0.581734,0.595866,0.536986,0.567603,0.572314,0.553472,0.605286,0,0.5888,0.598221,0.592333,0.598221,0.574669,0.49577,0.518144,0.567603,0.522854,0.52992,0.499302,0.485171,0.591155,0.514611,0.52521,0.520499,0.519322,0.46633,0,0.266138,0,0,0,0,0,0.247296,0,0,0,0,0,0,0,0,0,0.803123,0,0,0,0,0.409805,0,0,0,0,0,0,0,0,0,0,0,0,0,0,0,0,0,
0,0,0,4.20639,4.99538,5.02011,0,0.567603,0.560538,0.546406,0.53463,0.544051,0.553472,0.541696,0.456909,0.565248,0.569958,0.461619,0.468685,0.485171,0.426291,0.47104,0.485171,0.461619,0.421581,0.435712,0.462797,0.638259,0.356813,0.38743,0.35799,0.562893,0.308531,0.581734,0.350925,0,0.605286,0,0,0,0,0,0,0,0,0,0.456909,0,0,0,0,0,0,0,0.488704,0,0,0.26496,0,0,0,0,0,0.200192,0,0,0,0,0,0,0,0,0,0,0,0,0,
0,0,0,4.80696,4.1899,3.86488,0,0.536986,0.465152,0.472218,0.485171,0.46633,0,0.496947,0.336794,0.445133,0.489882,0.546406,0.555827,0.506368,0.560538,0.548762,0.433357,0.544051,0.541696,0.551117,0.527565,0.574669,0.508723,0.53463,0.520499,0.527565,0.52521,0.551117,0.515789,0.539341,0.515789,0,0,0,0,0,0.155443,0.157798,0,0.110694,0,0,0,0,0,0,0,1.041,0,0,0,0,0,0,0,0,0,0,1.0881,0,0,0,0,0,0,0,0,0,0,0,0,
0,0,0,4.34299,4.25702,4.33121,0,0.489882,0.454554,0.462797,0.491059,0.478106,0.47575,0.522854,0.482816,0.487526,0.508723,0.501658,0.463974,0.326195,0.473395,0.504013,0.445133,0.426291,0.438067,0.440422,0.287334,0.223744,0.164864,0.200192,0.211968,0.207258,0.237875,0.214323,0.296755,0.153088,0.138957,0,0,0,0,0,0.129536,0,0,0,0.168397,0,0,0.263782,0.174285,0,0,0.0930304,0,0,0,0,0,0,0,0,0.805478,0,0,0,0,0,0,0,0,0,0,0,0,0,0,
0,0,0,4.48783,4.67036,4.67272,0,0.239053,0.164864,0.17664,0.137779,0.18135,0.134246,0.178995,0.164864,0.153088,0.160154,0.186061,0.177818,0.174285,0.186061,0.214323,0.204902,0.195482,0.155443,0.308531,0.184883,0.548762,0.499302,0.35799,0.499302,0.447488,0.558182,0.541696,0.423936,0.520499,0.489882,0,1.01274,0,0,0,0,0,0,0,0,0,0,0.315597,0.296755,0,0,0,0,0,0,0,0,0,0,0,0,0.211968,0,0.157798,0.110694,0,0,0,0,0,0,0,0,0,0,
0,0,0,4.9942,5.07663,4.15693,0,0.577024,0.605286,0,0.423936,0.565248,0.511078,0.53463,0.492237,0.425114,0,0.574669,0.50519,0.518144,0.546406,0.513434,0.52992,0.548762,0.551117,0.53463,0.538163,0.558182,0.539341,0.549939,0.580557,0.365056,0.546406,0.53463,0.520499,0.527565,0.426291,0,0,0,0,0,0,0,0,0,0,0,0,0,0,0,0,0,0,0,0,0,0,0,0,0.723046,0,0,0,0,0,0,0,0,0,0,0,0,0,0,0,
0,0,0,4.54907,3.6329,5.08134,0,0.487526,0.428646,0.438067,0.361523,0.433357,0.435712,0.468685,0.428646,0.423936,0.41687,0.573491,0.572314,0.551117,0.414515,0.52992,0.555827,0.567603,0.53463,0.536986,0.546406,0.456909,0.421581,0.47575,0.468685,0.485171,0.473395,0.527565,0.47104,0.438067,0.394496,0,0,0,0,0.136602,0,0,0.204902,0,0,0,0,0,0.562893,0.548762,0,0,0,0,0,0,0,0,0,0,0,0,0,0,0,0,0,0,0,0,0,0,0,0,0,
0,0,0,4.70804,5.46995,4.89528,0,0.624128,0.617062,0.586445,0.376832,0.426291,0.612352,0.602931,0.456909,0.600576,0.621773,0.595866,0.577024,0.449843,0.579379,0.567603,0.579379,0.595866,0.449843,0.609997,0.586445,0.456909,0.451021,0.414515,0.461619,0.459264,0.463974,0.47575,0.480461,0.482816,0.431002,0,0,0,0,0,0,0.664166,0,0,0,0,0,0,0,0,0,0,0,0,0,0,0.143667,0,0,0,0,0.0777216,0,0,0.0989184,0,0,0,0,0,0,0,0,0,0,
0,0,0,3.11593,4.56556,4.89764,0,0.568781,0.541696,0.55936,0.522854,0.551117,0.485171,0.553472,0.522854,0.499302,0.52521,0.541696,0.496947,0.462797,0.513434,0.489882,0.513434,0,0.478106,0.522854,0.463974,0.539341,0.532275,0.532275,0.544051,0.558182,0.508723,0.496947,0.52521,0.55465,0.489882,0,0,0,0,0,0,0,0,0,0.872602,0,0,0.220211,0.24023,0,0,0,0,0,0,0,0.167219,0.217856,0,0,0,0,0,0,0,0,0,0,0,0,0,0,0,0,0,
0,0,0,3.17363,4.27469,5.2886,0,0.64768,0.544051,0.551117,0.577024,0.551117,0.562893,0.577024,0.527565,0.586445,0.4416,0.664166,0,0.638259,0,0.558182,0.633549,0.661811,0.614707,0.631194,0.645325,0.315597,0.614707,0.621773,0.585267,0.395674,0.395674,0.440422,0.560538,0.580557,0.560538,0,0,0,0,0,1.01038,0,0,0,0,0,0,0,0,0.960922,0,0,0,0,0,0,0,0,0,0,0,0,0,0,0,0,0,0,0,0,0,0,0,0,0,
0,0,0,3.92612,4.53965,4.11453,0,0.598221,0.551117,0.572314,0.567603,0.541696,0.422758,0.568781,0.558182,0.551117,0.566426,0.425114,0.600576,0.598221,0.4416,0.592333,0.611174,0.374477,0.59351,0.579379,0.572314,0.496947,0.429824,0.426291,0.360346,0.393318,0.252006,0.406272,0.435712,0.435712,0.449843,0,0,0,0,0,0,0,0,0.840806,0,0.178995,0.101274,0,0.184883,0,0,0,0,0,0,0,0,0,0.35328,0,0,0,0,0,0,0,0,0,0,0,0,0,0,0,0,
0,0,0,5.07546,4.74691,0.785459,0,0.511078,0.46633,0.508723,0.496947,0.478106,0.527565,0.489882,0.53463,0.551117,0.449843,0.47104,0.473395,0.460442,0.467507,0.499302,0.442778,0.46633,0.454554,0.499302,0.454554,0.594688,0.671232,0.64297,0,0.615885,0.619418,0.633549,0.631194,0.621773,0.604109,0,0,0,0,0,0,0,0,0,0,0,0,0,0,0,0,0,0,0.800768,0,0,0,0,0,0,0,0,0,0,0.308531,0,0,0,0,0,0,0,0,0,0,
0,0,0,3.6694,4.7575,4.81521,0,0.333261,0.485171,0.456909,0.355635,0.473395,0.480461,0.459264,0.451021,0.414515,0.445133,0.501658,0.47575,0.501658,0.506368,0.508723,0.403917,0.489882,0.2944,0.452198,0.451021,0.657101,0.608819,0.440422,0.664166,0.433357,0.431002,0,0.638259,0.59351,0.614707,0,0,0,0,0,0,0,0,0.679475,0,0,0,0,0,0,0,0,0,0,0.421581,0.174285,0,0,0,0,0,0.103629,0.094208,0.101274,0,0,0,0,0,0,0,0,0,0,0,
0,0,0,4.90235,4.81285,4.40893,0,0.595866,0.572314,0.586445,0.600576,0.595866,0.605286,0,0.577024,0.598221,0.577024,0.463974,0.310886,0.341504,0.363878,0.372122,0.369766,0.376832,0.360346,0.346214,0.395674,0.565248,0.520499,0.572314,0.560538,0.535808,0.511078,0.565248,0.494592,0.558182,0.567603,0,0,0,0.282624,0,0,0,0,0,0.20608,0,0,0.268493,0,0,0,0.169574,0,0,0,0,0,0.986829,0,0,0,0,0,0,0,0,0,0,0,0,0,0,0,0,0,
0,0,0,5.18851,4.37714,4.31944,0,0.520499,0.52521,0.533453,0.474573,0.541696,0.548762,0.504013,0.499302,0.539341,0.494592,0.516966,0.46633,0.489882,0.479283,0.489882,0.447488,0.482816,0.498125,0.513434,0.515789,0.624128,0.581734,0.5888,0.567603,0.569958,0.600576,0.435712,0.600576,0.461619,0.58409,0.129536,0.129536,0,0,0,0,0,0,0,0,0,0,0,0.164864,0,0,0.157798,0,0,0,1.24355,0,0,0,0,0,0,0,0,0,0,0,0,0,0,0,0,0,0,0,
0,0,0,4.64916,4.04741,4.59146,0,0.619418,0.579379,0.449843,0.595866,0.555827,0.595866,0.541696,0.586445,0.515789,0.58409,0.462797,0.422758,0.527565,0.515789,0.433357,0.388608,0.544051,0.485171,0.511078,0.487526,0.452198,0.442778,0.459264,0.301466,0.455731,0.402739,0.426291,0.41687,0.431002,0.447488,0,0,0,0,0,0,0,0,0,0.254362,0,0,0.496947,0,0,0,0,0,0,0,0,0,0.739533,0,0,0,0,0,0,0,0,0,0,0,0,0,0,0,0,0,
0,0,0,4.64092,4.6892,4.88115,0,0.5888,0.572314,0.551117,0.540518,0.579379,0.591155,0.454554,0.553472,0.562893,0.579379,0.438067,0.433357,0.461619,0.374477,0.385075,0.362701,0.379187,0.334438,0.381542,0.376832,0.560538,0.427469,0.581734,0.591155,0.609997,0,0.565248,0.579379,0.580557,0.605286,0,0,0,0.527565,0,0,0,0,0,0,0,0,0.339149,0,0,0,0.243763,0,0,0,0,0,0,0,0,0.148378,0,0,0,0.103629,0,0,0,0,0,0,0,0,0,0,
0,0,0,4.61737,4.76457,4.51139,0,0.567603,0.546406,0.501658,0.508723,0.544051,0.421581,0.544051,0.536986,0.483994,0.504013,0.520499,0.499302,0.480461,0.498125,0.506368,0.413338,0.480461,0.47575,0.317952,0.449843,0.499302,0.47104,0.492237,0.440422,0.488704,0.504013,0.454554,0.469862,0.480461,0.286157,0,0,0,0,0.17664,0,0,0.219034,0,0,0,0,0,0,0,0.766618,0,0,0,0,0,0,0,0,0,0,0,0.454554,0,0,0,0,0,0,0,0,0,0,0,0,
0,0,0,4.74573,4.11571,3.49629,0,0.315597,0.53463,0.499302,0.50048,0.463974,0.518144,0.426291,0.515789,0.454554,0.472218,0.567603,0.547584,0.492237,0.532275,0.52521,0.52521,0.515789,0.478106,0.515789,0.52992,0.605286,0.605286,0.609997,0,0.586445,0.551117,0.607642,0.553472,0.560538,0.539341,0,0,0,0,0,0,0.211968,0.143667,0,0,0,0,0,0.143667,0,0,0.221389,0.135424,0,0,0,0.259072,0,0,0.17193,0,0,0,0.193126,0,0,0,0,0,0,0,0,0,0,0,
0,0,0,4.20639,4.58322,4.08156,0,0.614707,0.314419,0.607642,0.432179,0.370944,0.5888,0.602931,0.427469,0.619418,0.606464,0.53463,0.456909,0.504013,0.49577,0.513434,0.494592,0.504013,0.337971,0.52521,0.491059,0.518144,0.482816,0.511078,0.50048,0.504013,0.409805,0.513434,0.485171,0.482816,0.492237,0.5888,0,0,0,0,0,0,0,0,0,0,0,0,0,0,0,0,0.496947,0,0,0.690074,0,0,0,0,0,0,0,0,0,0,0,0,0,0,0,0,0,0,0,
0,0,0,4.37832,4.14397,2.61192,0,0.520499,0.515789,0.536986,0.504013,0.52992,0.425114,0.52521,0.522854,0.489882,0.522854,0.569958,0.544051,0.480461,0.47575,0.518144,0.504013,0.53463,0.522854,0.513434,0.544051,0.121293,0.115405,0,0.115405,0.127181,0.0659456,0.0894976,0.0541696,0.0400384,0.0482816,0,0,1.03158,0,0,0,0,0,0,0,0,0,0,0,0,0,0.79017,0,0,0,0,0,0,0,0.462797,0,0,0,0,0,0,0,0,0,0,0,0,0,0,0,
0,0,0,4.52787,4.51727,3.24076,0,0.609997,0.435712,0.572314,0.546406,0.591155,0.549939,0.577024,0.555827,0.553472,0.536986,0.560538,0.544051,0.52992,0.509901,0.52521,0.297933,0.53463,0.527565,0.579379,0.320307,0.222566,0.227277,0.214323,0.292045,0.237875,0.290867,0,0.182528,0.301466,0.317952,0,0.332083,0,0,0,0.386253,0,0,0,0,0,0.183706,0.0977408,0,0,0.252006,0,0,0,0,0,0,0.350925,0.439245,0,0,0,0,0,0,0,0,0,0,0,0,0,0,0,0,
0,0,0,4.30766,4.58911,4.86349,0,0.654746,0.34857,0.591155,0.638259,0.614707,0.480461,0.41687,0.418048,0.581734,0.628838,0.402739,0.488704,0.527565,0.508723,0.501658,0.532275,0.515789,0.544051,0.506368,0.506368,0.612352,0.58409,0.544051,0.609997,0.591155,0.433357,0.572314,0.574669,0.567603,0.519322,0.487526,0,0,0,0,0,0,0,0,0,0,0,0,0,0,0.727757,0,0,0,0,0,0,0,0,0,0,0.744243,0,0,0,0,0,0,0,0,0,0,0,0,0,
0,0,0,4.37007,4.39127,4.59264,0,0.600576,0.53463,0.572314,0.560538,0.58409,0.569958,0.567603,0.572314,0.557005,0.548762,0.276736,0.322662,0.383898,0.292045,0.284979,0.339149,0.341504,0.343859,0.308531,0.372122,0.578202,0.581734,0.580557,0.577024,0.565248,0.558182,0.602931,0.552294,0.577024,0.53463,0.373299,0,0,0,0,0,0,0,0,0,0,0.321485,0,0,0,0,0,0,0,0,0.521677,0,0,0,0,0,0,0,0,0,0,0,0,0,0,0,0,0,0,0,
0,0,0,4.79872,4.65034,4.52198,0,0.565248,0.398029,0.314419,0.508723,0.544051,0.527565,0.546406,0.518144,0.522854,0.532275,0.532275,0.518144,0.565248,0.438067,0.539341,0.522854,0.587622,0.532275,0.562893,0.52521,0.188416,0.183706,0.970342,0.133069,0.1472,0.173107,0.350925,0.183706,0.12247,0.76073,0,0,0,0,0.150733,0.134246,0,0,0,0,0,0,0,0,0,0,0,0,0.70656,0,0.135424,0,0,0,0.138957,0,0.0965632,0,0,0,0,0,0,0,0,0,0,0,0,0,
0,0,0,4.65859,4.08509,4.42307,0,0.532275,0.496947,0.504013,0.423936,0.482816,0.468685,0.421581,0.438067,0.438067,0.400384,0.52521,0.536986,0.53463,0.518144,0.539341,0.480461,0.518144,0.413338,0.53463,0.515789,0.38743,0.355635,0.56407,0.522854,0.52992,0.50519,0.463974,0.522854,0.489882,0.480461,0,0.425114,0,0,0,0,0,0,0,0,0,0,0.733645,0,0,0,0,0,0,0,0.840806,0,0,0,0,0,0,0,0,0,0,0,0,0,0,0,0,0,0,0,
0,0,0,2.60132,4.7787,3.94849,0,0,0.504013,0.515789,0.46633,0.492237,0.532275,0.504013,0.409805,0.487526,0.469862,0.605286,0.572314,0.549939,0.569958,0.574669,0.555827,0.598221,0.609997,0.569958,0.442778,0,0.508723,0.458086,0.433357,0.423936,0.369766,0.405094,0.438067,0.431002,0.433357,0,0.46633,0,0,0,0,0.266138,0,0,0,0,0,0,0,0,0,0,0,0,0,0,0,0,0,0.605286,0,0,0,0,0,0,0,0,0,0,0,0,0,0,0,
0,0,0,3.8166,4.33121,4.40187,0,0.572314,0.548762,0.586445,0.553472,0.581734,0.558182,0.442778,0.551117,0.461619,0.536986,0.482816,0.478106,0.478106,0.47575,0.478106,0.361523,0.499302,0.482816,0.445133,0.449843,0.46633,0.463974,0.452198,0.355635,0,0.494592,0.463974,0.483994,0.390963,0.428646,0,0,0,0,0,0,0,1.21882,0,0,0,0,0,0,0,0,0.697139,0,0,0,0,0,0,0,0,0,0,0.602931,0,0,0,0,0,0,0,0,0,0,0,0,
0,0,0,26.3841,29.7662,28.7523,0,3.18659,3.1807,3.12888,3.06765,3.15008,3.06765,2.54715,3.0441,3.16303,0,2.6025,2.6025,2.51889,2.5919,1.80644,1.58269,2.54715,1.85825,2.62369,2.53537,2.75794,2.79916,2.78267,2.76029,2.81446,2.7497,2.74616,2.82506,2.76147,2.8545,2.16678,0,0.745421,3.24076,0,0,0,0,0,0,0,2.98522,0,0,0,0,0,0,1.54266,0,1.20704,2.49887,1.09281,0,0,0,0,0,0,0,0,0,0,0,0,0,0,0,0,0,
0,0,0,19.8826,23.8664,28.4614,0,2.76972,2.67668,2.6496,2.68728,2.25864,2.75441,2.74263,2.73321,2.69906,2.7285,2.74263,2.68611,2.68493,2.70377,2.60367,2.26099,2.74616,2.65667,2.68022,2.73674,4.06036,3.95791,3.9956,0,4.03092,4.00973,3.9273,3.93436,3.97322,0,2.65431,0,0,0,0,3.02172,0,0,2.18916,0,0,0,0.774861,2.20918,0,0,0,0,1.32951,0,1.33775,0,0,0,0,0,2.13146,0,0,0.578202,0,0,0,0,0,0,0,0,0,0,
0,0,0,37.0061,20.7034,30.0535,0,3.41857,3.39738,3.39855,3.375,3.41033,2.63076,0,3.3644,3.28315,2.58365,3.05352,3.09709,2.49533,3.08884,2.43881,3.09944,3.13124,3.06294,3.06765,3.15008,2.45176,1.7664,2.39759,2.45294,2.46943,2.39406,2.44941,2.40348,2.27041,2.46472,0,0,0,0,0,2.66491,0,0,0,0,0,0,2.22566,2.35991,0,0,0,0,0,0,0,0,0,1.82764,2.56246,0,0,0,1.18702,0,0,0,0,0,0,0,0,0,0,0,
0,0,0,28.4826,30.1595,28.4932,0,2.77443,3.32672,3.28786,3.29257,3.3644,3.3067,3.27137,3.28315,3.29728,3.33261,3.41504,3.39149,2.26217,0,3.42917,3.32908,3.36676,3.29846,3.37147,3.34674,3.33025,3.31023,2.55657,3.34438,3.36323,3.26784,2.55892,3.25489,2.48474,2.50829,0,0,0,0,1.12461,0,0,1.97601,0.666522,0,0,2.05256,2.01958,0,0,0,0,0.986829,0,1.08104,0.957389,0,0,0.47104,1.45316,0,0,0,0.354458,0,0,0,0,0,0,0,0,0,0,0,
0,0,0,37.2298,21.185,29.3564,0,1.51557,2.3446,2.31869,2.208,2.16796,1.44609,1.56268,2.2551,2.24215,2.18916,3.45155,2.93222,3.50807,3.5222,3.45037,3.54575,3.53044,2.8651,3.46803,3.47745,2.87688,2.85215,2.73321,2.88159,2.84626,2.8439,2.79091,2.8074,2.80151,2.85097,1.24237,0,0,0,0,1.30007,0,0,2.6814,0,0.284979,0.79017,0,0,0,1.26121,0.813722,0,0.189594,0,1.76404,1.76287,1.041,0,0,0,0,0,1.7558,0,0,0,0,0,0,0,0,0,0,0,
0,0,0,29.1067,19.0371,29.1103,0,2.94164,2.88394,2.86157,2.90867,2.87452,2.9546,2.35167,2.8863,2.87923,2.92398,2.81211,2.83919,2.86981,2.84155,2.86981,2.90985,2.33047,2.81446,2.83095,2.8074,2.86863,2.8969,2.86746,2.94282,2.96755,2.84861,2.30574,2.88748,2.31163,2.89336,3.47981,1.69221,2.0031,0,0,0,0,0,0,0,0,1.05513,0,0,1.15523,0,1.33658,0,0,0,0,0,0,1.92538,0,0,0,0,0,7.4754,0,0,0,0,0,0,0,0,0,0,
0,0,0,33.0117,35.1832,34.4684,0,2.83566,2.90632,2.88983,2.84979,2.27395,2.80504,2.85568,2.83684,2.85686,2.80504,3.38442,3.33143,3.33261,3.32908,3.34203,3.30906,3.38442,3.32319,3.32672,3.41151,2.96166,3.56342,3.50807,3.55871,3.35263,3.49276,3.50925,3.49983,3.50454,3.52102,0.925594,0,0.8832,0.612352,0.580557,0,0.177818,0,0,0,0.458086,1.06573,0,1.40723,0,0,0,1.78642,0.431002,0,0.753664,0,0,0,0,3.93201,0.821965,0,0,0,0,0,0,0,0,0,0,0,0,0,
0,0,0,43.1449,24.7814,21.7244,0,3.12417,3.07589,2.31869,2.35873,3.11357,3.0594,3.07,3.09591,3.06883,2.28808,2.69553,2.68257,2.65313,2.66491,2.68846,2.61545,2.70377,2.70612,2.64607,2.69788,2.43292,2.37522,2.27866,2.28454,2.31634,2.46825,2.23273,2.40937,2.41644,2.48003,0,0.746598,0,0.666522,0.733645,0,0,1.10223,0,0,0,3.15126,0,0,0,0.854938,0,0,0,0,0,0,0,3.7695,0,0,0,0,3.3279,0,0,0,0,0,0,0,0,0,0,0,
0,0,0,34.9311,26.2864,38.411,0,2.9122,2.8545,2.29514,2.89219,2.32929,2.80622,2.81682,2.85568,2.88512,2.83448,2.76618,2.77443,2.74381,2.77443,2.69199,2.79798,2.76265,2.77207,2.78973,2.818,1.8665,1.80526,1.51086,1.92538,1.75698,1.81704,1.6663,1.30831,1.78406,1.74167,0,1.61449,1.2671,0,0,0,0,0.902042,0,0,0,0,0,0,0,0,0,4.33828,0,2.05727,1.01274,0.718336,0,0.877312,0,0.874957,0,0,0.496947,0.972698,0,0,0,0,0,0,0,0,0,0,
0,0,0,23.0044,36.2913,25.7788,0,3.30081,2.66609,3.24664,3.21014,3.21838,3.27844,3.26548,3.19483,3.25135,3.21956,2.56835,2.49651,2.55775,2.29514,2.62723,1.94186,2.52124,2.03607,1.92773,2.5919,2.79444,2.73321,2.74734,2.68493,2.16325,2.81917,2.81446,2.73203,2.78385,2.208,0,0,0,1.48966,0,0,0,0,4.22523,0,0.91264,0.609997,0.831386,0.315597,0,0.882022,0,0.469862,0,0,0,0,0,2.14559,0,0.926771,0,0,2.17974,0,0,0,0,0,0,0,0,0,0,0,
0,0,0,35.5435,24.9675,21.417,0,2.63665,2.67904,2.55304,2.52595,2.65902,2.69082,2.62369,2.56246,2.60132,2.61192,3.15244,3.06883,3.12535,3.04998,3.10415,3.10769,3.07236,3.10651,3.0335,3.16421,2.67904,2.72614,2.69317,2.75676,1.87709,2.68728,2.71319,2.67668,2.55186,2.70024,0,4.81167,0,0,0,0,0,3.69413,0,0,0,1.40488,0,0,0,0,0,0,4.77281,0,0,0,0,0,0,2.48709,1.8347,0,0,0,0,0,0,0,0,0,0,0,0,0,
0,0,0,30.2219,24.4234,22.3226,0,3.31965,3.32319,3.40562,3.30552,3.30788,3.38796,3.37382,3.36323,3.34085,3.32319,3.23133,3.17952,3.2172,3.20189,3.2066,3.17128,3.25253,3.23369,3.19483,3.23958,3.16774,3.13948,3.14301,3.19247,3.15479,3.13006,3.10886,3.18776,3.123,3.17481,0,0,0,0,0,2.51653,0,0,1.76758,0,0,1.50262,0.91264,0,0,0,0,0,1.06337,0,0,0,0,0,0,2.90396,0,0,0,0,0,0,0,0,0,0,0,0,0,0,
0,0,0,24.6283,29.5342,24.6531,0,2.79916,2.818,2.85332,2.89572,2.8545,2.84037,2.84155,2.88865,2.83095,2.85686,2.9228,2.82388,2.92163,2.82035,2.33636,2.90749,2.94282,2.96166,2.87923,2.90867,3.249,3.20896,3.29846,3.28079,3.21603,3.22662,3.25489,3.30906,3.25489,3.26431,0,0,3.43506,1.05984,0,1.34835,0,0,0,0,0.23081,0,0,0,1.598,1.98072,0,1.49673,0,0,0,0,0.598221,0,1.77935,0,0,0,0,1.24237,0,0,0,0,0,0,0,0,0,0,
0,0,0,25.0158,36.1087,40.3646,0,2.30456,1.83706,1.93951,1.91124,2.32223,2.29514,2.30221,2.23626,2.29868,2.31752,3.13477,3.15832,3.123,3.123,3.19836,3.17245,3.15832,2.64842,3.10886,3.14772,3.03468,2.49651,2.98522,2.89101,2.96284,2.99699,2.96637,2.94989,2.94989,3.01583,0,2.58836,0,0,0,0,1.17407,0,0,1.58034,0,0.91735,1.88769,0.756019,0,0,0,2.14559,0,0,0,1.15523,1.14934,0,0,0,0,0.841984,0,1.70045,0,0,0,0,0,0,0,0,0,0,
0,0,0,42.5102,42.131,18.5496,0,0,3.68942,1.99485,2.06198,3.6329,3.62583,2.60132,3.54811,3.65292,1.80879,3.00877,3.04881,3.03585,3.04881,2.98875,3.06529,2.95695,3.01112,2.98168,3.07589,3.39502,3.32554,3.37853,3.31023,3.35616,0,3.26431,3.34203,3.34203,3.28315,0,3.35852,0,3.71533,0,0,3.96851,0,0,0,0,0.882022,0.314419,0.280269,0,0,1.40605,0,0,0,0,0,0,0,0,0,0,0,0,3.83427,0,0,0,0,0,0,0,0,0,0,
0,0,0,22.2272,25.5221,21.609,0,3.20778,3.13595,3.11828,3.2172,3.13242,3.19247,3.15126,2.58365,3.15832,2.55421,3.18894,3.14655,3.05823,3.15832,3.11357,3.06294,3.06883,3.1383,3.12771,0,3.19483,3.25606,3.17716,3.23722,3.20072,3.17363,3.18776,3.1595,3.21603,3.23722,0,0,2.17385,0,0,0,0,1.74285,0,0,0,0,0,0.661811,0,0.975053,1.70516,0.916173,0,1.3931,0,1.98072,0,0,1.21293,0,0,0.972698,0,0,0,0,0,0,0,0,0,0,0,0,
0,0,0,38.4015,19.9768,36.2159,0,2.55775,2.57894,2.54833,2.64253,2.62016,2.62369,2.55892,2.61545,2.07729,2.65078,1.93951,2.74381,2.7968,2.79327,2.78738,2.78502,2.81329,2.02194,2.04078,1.99603,2.63547,2.70495,2.69082,2.67668,2.1397,2.67786,2.66491,2.63076,2.63076,2.64842,0,0,0,0,0,0,0,0,0,0,0,0,0,2.5342,1.87121,0,0,0,0,0,3.41622,0,0,0,0,0,0,0,0,0,0,0,0,0,0,0,0,0,0,0,
0,0,0,22.5558,22.1966,29.0114,0,2.98522,2.98168,2.99935,3.00288,3.08531,3.03939,3.0335,3.05587,3.03703,3.02643,2.74263,2.73439,2.76854,2.79327,2.73556,2.82388,2.81093,2.74263,2.81564,2.81211,2.96166,2.91927,2.90985,2.88748,2.90985,2.3658,2.88512,2.89572,2.87923,2.93576,0,0,0,0,0,1.06691,1.55679,2.17149,0,0,0,0,0,0,0,0,0,3.79305,0,0,0.71127,0,0,0.730112,0,1.23412,0,0,0.634726,0,0,0,0,0,0,0,0,0,0,0,
0,0,0,28.2918,26.1898,27.1048,0,2.87217,3.48452,3.45508,3.52456,3.45626,3.51278,3.47392,3.49394,3.53398,3.53516,3.57284,3.53044,3.49747,3.58226,3.55282,3.49865,3.51749,3.5328,3.56931,3.51631,3.35498,3.27608,3.29728,3.28197,3.30906,3.33025,3.28315,3.33967,3.2961,3.26313,0,1.10812,0,5.51706,0,0,0,0,0,0,0,2.03372,0,0,1.6875,0,0,0,0,0.248474,3.53987,0,0,0,2.35756,0,0,0,0,0,0,0,0,0,0,0,0,0,0,0,
0,0,0,35.2161,35.6083,29.022,0,3.37029,3.3856,2.7968,3.40091,3.38678,3.43035,3.34909,3.44212,0,3.32319,3.20307,0,3.21838,3.17481,3.28668,3.2384,3.2384,3.2596,3.25724,3.27844,0,3.8272,3.79894,3.8743,0,3.9061,2.81211,3.8849,3.84015,3.7589,2.41408,1.36013,0,0,1.1199,0,0,2.02665,0,0,0,0.85847,1.20586,0,0,1.33658,0.320307,0,0,0,0,1.58976,0,0,0.944435,0,0,0,0.761907,0,0,0,0,0,0,0,0,0,0,0,
0,0,0,28.8559,24.1549,26.171,0,2.54715,3.12653,3.09238,3.13948,3.17834,3.1913,2.5919,3.1018,3.14537,3.11122,2.69435,2.49651,2.68493,0,2.65902,2.66962,2.76383,2.66491,2.73792,2.26452,2.90396,2.79798,2.81446,2.89925,2.89336,2.8757,2.3658,2.92163,2.81093,2.82977,0.552294,0.838451,0,0.573491,0,1.61449,0,0.310886,0,0,0,0,1.63333,0,1.651,0,0,0,2.05609,1.85236,0,1.09517,0,0,0,1.09752,0.650035,0,0.257894,0,0,0,0,0,0,0,0,0,0,0,
0,0,0,41.8531,26.3971,22.498,0,3.10886,3.05587,2.53184,3.12653,3.05116,3.12417,3.07,3.11004,3.07,3.08413,2.98168,2.89925,2.98404,2.95813,2.93105,2.9546,2.94518,2.91927,2.90867,2.89572,3.41622,3.2961,3.46214,3.38207,3.3962,3.35616,3.43859,2.38346,0,3.35145,0.764262,0.837274,0,0.231987,0.845517,0.53463,0,0.736,0,0,0,0,2.35284,0,0,1.5615,0,0,0,0,0,0,0,0,0,0.991539,0,2.38111,0,0,0,0,0,0,0,0,0,0,0,0,
0,0,0,24.056,23.9277,20.19,0,2.96755,3.03821,3.0123,2.91456,2.46707,2.95342,2.95107,2.98286,3.01701,2.87805,3.07589,0,3.07825,3.09591,3.12417,3.03703,3.01819,3.04763,3.12653,3.01583,2.94164,2.92398,2.87452,2.94989,2.90867,2.89336,2.93929,2.9334,2.82388,2.84037,0,1.99603,0,0,0,0,0,0,0,5.11078,0,0,1.62744,0,0,0.905574,0,0.985651,0,2.71084,2.27277,2.86392,0,0,0,0,0,0,0,0,0,0,0,0,0,0,0,0,0,0,
0,0,0,22.776,36.4938,32.4287,0,3.59875,3.56342,3.55871,3.6117,3.64938,3.55517,3.58344,3.02996,3.55282,3.63643,2.94989,2.87217,2.91456,2.94047,2.93811,2.89925,2.92163,2.85686,2.8863,2.944,3.2702,2.35049,2.36815,1.97601,3.2384,1.92538,3.26431,3.1913,0,3.23133,0,0,0,0,0,0,0,0,0,2.27748,1.4249,0,1.13285,1.33658,0,0,2.17149,0,1.19291,0,0,5.05308,0,0,0,0,0,0,0,0,0,0,0,0,0,0,0,0,0,0,
0,0,0,32.1296,27.8891,22.9762,0,2.58954,2.58248,2.5236,2.46825,2.52713,1.78406,2.56246,2.57423,2.59308,2.55539,3.23487,2.7391,3.21249,3.2596,3.17128,3.26784,3.19718,3.18541,3.19601,3.16774,3.24664,3.27726,3.31023,3.25606,3.2702,3.29139,3.21014,3.19601,3.22427,3.20307,0.476928,0,0,0,0.612352,0.61353,0.840806,0,0.479283,0,0,0,0,0,2.7862,0,0.568781,0,0,1.08104,0,0.914995,2.35049,0,0,1.50497,0,0,0,0.431002,0,0,0,0,0,0,0,0,0,0,
0,0,0,23.4649,28.3119,26.2522,0,2.90278,2.86392,2.88512,2.9228,2.01958,2.84861,2.84861,2.77325,2.9228,2.84979,2.57423,2.68375,2.60367,2.6178,2.65784,2.54597,2.61192,2.72497,2.68728,2.66491,2.38935,2.38111,2.51889,2.43057,2.40584,2.34107,2.42703,1.93362,2.33283,1.7193,0,0,0,2.69317,2.56481,0,0,0,0,0,0.784282,0,0.650035,1.04924,0,0,0,1.37897,0,0,0,0,0,0,0,0,0.486349,0,1.81233,0.962099,0,0,0,0,0,0,0,0,0,0,
0,0,0,35.7484,32.4217,29.102,0,2.22449,2.00899,2.03372,2.23391,1.98072,1.73225,2.01723,1.9348,1.95482,1.90418,2.08317,2.23037,2.00074,1.91831,1.36131,1.96541,1.89005,2.029,1.39192,2.0926,2.87923,2.92869,2.91927,2.97108,2.88865,2.30221,2.96049,2.88865,2.26924,2.90514,0,1.08104,0,0.595866,0,0,0,0,0,2.0031,0,0,0,0.486349,0,1.09281,0,0.705382,0.700672,1.10577,0,1.9136,0,0,0,0,1.22117,0,0,0,0,0,0,0,0,0,0,0,0,0,
0,0,0,36.0393,23.2941,22.9809,0,2.9122,3.00052,2.20564,2.28808,3.0441,3.01583,2.95578,3.03939,2.83213,2.95342,3.57637,3.6482,3.62348,3.60581,2.95224,3.57048,3.58108,3.57048,3.59404,3.63643,3.04527,3.13948,3.07236,3.09709,2.513,3.12417,3.09944,3.05234,3.08178,3.04763,0,1.13638,0,0,0,0,0.748954,0.579379,1.69692,0,0.394496,0.738355,0,0.800768,0.989184,0,0,0,0,1.06455,0,0,0,0,0,2.86863,0,0,0,0,0,0,0,0,0,0,0,0,0,0,
0,0,0,24.9722,26.6679,24.3975,0,2.76972,2.72026,2.7862,2.82271,2.74381,2.77325,2.79562,2.71908,2.75205,2.7391,3.5116,0,3.43977,3.49983,3.4857,3.52573,3.43859,3.43388,3.46097,3.49394,2.70848,2.64724,2.66255,2.68257,2.65549,2.64489,2.67786,2.55421,2.71555,2.69317,0,2.05491,0,1.29536,0,0,0.480461,0.870246,0,0,2.57894,0,0,1.41548,0,1.68515,0,0,0,0.955034,0,2.85568,2.42232,0,0,0,0,0,0,0,0,0,0,0,0,0,0,0,0,0,
0,0,0,29.9852,28.2683,35.9816,0,2.78738,2.82506,2.78149,2.82035,2.83566,2.84979,2.80269,2.76618,2.8074,2.75323,3.06058,2.99817,3.03114,2.96755,2.98051,3.0335,2.86628,2.56599,3.07236,3.02054,2.65431,2.6814,2.65902,2.64371,2.67315,2.69082,2.64489,2.15972,2.72614,2.63194,0,0,1.72872,0,0.55936,0,0,0,0.841984,0,0,2.19505,0,0,1.25061,0,0,1.73932,0,0.595866,0,0,0,0,1.5038,0,0,0.698317,0,0.967987,0,0,0,0,0,0,0,0,0,0,
0,0,0,22.4922,33.7347,36.0581,0,2.88983,2.89454,2.98286,2.95342,2.96873,2.89336,2.91456,2.93458,2.94047,2.91809,3.27608,3.16303,3.06176,3.23133,3.22898,3.23722,0,3.249,3.22309,2.64253,2.83448,2.81211,2.78267,2.87334,2.79327,2.79916,2.83684,2.79327,2.88041,2.83802,0.544051,1.32244,0.813722,0,1.11519,1.27416,0,0,0.862003,0,0,0,4.35712,0,0,1.40959,0,0,0,0,1.6663,1.33775,0,0,0,0,0,0,0,0,0,0,0,0,0,0,0,0,0,0,
0,0,0,19.4952,26.0485,28.9101,0,3.06294,3.16068,2.63429,3.1701,2.60485,3.12888,3.123,3.11711,3.13595,3.10415,3.51278,3.56813,3.55753,0,3.52573,3.57637,3.49394,3.47274,3.49276,3.52691,2.54597,3.1124,3.08767,3.18305,3.17128,3.15126,3.05823,3.09238,3.13359,3.09944,0.924416,0,0.771328,0,0.840806,1.53795,0,0,0.776038,0,0,0,0,0,2.31869,0,0,0,0,0,0.208435,0.445133,0.434534,0.128358,0.521677,0,0,0.667699,0.518144,0,0,0,0,0,0,0,0,0,0,0,
0,0,0,24.1008,29.6873,24.0348,0,3.30081,3.25724,3.2384,3.35145,3.33379,2.74852,3.26313,3.26666,3.31259,3.27255,2.48238,3.2066,3.14301,2.51889,3.14772,3.23251,3.15479,3.18188,3.20778,3.22074,2.3081,2.2975,2.47885,2.42232,2.37169,2.45647,1.78171,2.29396,2.36462,2.30927,0,0,0,0,0,0,0,0,2.26452,1.61331,0,0,0,0,0,2.47532,0,2.43645,0,0,0,0,0,0,1.41076,0,1.33893,0,2.24686,0,0,0,0,0,0,0,0,0,0,0,
0,0,0,23.3224,37.3099,19.4598,0,2.86981,2.89219,2.94989,2.95813,2.88512,2.94047,2.96873,2.87805,2.89219,2.39995,3.28315,3.31141,3.33025,3.3173,3.27255,3.34438,3.36794,3.24193,3.39267,0,3.14301,3.12417,3.07942,0,3.06647,3.17834,3.07118,2.95813,3.15008,3.06883,0,0,0,0,0,1.34011,0,0,1.41783,1.08104,0,0,0,0,0,2.84508,0,1.10459,0,0.720691,0,1.61331,0,1.598,0,0,1.24119,0,0,1.4037,0,0,0,0,0,0,0,0,0,0,
0,0,0,21.5124,29.4859,24.2892,0,2.53891,3.04998,3.03939,2.51064,3.04174,3.06176,3.12888,3.08178,3.10415,3.02761,2.84744,2.84037,2.88394,2.78856,2.79091,2.35991,2.89101,2.84273,2.81211,2.82506,2.58365,2.60485,2.6284,2.55304,2.47414,2.65313,2.6178,2.639,2.60367,2.58365,0,0,0,1.1882,0,0,0.871424,0,1.20351,0.839629,1.35306,1.40723,0,0,0,1.65453,0,1.38015,0,0,1.57327,0,1.64393,0,0,0,1.6404,0,0,0,0,0,0,0,0,0,0,0,0,0,
0,0,0,37.463,28.2577,25.9684,0,2.49062,2.54126,2.60838,2.60132,2.56952,2.07611,2.53537,2.62016,2.4812,2.56599,3.97676,3.40562,0,3.95791,4.03681,3.98735,4.00384,4.01208,3.96851,4.02975,3.01112,3.03585,3.07236,3.00406,3.01701,3.08178,3.04292,3.02054,3.01466,3.05823,0.81961,0,0,1.50144,0,1.86179,1.45198,0,0,0,0,0,0.533453,0,1.04453,0.750131,0,0.635904,0,0.82432,0,0,2.23391,1.72872,0,0,2.765,0,0,0,0,0,0,0,0,0,0,0,0,0,
0,0,0,29.9511,22.5346,36.0522,0,3.32908,3.38913,3.31965,3.31612,3.41386,3.32908,3.39502,3.37147,3.33967,3.3538,2.98286,3.05469,3.06412,3.04174,3.00995,2.96166,3.05823,3.07471,3.02408,3.03585,3.48805,3.49276,3.5222,3.56224,3.57166,3.54693,3.47392,3.48452,3.50336,3.52927,0,0,0,0,3.47863,0,0,0,1.93126,0,0,0,0,0,0,1.56032,1.86061,0,0,0,0,0.991539,0,1.74049,0,0,0.595866,0,0,0,0,0,0,0,0,0,0,0,0,0,
0,0,0,35.2338,22.2449,28.9501,0,2.91927,2.95695,2.90514,2.95695,2.94282,2.42703,2.9758,2.98875,2.90632,2.96284,2.26335,2.1974,3.10651,3.08413,2.29279,1.903,3.10298,3.04763,3.06176,2.98757,2.5707,2.54244,2.63782,2.07258,2.60721,2.53537,2.52477,2.54244,2.5601,2.58012,0,0,0,1.51322,0,0,0,0,2.47296,0,2.07611,0,0,1.00096,0,0,0,0,1.78877,0,0,0,0,0,0,2.91574,0,0,0,0,0,0,0,0,0,0,0,0,0,0,
0,0,0,35.2962,43.5712,36.7199,0,3.23133,3.21838,3.17128,3.17481,2.64724,3.25606,3.15832,3.19718,3.23722,3.16303,2.6814,2.56835,2.63429,2.07493,2.59896,2.68375,2.63076,2.59543,2.61427,2.55657,1.73932,2.09024,2.84861,2.82624,2.84626,1.69574,2.85097,2.88159,2.80975,2.65784,0.798413,0,0,0,0.522854,0.945613,0,0.0577024,0,0.385075,0.87849,0,0.860826,0,0,1.01274,0,1.40017,0,1.7087,0,2.03607,2.71555,0,0,0,2.69435,0,0,0,0,0,0,0,0,0,0,0,0,0,
0,0,0,37.9741,28.5886,33.7524,0,3.02408,3.01466,2.56364,3.07,3.04645,3.07236,3.09827,3.0594,2.95342,3.03114,2.72379,2.69082,2.74734,2.78502,2.82388,2.21742,2.74263,2.73203,2.27159,2.75558,2.74028,2.57541,2.67668,2.78738,2.7756,2.64371,2.70966,2.63076,2.75323,2.05138,0,1.22706,2.08671,0,0,0,0,0.926771,0,1.18584,1.9819,0,0,0,0,0,2.51535,0,0,0,0,0,1.34129,0,0,1.50968,0,0,1.52028,0,0,0,0,0,0,0,0,0,0,0,
0,0,0,40.8133,23.2458,24.2538,0,2.7391,2.75558,2.8286,2.8545,2.65902,2.82271,2.7756,2.83448,2.77914,2.8286,2.8439,2.78738,2.83919,2.79916,2.79444,2.85686,2.81917,2.89101,2.84979,2.88394,2.91456,2.83684,3.00877,0,3.00288,2.97226,2.90514,2.93105,2.88748,2.97108,2.32694,0,0,0,0.512256,0,0.560538,0,0,0.635904,1.34011,2.0137,0,0,0,0,0,0,0,1.50026,0,0,6.37435,0,0,0.993894,0,0,0,0,0,0,0,0,0,0,0,0,0,0,
0,0,0,23.3989,25.3302,30.3632,0,2.89572,2.09495,2.85215,2.87452,2.85097,2.90867,2.90278,2.93222,2.94989,2.80622,2.66962,2.15265,2.53891,2.73439,2.7391,2.67315,2.73792,2.14205,2.66609,2.72026,2.14088,2.94518,2.98875,2.12321,2.95695,2.1503,2.208,2.90278,3.01583,2.96637,0,0,0,0,1.91596,0,2.22213,0,0,1.22706,0.605286,0.909107,0.607642,0,0.983296,0,0.925594,0,0,0.754842,0.631194,1.03511,0,0,1.01038,0,1.04571,0,0.166042,0,0,0,0,0,0,0,0,0,0,0,
0,0,0,36.7117,38.2779,31.6068,0,3.39855,3.38089,3.46097,3.39031,3.44684,3.42799,3.42328,3.40444,3.37147,3.36911,3.2278,3.2066,3.22074,3.21838,3.19483,3.23251,3.26077,3.28786,3.21249,3.27962,1.5297,2.34931,2.59661,2.27866,2.44705,2.46707,1.65571,2.47414,2.44588,2.59543,0.997427,0,0.601754,0,0,0,0,0.792525,1.03629,0,0,0,0.909107,0,0.863181,0,0.984474,0,0,0.493414,0,0,0,0,0,0,3.06529,0,0,5.50764,0,0,0,0,0,0,0,0,0,0,
0,0,0,34.2093,25.2807,23.5532,0,2.87805,2.36344,2.86392,2.85921,2.88159,2.94282,2.88748,2.88865,2.90985,2.83919,2.93222,2.93458,2.96166,2.98404,3.02408,2.42939,2.92045,2.99228,2.97108,2.44352,1.84648,1.27063,1.96306,1.62627,0,1.56268,0,0,1.36366,0,2.00428,0,0,0,0,0.524032,1.55914,0.498125,0,0,0,0,0,1.88416,2.08317,0,1.42372,0,0,0,0,0,5.63364,0,0,0,0,3.12653,0,2.68728,0,0,0,0,0,0,0,0,0,0,
0,0,0,24.1667,27.968,25.7282,0,2.89219,2.97462,2.92987,2.9758,2.99699,3.00877,2.95342,2.90985,2.96637,2.93576,3.20189,3.23487,3.20425,3.26784,3.24193,3.23604,3.26902,3.18423,3.21838,3.26077,3.0441,3.06058,3.08884,3.09473,3.0335,2.50829,3.11593,3.07589,3.10298,3.04763,0,0,0,4.43602,0,0,0,0,0,0,1.15876,0,1.22353,0,0,0,0,0,1.33187,0,2.01016,0,0.317952,0,0,0.501658,1.24355,0,0,0,0,0,0,0,0,0,0,0,0,0,
0,0,0,21.5654,28.4226,19.1348,0,3.15479,3.07589,3.16657,3.08767,3.12888,3.13948,3.15008,3.09709,3.08296,3.11357,1.93244,2.25864,3.06058,2.2657,2.94047,2.98522,2.98639,2.94636,2.84744,3.00641,2.85804,2.79327,2.8074,2.82035,2.81682,2.83095,2.7862,2.77796,2.76029,2.72497,0.585267,0,1.63569,0,0,1.31185,0,0,0,0.249651,0,0,2.99935,0,0.973875,0,0,0,0,0.938547,0,1.52735,0,0.936192,0,0,0,0,0,3.06529,0,0,0,0,0,0,0,0,0,0,
0,0,0,28.7181,26.5513,28.7959,0,2.95578,2.41997,2.80858,2.944,3.04056,2.97933,2.98286,3.0017,3.00877,3.0229,2.9334,2.91692,2.90278,2.98875,2.99699,2.92634,2.94753,2.92751,2.98051,2.95813,3.41386,2.51771,3.38089,0,2.11026,2.5919,3.40444,3.49747,0,3.41857,0.788992,0.959744,0,0.255539,0,0,0.304998,0,0.830208,0,0.645325,2.39995,0.891443,0,0,0,0,0,0,0,0,0,0,1.50615,1.32362,1.87238,0,0,0,0,0,0,0,0,0,0,0,0,0,0,
0,0,0,29.1197,27.1284,28.4343,0,3.14419,3.19012,3.20307,3.1124,3.10886,3.1701,2.50947,3.21249,3.16539,2.54715,3.01819,3.07707,3.08296,3.01466,2.98757,3.06529,3.05823,3.02996,2.98757,3.00406,2.50004,2.14323,3.35734,3.37147,3.27373,2.14794,3.3962,3.38678,2.52831,3.33967,0,1.39899,0,0,1.24355,0.389786,0,0,1.18349,0,0,0.479283,0.62295,0.777216,0.401562,0.845517,0,0,0.604109,0,0,1.61449,0.872602,0,0,0,0,0,0,0.846694,0,0,0,0,0,0,0,0,0,0,
0,0,0,21.7809,22.2614,29.122,0,2.93811,2.91574,2.86275,2.9228,2.85097,2.9228,2.8969,2.41055,2.90396,2.8074,3.03939,3.05234,3.10886,2.22566,3.06058,3.01112,3.08296,3.07,3.06765,3.13242,1.2353,1.13874,1.08928,1.13874,0.924416,1.04924,1.08339,1.13167,1.10106,1.19526,0.952678,0.493414,1.43785,0,0,0,1.5874,0,0.59351,0,0,0,1.28829,0,1.07868,0,1.21882,0,0,0.491059,3.75419,0,4.14986,0,0,0,0,0,0,0,0,0,0,0,0,0,0,0,0,0,
0,0,0,28.5627,41.6376,35.8638,0,3.15832,3.18659,3.24547,3.23251,3.19483,3.25018,3.23722,3.16303,2.70024,3.17952,2.60603,2.59661,2.70024,2.69199,2.55657,2.60367,2.63547,2.52242,2.69082,2.61192,1.2353,1.31185,1.48731,1.38839,1.59565,1.28829,1.45198,0.840806,1.24943,1.36366,0,0,0,0,0.640614,0,2.53773,0,2.91103,0,0,1.4402,1.48142,0,0,0,1.47318,0,1.42372,0,1.81821,0,2.71672,0,0,0,2.89336,0,0,0,0,0,0,0,0,0,0,0,0,0,
