0,0,0,4.47488,4.45604,4.45604,0.355635,0.34857,0.336794,0.334438,0.336794,0.280269,0.28969,0.28969,0.208435,0.280269,0.343859,0.35328,0.365056,0.341504,0.355635,0.399206,0.374477,0.374477,0.346214,0.376832,0.200192,0,0.193126,0.17193,0.11305,0.148378,0.138957,0,0.136602,0,0,0,0.617062,0,0,0,0,0,0,0,0,0,0.481638,0,0,0,0,0,0,0,0,0,0,0,0,0,0.174285,0,0.252006,0,
0,0,0,4.32179,4.39834,3.76361,0.266138,0.24023,0.270848,0.254362,0.261427,0.261427,0.202547,0.277914,0.257894,0.221389,0.369766,0.381542,0.380365,0.223744,0.40745,0.355635,0.35799,0.345037,0.341504,0.369766,0.35799,0.308531,0.28969,0.284979,0.263782,0.29911,0.317952,0.329728,0.266138,0.326195,0,0,0,0,0,0,0.463974,0,0,0,0.587622,0,0,0,0,0,0,0,0,0,0.688896,0,0,0,0,0,0,0,0,0,
0,0,0,4.59146,4.24172,3.03468,0.23081,0.244941,0.24023,0.214323,0.174285,0.256717,0.254362,0.256717,0.249651,0.204902,0.24023,0.336794,0.216678,0.341504,0.336794,0.310886,0.268493,0.28969,0.292045,0.332083,0.266138,0.209613,0.160154,0.190771,0.186061,0.203725,0.197837,0.204902,0.214323,0.228454,0,0,0,0,0,0,0.259072,0,0,0,0,0,0,0.581734,0,0,0,0,0,0,0,0,0,0,0,0,0,0,0.617062,0,
0,0,0,4.22994,3.63761,4.81403,0.287334,0.148378,0.29911,0.277914,0.233165,0.237875,0.220211,0.248474,0.24023,0.246118,0.428646,0.244941,0.321485,0.355635,0.234342,0.369766,0.261427,0.35799,0,0.35799,0.447488,0.449843,0.41687,0.449843,0.423936,0.438067,0.435712,0.447488,0.426291,0.463974,0,0,0,0,0.648858,0,0,0,0,0,0,0.746598,0,0,0,0,0,0,0,0,0,0,0.511078,0,0,0,0,0,0,0,
0,0,0,4.16988,4.44073,3.93436,0.236698,0.187238,0.209613,0.219034,0.219034,0.214323,0.177818,0.217856,0.223744,0.222566,0.405094,0.365056,0.376832,0.379187,0.363878,0.367411,0.365056,0.374477,0.413338,0.409805,0.47575,0.435712,0.431002,0.433357,0.438067,0.433357,0.327373,0.423936,0.433357,0.41687,0,0,0,0,0,0,0,0,0,0,0,0,0,0,0,0,0,0.499302,0,0,0,0,0.209613,0,0.11305,0.257894,0,0.153088,0,0,
0,0,0,4.45015,4.19343,4.09805,0.379187,0.326195,0.309709,0.287334,0.317952,0.335616,0.320307,0.310886,0.284979,0.303821,0.329728,0.320307,0.313242,0.325018,0.327373,0.208435,0.313242,0.325018,0.336794,0.303821,0.327373,0.316774,0.307354,0.29911,0.286157,0.28969,0.296755,0.315597,0.302643,0.259072,0,0,0.405094,0,0,0,0,0,0,0,0,0,0,0,0,0,0,0,0,0.82903,0,0,0,0.273203,0.153088,0,0,0,0,0,
0,0,0,3.82484,3.94967,4.37478,0.329728,0.301466,0.261427,0.280269,0.275558,0.242586,0.270848,0.221389,0.247296,0.257894,0.443955,0.442778,0.473395,0.414515,0.486349,0.452198,0.47104,0.409805,0.461619,0.428646,0.272026,0.234342,0.237875,0.256717,0.249651,0.252006,0.280269,0.270848,0.273203,0.280269,0,1.02569,0,0,0,0,0,0,0,0,0.546406,0,0,0,0,0,0,0,0,0,0,0.923238,0,0,0,0,0,0,0,0,
0,0,0,3.6906,4.02268,4.20874,0.231987,0.369766,0.343859,0.339149,0.336794,0.334438,0.329728,0.325018,0.34857,0.32384,0.303821,0.277914,0.277914,0.148378,0.214323,0.190771,0.254362,0.255539,0.254362,0.275558,0.360346,0.32855,0.414515,0.383898,0.369766,0.341504,0.254362,0.354458,0.315597,0.325018,0,0,0,0,0,0.577024,0,0,0,0,0,0,0,0,0,0,0,0,0,0,0,0.266138,0,0,0.315597,0,0,0,0,0,
0,0,0,4.42895,3.88726,4.10865,0.508723,0.499302,0.435712,0.46633,0.459264,0.393318,0.431002,0.456909,0.40745,0.459264,0.267315,0.268493,0.193126,0.202547,0.20137,0.227277,0.228454,0.200192,0.211968,0.249651,0.14249,0.150733,0.157798,0.153088,0.162509,0.17664,0.136602,0.0965632,0.120115,0.134246,0,0,0,0,0,0,0,0,0.461619,0,0,0,0,0,0,0.717158,0,0,0,0,0,0,0,0,0,0,0,0.202547,0.163686,0,
0,0,0,4.21345,4.70451,4.07214,0.346214,0.339149,0.334438,0.332083,0.343859,0.287334,0.270848,0.315597,0.2944,0.280269,0.508723,0.527565,0.502835,0.504013,0.540518,0.472218,0.491059,0.520499,0.52521,0.499302,0.259072,0.237875,0.249651,0.256717,0.26025,0.254362,0.263782,0.227277,0.266138,0.237875,0,0,0.17664,0,0,0,0,0.137779,0,0.121293,0,0,0.136602,0,0.0871424,0,0,0.130714,0,0,0,0,0,0,0.148378,0,0,0.105984,0.177818,0,
0,0,0,4.33475,4.05683,3.63172,0.334438,0.322662,0.320307,0.334438,0.306176,0.231987,0.28969,0.284979,0.310886,0.28969,0,0.508723,0.515789,0.508723,0.487526,0.465152,0.452198,0.456909,0.494592,0.513434,0.398029,0.423936,0.409805,0.409805,0.41216,0.390963,0.390963,0.428646,0.419226,0.380365,0,0,0.296755,0,0,0,0,0,0,0.249651,0,0,0,0,0,0,0.178995,0,0,0.211968,0,0,0.322662,0,0,0.186061,0,0,0,0,
0,0,0,4.237,4.23818,4.6633,0.256717,0.223744,0.202547,0.209613,0.195482,0.221389,0.233165,0.247296,0.202547,0.23552,0.253184,0.343859,0.322662,0.350925,0.362701,0.365056,0.376832,0.350925,0.379187,0.376832,0.435712,0.463974,0.459264,0.47104,0.346214,0.449843,0.43689,0.350925,0.452198,0.461619,0,0.0376832,0,0.0624128,0,0,0,0.138957,0,0,0,0,0,0,0,0.184883,0,0,0,0.131891,0,0,0,0,0.551117,0,0,0,0,0,
0,0,0,4.3689,3.47628,4.2217,0.275558,0.284979,0.254362,0.268493,0.189594,0.134246,0.228454,0.121293,0.242586,0.263782,0.329728,0.312064,0.329728,0.275558,0.282624,0.284979,0.303821,0.308531,0.310886,0.320307,0.35328,0.29911,0,0.339149,0.339149,0.35799,0.317952,0.332083,0.313242,0.254362,0.420403,0,0,0,0,0,0,0,0,0,0.150733,0,0,0,0.249651,0,0,0,0,0,0,0,0.569958,0,0,0,0,0,0,0,
0,0,0,3.98853,4.18048,5.28742,0.163686,0.167219,0.144845,0.131891,0.146022,0.153088,0.131891,0.127181,0.150733,0.160154,0.320307,0.255539,0.316774,0.308531,0.308531,0.321485,0.296755,0.317952,0.341504,0.301466,0.321485,0.31913,0.303821,0.310886,0.313242,0.303821,0.320307,0.339149,0.329728,0.296755,0,0.43689,0,0,0,0,0,0,0,0,0,0,0,0,0,0,0.211968,0.203725,0.219034,0,0,0,0,0,0,0,0,0,0,0,
0,0,0,4.94356,4.9471,4.57733,0.261427,0.247296,0.270848,0.270848,0.275558,0.273203,0.272026,0.273203,0.259072,0.228454,0.352102,0.367411,0.369766,0.367411,0.280269,0.350925,0.346214,0.372122,0.381542,0.372122,0.275558,0.273203,0.250829,0.26025,0.273203,0.306176,0.301466,0.308531,0.28969,0.288512,0,0,0,0,0,0,0,0,0,0,0,0,0,0,0,0,0,0,0,0,0,0,0.20608,0,0,0,0.143667,0,0,0,
0,0,0,4.4737,4.42542,4.59382,0.202547,0.183706,0.164864,0.202547,0.17664,0.153088,0.216678,0.221389,0.0965632,0.233165,0.367411,0.317952,0.343859,0.346214,0.34857,0.34857,0.35328,0.362701,0.360346,0.367411,0.555827,0.569958,0.52521,0.518144,0.536986,0.504013,0.536986,0.532275,0.555827,0.501658,0,0,0,0,0,0,0.438067,0,0,0,0,0,0,0,0,0,0.379187,0,0,0,0,0,0,0,0,0,0,0,0,0.273203,
0,0,0,3.62819,4.4478,4.26291,0.334438,0.327373,0.34857,0.350925,0.334438,0.293222,0.306176,0.259072,0.277914,0.286157,0.202547,0.186061,0.195482,0.182528,0.219034,0.244941,0.244941,0.156621,0.195482,0.12247,0.186061,0.275558,0.221389,0.233165,0.237875,0.266138,0.247296,0.233165,0.244941,0.270848,0,0,0,0,0,0,0.539341,0,0,0,0,0,0,0,0,0,0,0.32855,0,0,0.247296,0,0,0,0,0,0,0,0,0,
0,0,0,4.47252,3.52573,4.40069,0.252006,0.250829,0.217856,0.270848,0.219034,0.207258,0.215501,0.23081,0.167219,0.249651,0.325018,0.315597,0.306176,0.325018,0.310886,0.339149,0.332083,0.290867,0.320307,0.297933,0.402739,0.447488,0.400384,0.398029,0.379187,0.293222,0.372122,0.333261,0.362701,0.355635,0,0,0,0,0,0,0,0,0.581734,0,0,0,0,0,0,0.300288,0,0,0,0.183706,0,0,0,0,0.58409,0,0,0,0,0,
0,0,0,4.30648,4.66801,4.69862,0.284979,0.214323,0.214323,0.237875,0.273203,0.188416,0.226099,0.242586,0.259072,0.202547,0.12247,0.219034,0.130714,0.127181,0.134246,0.162509,0.162509,0.17193,0.202547,0.161331,0.41687,0.362701,0.400384,0.367411,0.409805,0.393318,0.385075,0.297933,0.375654,0.374477,0,0,0,0,0,0,0,0,0,0.58409,0,0,0,0.146022,0,0,0.123648,0,0,0,0,0,0,0,0,0,0,0,0.268493,0,
0,0,0,4.25467,4.56909,3.98264,0.339149,0.395674,0.379187,0.35328,0.355635,0.372122,0.341504,0.360346,0.379187,0.369766,0.34857,0.221389,0.190771,0.292045,0.308531,0.334438,0.310886,0.280269,0.314419,0.306176,0.193126,0.11305,0.169574,0.17193,0.193126,0.186061,0.214323,0,0.12247,0.153088,0,0,0,0,0,0,0.365056,0,0,0,0,0.120115,0,0.082432,0.11305,0,0,0,0,0,0,0,0,0,0,0,0,0,0.325018,0,
0,0,0,4.42307,4.50785,4.61384,0.282624,0.256717,0.273203,0.23552,0.286157,0.310886,0.257894,0.279091,0.28969,0.282624,0.247296,0.219034,0.223744,0.266138,0.254362,0.268493,0.207258,0.183706,0.216678,0,0.398029,0.312064,0.35328,0.37801,0.386253,0.35328,0.381542,0.365056,0.362701,0.355635,0.666522,0,0,0,0,0,0,0,0,0,0,0.522854,0,0,0,0,0,0,0,0,0,0.211968,0.195482,0,0.211968,0,0,0,0,0,
0,0,0,4.33946,4.8105,2.93811,0.244941,0.193126,0.360346,0.306176,0.287334,0.310886,0.293222,0.301466,0.315597,0.296755,0.428646,0.459264,0.449843,0.433357,0.432179,0.4416,0.47104,0.447488,0.47104,0.428646,0.433357,0.409805,0.362701,0,0.449843,0.395674,0.395674,0.292045,0.380365,0.383898,0,0,0,0.365056,0,0,0,0,0,0,0,0,0,0,0,0,0,0,0,0.549939,0,0,0,0,0,0,0,0,0,0,
0,0,0,4.15104,3.29021,4.416,0.361523,0.350925,0.306176,0.326195,0.282624,0.242586,0.270848,0.314419,0.335616,0.32384,0.315597,0.292045,0.2944,0.150733,0.313242,0.292045,0.220211,0.2944,0.28969,0.303821,0.310886,0.334438,0.322662,0.346214,0.322662,0.322662,0.365056,0.312064,0.282624,0.306176,0,0.203725,0,0.213146,0,0,0,0,0,0,0,0,0,0,0,0,0.621773,0,0,0,0,0,0,0.425114,0,0,0,0,0,0,
0,0,0,4.03681,4.53494,4.0427,0.26025,0.381542,0.312064,0.376832,0.360346,0.346214,0.322662,0.263782,0.340326,0.315597,0.23552,0.231987,0.256717,0.191949,0.24023,0.182528,0.200192,0.23552,0.263782,0.261427,0.266138,0.149555,0.275558,0.183706,0.111872,0.191949,0.207258,0.189594,0.211968,0.237875,0,0.254362,0.11776,0,0,0,0,0,0.162509,0,0,0,0,0,0.228454,0,0.23552,0,0,0,0,0,0,0.160154,0,0,0,0.233165,0,0.141312,
0,0,0,4.71393,4.3689,4.30413,0.386253,0.367411,0.360346,0.367411,0.275558,0.332083,0.35328,0.359168,0.343859,0.367411,0.325018,0.296755,0.204902,0.308531,0.320307,0.317952,0.303821,0.303821,0.303821,0.317952,0.41216,0.402739,0.381542,0.393318,0.360346,0.376832,0.428646,0.320307,0.409805,0.383898,0,0,0,0,0,0,0,0,0,0,0,0,0.666522,0,0,0,0,0,0,0,0,0,0,0,0,1.00803,0,0,0,0,
0,0,0,4.25585,4.10511,4.04035,0.369766,0.325018,0.35799,0.34857,0.340326,0.320307,0.334438,0.339149,0.256717,0.343859,0.567603,0.421581,0.565248,0.518144,0.522854,0.544051,0.541696,0.520499,0.518144,0.494592,0.447488,0.41216,0.414515,0.381542,0.332083,0.334438,0.29911,0.369766,0.35799,0.376832,0,0.598221,0,0,0,0,0,0,0,0,0,0,0,0,0,0,0,0,0,0.426291,0,0,0,0,0.82903,0,0,0,0,0,
0,0,0,4.2111,4.47724,4.25702,0.292045,0.263782,0.249651,0.270848,0.255539,0.261427,0.267315,0.270848,0.247296,0.266138,0.393318,0.386253,0.365056,0.332083,0.372122,0.362701,0.354458,0.393318,0.347392,0.386253,0.363878,0.414515,0.398029,0.398029,0.383898,0.390963,0.405094,0.396851,0.390963,0.310886,0,0,0,0,0.158976,0.195482,0,0,0,0,0.155443,0,0.120115,0,0,0,0,0.0777216,0.103629,0.0836096,0,0,0,0,0.792525,0,0,0,0,0,
0,0,0,3.96145,4.41482,5.21441,0.440422,0.435712,0.442778,0.433357,0.41216,0.409805,0.400384,0.35799,0.35328,0.367411,0.329728,0.310886,0.303821,0.325018,0.295578,0.313242,0.320307,0.310886,0.339149,0.313242,0.325018,0.200192,0.296755,0.20137,0.209613,0.286157,0.284979,0.28969,0.280269,0.26025,0.609997,0,0,0,0,0,0,0,0,0,0,0.211968,0.188416,0,0,0,0,0,0,0,0,0,0,0,0,0,0,0,0,0,
0,0,0,4.11807,4.14868,4.49961,0.380365,0.362701,0.379187,0.274381,0.342682,0.393318,0.35799,0.362701,0.35799,0.369766,0.504013,0.359168,0.435712,0.423936,0.442778,0,0.346214,0.46633,0.426291,0,0.332083,0.317952,0.322662,0.339149,0.329728,0.28969,0.332083,0.313242,0.313242,0,0.443955,0,0,0,0,0,0,0,0,0,0.0518144,0.05888,0.0836096,0,0,0.0965632,0.0659456,0,0,0,0.47104,0,0,0,0,0,0,0,0,0,
0,0,0,4.55025,4.46899,4.24289,0.485171,0.492237,0.428646,0.489882,0.480461,0.473395,0.410982,0.461619,0.499302,0.448666,0.365056,0.336794,0.343859,0.336794,0.329728,0.28969,0.287334,0.287334,0.339149,0.315597,0.219034,0.216678,0.162509,0.214323,0.219034,0.189594,0.169574,0.202547,0.202547,0.195482,0,0,0,0,0,0.398029,0,0,0,0,0,0.419226,0,0,0,0,0,0,0,0,0,0,0,0,0,0,0.186061,0,0.108339,0,
0,0,0,4.59971,5.20852,4.69509,0.341504,0.312064,0.293222,0.268493,0.280269,0.266138,0.282624,0.284979,0.274381,0.204902,0.472218,0.487526,0.47104,0.496947,0.47575,0.456909,0.460442,0.442778,0.468685,0.494592,0.374477,0.340326,0.339149,0.332083,0.312064,0.300288,0.343859,0.343859,0.350925,0.365056,0,0.146022,0,0,0.0577024,0,0,0,0,0,0,0,0,0,0,0,0,0,0,0,0,0,0,0,0,0,0,0.259072,0,0,
0,0,0,4.14397,4.6633,4.93179,0.310886,0.197837,0.336794,0.367411,0.312064,0.273203,0.301466,0.261427,0.28969,0.266138,0,0.473395,0.468685,0.456909,0.485171,0,0.46633,0.459264,0.478106,0.472218,0.414515,0.35799,0.423936,0.409805,0.393318,0.301466,0.402739,0.360346,0.35799,0.346214,0,0,0,0,0,0,0,0,0.821965,0,0,0,0,0,0,0,0,0.40745,0,0,0,0,0,0,0,0,0,0,0,0,
0,0,0,4.39834,3.95909,3.78952,0.35799,0.34857,0.34857,0.310886,0.34857,0.355635,0.325018,0.325018,0.333261,0.317952,0.312064,0.308531,0.304998,0.308531,0.306176,0.277914,0.287334,0.28969,0.303821,0.267315,0.316774,0.296755,0.286157,0.282624,0.263782,0.296755,0.284979,0.261427,0.306176,0.256717,0,0,0,0,0,0,0,0,0.211968,0.146022,0,0.381542,0,0,0,0,0,0,0,0,0,0,0.812544,0,0,0,0,0,0,0,
0,0,0,4.26998,4.50903,3.66116,0.487526,0.435712,0.454554,0.431002,0.320307,0.456909,0.419226,0.456909,0.398029,0.322662,0.310886,0.292045,0.287334,0.288512,0.284979,0.296755,0.273203,0.296755,0.29911,0.2944,0.435712,0.479283,0.423936,0.456909,0.414515,0.456909,0.431002,0.435712,0.431002,0.445133,0,0,0,0,0.71127,0,0,0,0,0,0,0.708915,0,0,0,0,0,0,0,0,0,0,0.423936,0,0,0,0,0,0,0,
0,0,0,4.25231,4.02386,4.46664,0.459264,0.355635,0.426291,0.433357,0.445133,0.459264,0.449843,0.428646,0.438067,0.459264,0.355635,0.252006,0.34857,0.346214,0.379187,0.350925,0.355635,0.381542,0.339149,0.339149,0.261427,0.220211,0.261427,0.256717,0.277914,0.284979,0.292045,0.188416,0.211968,0.228454,0,0,0,0,0,0.609997,0,0,0,0,0,0.23081,0,0,0,0,0,0,0.109517,0,0.414515,0,0,0,0,0,0,0,0,0,
0,0,0,3.5434,4.3689,4.87644,0.428646,0.402739,0.40745,0.41216,0.40745,0.400384,0.41216,0.402739,0.445133,0.306176,0.414515,0.372122,0.379187,0.350925,0.37801,0.376832,0.347392,0.376832,0.376832,0.372122,0.23552,0.190771,0.234342,0.221389,0.08832,0.221389,0.261427,0.186061,0.163686,0,0,0,0,0,0,0.569958,0,0,0,0,0,0,0,0,0,0,0.591155,0,0,0,0,0,0,0,0,0,0,0,0,0,
0,0,0,4.43249,4.30295,4.14986,0.421581,0,0.376832,0.394496,0.41216,0.390963,0.394496,0.405094,0.383898,0.35328,0.336794,0.322662,0.322662,0.296755,0.322662,0.306176,0.325018,0.296755,0.329728,0.310886,0.312064,0.306176,0.29911,0.341504,0.303821,0.310886,0.322662,0.322662,0.325018,0.326195,0,0,0,0.995072,0,0,0,0,0,0,0,0,0,0,0,0,0,0,0,0.356813,0,0,0,0.428646,0,0,0,0,0,0,
0,0,0,4.05448,4.3371,4.41364,0.356813,0.332083,0.356813,0.34857,0.341504,0,0.355635,0.360346,0.360346,0.314419,0.29911,0.241408,0.296755,0.275558,0.28969,0.280269,0.292045,0.254362,0.268493,0.284979,0.447488,0.379187,0.336794,0.388608,0.40745,0.386253,0.373299,0.383898,0.355635,0.369766,0,0.600576,0,0,0,0,0,0,0,0,0,0,0,0.579379,0,0,0,0,0,0,0.110694,0,0.0965632,0,0,0.105984,0.107162,0,0,0,
0,0,0,3.97911,4.55142,4.46899,0.506368,0.489882,0.481638,0.46633,0.468685,0.438067,0.422758,0.420403,0.47104,0.449843,0.325018,0.339149,0.332083,0.329728,0.296755,0.297933,0.310886,0.326195,0.336794,0.2944,0.266138,0.242586,0.247296,0.233165,0.233165,0.296755,0.204902,0.256717,0.162509,0.268493,0,0,0.737178,0,0,0,0,0,0,0,0,0.108339,0,0,0.094208,0.0541696,0,0,0,0.0683008,0,0,0,0,0.631194,0,0,0,0,0,
0,0,0,5.31333,4.24172,5.09312,0.162509,0.167219,0.148378,0.103629,0.126003,0.136602,0.131891,0.144845,0.143667,0.164864,0.26496,0.254362,0.195482,0.209613,0.228454,0.223744,0.21079,0.200192,0.229632,0.233165,0.268493,0.263782,0.256717,0.283802,0.273203,0.268493,0.284979,0.296755,0.266138,0.280269,0,0,0,0,0,0,0,0,0,0,0,0,0,0.456909,0,0,0,0,0,0,0,0,0,0,0,0,0,0,0,0,
0,0,0,4.55378,4.23229,3.78363,0.263782,0.244941,0.261427,0.252006,0.108339,0.23081,0.190771,0.0730112,0.183706,0.215501,0.468685,0.433357,0.463974,0.431002,0.468685,0.41216,0.432179,0.41216,0.447488,0.447488,0.275558,0.237875,0.237875,0.220211,0.270848,0.270848,0.254362,0.249651,0.254362,0.23081,0,0,0,0,0,0,0,0,0,0,0.157798,0,0.0777216,0.11305,0,0,0,0,0,0,0,0,0,0.254362,0.18135,0,0,0,0,0.148378,
0,0,0,3.74006,4.14162,4.47017,0.370944,0.403917,0.386253,0.405094,0.315597,0.390963,0.383898,0.421581,0.386253,0.35799,0.242586,0.473395,0.247296,0.428646,0.428646,0.388608,0.405094,0,0.402739,0.270848,0.334438,0.330906,0.309709,0.246118,0.320307,0.327373,0.277914,0.306176,0.317952,0.301466,0,0.88791,0,0,0,0,0,0,0,0,0,0,0,0,0,0,0,0,0.894976,0,0,0.134246,0,0.141312,0,0,0,0,0,0,
0,0,0,4.02975,4.19226,4.76575,0.489882,0.452198,0.442778,0.334438,0.468685,0.461619,0.452198,0.447488,0.438067,0.440422,0.425114,0.400384,0.409805,0.414515,0.400384,0.419226,0.440422,0.388608,0.447488,0.453376,0.536986,0.513434,0.463974,0.496947,0.518144,0.532275,0.526387,0.555827,0.522854,0.405094,0,0,0.17664,0.221389,0,0,0,0.183706,0.166042,0,0,0,0,0,0,0,0,0,1.07515,0,0,0,0,0,0,0,0,0,0,0,
0,0,0,4.31944,3.51631,4.50903,0.341504,0,0.35328,0.190771,0.209613,0.356813,0.178995,0.332083,0.203725,0.293222,0.41216,0.284979,0.390963,0.390963,0.398029,0.354458,0.362701,0.356813,0.40745,0.376832,0.277914,0.174285,0.242586,0.247296,0.233165,0.182528,0.247296,0.246118,0.237875,0.209613,0,0,0,0,0,0,0,0,0,0.47104,0,0,0,0,0.332083,0,0,0,0,0.443955,0,0,0,0,0,0,0,0.309709,0,0,
0,0,0,4.48666,3.91788,3.97911,0.414515,0.390963,0.395674,0.38272,0.376832,0.390963,0.367411,0.367411,0.390963,0.386253,0.301466,0.303821,0,0.303821,0.275558,0.306176,0.257894,0.301466,0,0.314419,0.307354,0.287334,0.282624,0.234342,0.252006,0.270848,0.261427,0.273203,0.280269,0.270848,0,0.257894,0,0,0,0,0,0,0,0,0,0.545229,0,0,0,0,0,0,0,0,0,0,0,0,0,0,0,0.511078,0,0,
0,0,0,3.26548,4.73277,4.32297,0.29911,0.282624,0.221389,0.287334,0.28969,0.270848,0.376832,0.219034,0.263782,0.274381,0.336794,0.28969,0.317952,0.332083,0.29911,0.315597,0.320307,0.322662,0.332083,0.317952,0.20608,0.17193,0.146022,0.0635904,0.143667,0.148378,0.169574,0.174285,0.184883,0.109517,0,0,0,0,0,0,0.692429,0,0,0,0.070656,0,0.0659456,0,0,0,0,0.0965632,0,0,0,0.177818,0,0,0,0,0,0,0,0,
0,0,0,4.07214,4.16164,4.31708,0.268493,0.26025,0.263782,0.268493,0.266138,0.282624,0.24023,0.228454,0.226099,0.204902,0.237875,0.231987,0.268493,0.270848,0.226099,0.216678,0.209613,0.223744,0.228454,0.223744,0.327373,0.329728,0.327373,0.341504,0.26967,0.341504,0.321485,0.308531,0.315597,0.292045,0,0,0.18135,0.188416,0.11305,0,0,0,0,0,0,0,0,0,0,0,0,0,0,0.718336,0,0.383898,0,0,0,0,0,0,0,0,
0,0,0,4.32532,4.45957,5.14376,0.169574,0.167219,0.167219,0.164864,0.21079,0.160154,0.0836096,0.162509,0.17193,0.178995,0.432179,0.398029,0.402739,0.379187,0.41687,0.386253,0.40745,0.447488,0.409805,0.41216,0.58409,0.541696,0,0.53463,0.53463,0.501658,0.536986,0.469862,0.478106,0.515789,0,0,0,0,0.4416,0,0,0,0,0,0,0,0.494592,0,0,0,0,0,0,0,0,0,0,0,0,0,0,0,0,0,
0,0,0,3.04881,3.8484,4.60206,0.233165,0.221389,0.219034,0.217856,0.204902,0.211968,0.216678,0.228454,0.242586,0.219034,0.309709,0.29911,0.301466,0,0.287334,0.301466,0.303821,0.28969,0.301466,0,0.211968,0.216678,0.211968,0,0.23081,0.138957,0.153088,0.155443,0.170752,0.168397,0,0.847872,0,0,0,0,0,0,0,0,0.578202,0,0,0,0,0,0,0,0,0,0,0,0,0,0,0.515789,0,0,0,0,
0,0,0,4.11218,5.09901,5.13551,0.296755,0.303821,0.216678,0.304998,0.284979,0.280269,0.28969,0.301466,0.296755,0,0.244941,0.229632,0.246118,0.247296,0.146022,0.126003,0.190771,0.180173,0.204902,0.226099,0.329728,0.223744,0.303821,0.315597,0.29911,0.28969,0.313242,0.284979,0.190771,0.310886,0.609997,0,0,0,0,0,0,0,0,0,0,0,0,0,0,0,0,0,0,0,0,0,0,0,0,0,0,0,0,0,
0,0,0,4.78341,3.79894,4.53258,0.26025,0.2944,0.287334,0.20137,0.287334,0.284979,0.293222,0.244941,0.279091,0.282624,0.502835,0.489882,0.518144,0.492237,0.496947,0.508723,0.492237,0.501658,0.520499,0.473395,0.367411,0.336794,0.372122,0.367411,0.341504,0.332083,0.339149,0.350925,0.336794,0.308531,0,0,0.178995,0,0,0.155443,0,0,0,0,0,0,0,0,0.655923,0,0,0,0,0,0,0,0,0,0,0.579379,0,0,0,0,
0,0,0,4.58086,4.24643,4.54554,0.385075,0.408627,0.409805,0.414515,0.389786,0.383898,0.400384,0.414515,0.41216,0.41216,0.195482,0.190771,0.15191,0.0894976,0.189594,0.186061,0.186061,0.148378,0.183706,0.195482,0.381542,0.29911,0.29911,0.320307,0.310886,0.340326,0.34857,0.35328,0.315597,0.315597,0,0,0,0.447488,0,0,0,0,0,0,0,0.275558,0,0,0,0,0,0,0,0.21079,0,0,0.140134,0,0,0,0,0,0,0,
0,0,0,4.46899,3.74595,4.46075,0.375654,0.35328,0.381542,0.352102,0.35328,0.327373,0.244941,0.336794,0.343859,0.34857,0.420403,0.40745,0.414515,0.402739,0.419226,0.400384,0.372122,0.435712,0.419226,0.310886,0.302643,0.284979,0.23552,0.219034,0.24023,0.233165,0.254362,0.263782,0.244941,0.261427,0,0,0,0,0,0,0,0,0.714803,0,0,0.679475,0,0,0,0,0,0,0,0,0.160154,0,0,0.190771,0,0,0,0,0.178995,0,
0,0,0,4.45957,4.24525,4.13926,0.0894976,0.148378,0.155443,0.12247,0.162509,0.140134,0.100096,0.186061,0.197837,0.115405,0.536986,0.496947,0.536986,0.528742,0.52521,0.496947,0.536986,0.489882,0.506368,0.508723,0.277914,0.197837,0.199014,0.244941,0.244941,0.273203,0.273203,0.247296,0.24023,0.268493,0,0,0.252006,0,0,0,0,0,0,0,0,0,0.216678,0,0,0,0.134246,0.178995,0,0,0,0,0.148378,0,0,0,0,0.157798,0.17664,0,
0,0,0,4.29471,3.37853,3.88961,0.23552,0.247296,0.228454,0.17193,0.115405,0.0918528,0.0777216,0.197837,0.188416,0.164864,0.379187,0.327373,0.339149,0.327373,0.29911,0.292045,0.308531,0.296755,0.325018,0.330906,0.287334,0.277914,0,0.284979,0.15191,0.296755,0.292045,0.239053,0.263782,0.277914,0.774861,0,0,0,0,0,0,0,0,0,0,0,0.754842,0,0,0,0,0,0,0,0,0,0,0,0,0,0,0,0.94208,0,
0,0,0,4.14751,4.29,4.2111,0.334438,0.325018,0.313242,0.374477,0.29911,0.343859,0.376832,0.334438,0.290867,0.302643,0.301466,0.301466,0.273203,0.286157,0.303821,0.292045,0.280269,0.308531,0.336794,0.284979,0.532275,0.485171,0.492237,0,0.482816,0,0.499302,0.480461,0.508723,0.463974,0,0.746598,0,0,0,0,0,0,0,0,0,0,0,0,0,0.486349,0,0,0,0,0,0.504013,0,0,0,0,0,0,0,0,
0,0,0,3.99089,4.12396,3.5434,0.320307,0.332083,0.308531,0.273203,0.310886,0.301466,0.308531,0.308531,0.327373,0.2944,0.317952,0.327373,0.20608,0.222566,0.315597,0.332083,0.302643,0.322662,0.302643,0.308531,0.28969,0.292045,0.273203,0.29911,0.292045,0.221389,0.310886,0.241408,0.211968,0.244941,0,0,0,0.301466,0.233165,0,0,0,0,0,0,0,0.527565,0,0,0,0,0,0,0,0,0,0,0,0,0.551117,0,0,0,0,
0,0,0,4.53023,4.19226,4.55613,0.261427,0.221389,0.242586,0.228454,0.224922,0.209613,0.204902,0.202547,0.209613,0.207258,0.320307,0.302643,0.268493,0.313242,0.301466,0.308531,0.334438,0.325018,0.334438,0.34857,0.494592,0.439245,0.468685,0.447488,0.440422,0.435712,0.329728,0.433357,0.465152,0.440422,0,0,0,0.339149,0,0,0.254362,0,0,0,0,0,0,0,0,0,0,0,0.99625,0,0,0,0,0,0,0,0.266138,0.114227,0,0,
0,0,0,3.9638,4.19108,3.86488,0.456909,0.423936,0.43689,0.421581,0.438067,0.396851,0.41216,0.379187,0.41687,0.41687,0.202547,0.178995,0.175462,0.183706,0.178995,0.166042,0.193126,0.169574,0.138957,0.18135,0.259072,0.223744,0.157798,0.254362,0.223744,0.216678,0.242586,0.219034,0.23081,0.161331,0,0.567603,0,0,0,0,0,0,0,0,0,0,0,0,0,0.633549,0,0,0,0,0,0,0,0.661811,0,0,0,0,0,0,
0,0,0,4.60559,4.13102,4.28764,0.310886,0.282624,0.277914,0.275558,0.303821,0.2944,0.270848,0.293222,0.315597,0.288512,0.284979,0.390963,0.396851,0.350925,0.355635,0.322662,0.334438,0.325018,0.350925,0.372122,0.280269,0.256717,0.247296,0.275558,0.227277,0.237875,0.216678,0.214323,0.242586,0.23552,0,0,0,0,0,0,0.361523,0,0,0,0,0,0,0,0,0,0,0,0,0.615885,0.209613,0.155443,0,0,0,0,0,0,0,0,
0,0,0,4.21228,4.53965,5.11667,0.161331,0.174285,0.248474,0.277914,0.28969,0,0.277914,0.308531,0.301466,0.317952,0.379187,0.350925,0.341504,0.332083,0.355635,0.317952,0.35328,0.320307,0.341504,0.365056,0.405094,0.355635,0.270848,0.367411,0.300288,0.35799,0.341504,0.34857,0.329728,0.350925,0,0,0,0,0.146022,0,0,0,0,0,0,0,0,0,0,0,0,0,0.600576,0,0,0,0,0,0,0,0,0,0,0,
0,0,0,4.56673,4.58911,4.42424,0.355635,0.34857,0.313242,0.301466,0.320307,0.313242,0.300288,0.308531,0.168397,0,0.35328,0.433357,0.425114,0.40745,0.361523,0.388608,0.409805,0.415693,0.421581,0.440422,0.346214,0.456909,0.423936,0.438067,0.47575,0.415693,0.449843,0.426291,0.432179,0.334438,0,0,0,0,0,0,0,0,0,0,0,0.162509,0,0,0.194304,0,0.104806,0,0,0,0,0,0.143667,0,0.0965632,0,0.0518144,0,0.0659456,0,
0,0,0,4.46899,4.21463,3.35027,0.47575,0.44631,0.423936,0.405094,0.431002,0.372122,0.390963,0.41687,0.41216,0.390963,0.383898,0.334438,0.273203,0.34857,0.34857,0.270848,0.341504,0.315597,0.383898,0.343859,0.521677,0.485171,0.350925,0.341504,0.461619,0.511078,0.350925,0.496947,0.47104,0.473395,0.608819,0,0,0,0,0,0,0,0,0,0.322662,0,0,0,0,0,0,0,0,0,0,0,0,0.708915,0,0,0,0,0,0,
0,0,0,4.40305,4.09923,3.68471,0.332083,0.313242,0.2944,0.301466,0.2944,0.341504,0.326195,0.29911,0.256717,0.247296,0.216678,0.223744,0.277914,0.263782,0.256717,0.254362,0.261427,0.23081,0.261427,0.221389,0.266138,0.244941,0.221389,0.211968,0.231987,0.228454,0.223744,0.231987,0.214323,0.219034,0,0,0,0.673587,0,0,0,0,0,0,0,0,0,0,0,0,0,0.621773,0,0,0,0,0,0,0,0,0.654746,0,0,0,
0,0,0,4.09923,3.5799,4.47135,0.34857,0.327373,0.442778,0.339149,0.325018,0.413338,0.421581,0.379187,0.419226,0.440422,0.35328,0.325018,0.322662,0.313242,0.216678,0.273203,0.320307,0.273203,0.325018,0.292045,0.367411,0.327373,0.241408,0.259072,0.334438,0.270848,0.346214,0.306176,0.312064,0.28969,0,0,0,0.581734,0,0,0,0,0,0,0,0,0,0,0,0,0.409805,0,0,0.268493,0.513434,0,0,0,0,0,0,0,0,0,
0,0,0,4.27822,5.026,3.7954,0.134246,0.183706,0.110694,0.143667,0.162509,0.164864,0.169574,0.169574,0.183706,0.174285,0.313242,0.313242,0.322662,0.31913,0.306176,0.2944,0.28969,0.270848,0.267315,0.287334,0.379187,0.369766,0.372122,0.35799,0.326195,0,0.34857,0.350925,0.309709,0.35328,0,0.628838,0,0,0,0,0,0,0,0,0,0,0,0,0,0,0,0,0,0,0,0,0.586445,0,0,0,0,0,0,0,
0,0,0,4.29235,3.95674,4.15928,0.459264,0.421581,0.423936,0.313242,0.395674,0.40745,0.388608,0.394496,0.405094,0.414515,0.303821,0.261427,0.296755,0.274381,0.226099,0.219034,0.23552,0.243763,0.280269,0.228454,0.438067,0.41216,0.419226,0.427469,0.398029,0.398029,0.414515,0.409805,0.301466,0.315597,0,0,0,0,0,0,0,0,0,0,0,0.161331,0,0.273203,0,0,0,0,0,0,0,0,0,0,0.631194,0,0,0,0,0,
0,0,0,5.04837,4.49843,4.57969,0.287334,0.263782,0.237875,0.244941,0.244941,0.252006,0.204902,0.256717,0.229632,0.209613,0.445133,0,0.433357,0.395674,0.329728,0.409805,0.418048,0.400384,0.445133,0.425114,0.114227,0.197837,0.174285,0.195482,0.144845,0.162509,0.188416,0.183706,0.167219,0.138957,0,0,0,0,0,0,0,0,0,0,0,0,0.528742,0,0,0,0,0,0,0,0,0,0.186061,0,0,0.155443,0,0,0,0,
0,0,0,4.40658,4.37361,3.88844,0.246118,0.369766,0.362701,0.367411,0.327373,0.35799,0.315597,0.336794,0.313242,0.266138,0.40745,0.346214,0.388608,0.400384,0.414515,0.372122,0.381542,0.345037,0.374477,0.393318,0.47575,0.423936,0.447488,0.472218,0.426291,0.435712,0.47104,0.350925,0.386253,0.313242,0,0,0,0,0.216678,0,0,0.266138,0,0,0,0,0.242586,0,0,0,0,0,0,0.23552,0,0,0,0,0,0,0,0.621773,0,0,
0,0,0,4.09098,3.67176,4.5844,0.539341,0.459264,0.518144,0.492237,0.522854,0.494592,0.473395,0.511078,0.509901,0.492237,0.131891,0.127181,0.0847872,0.0871424,0.0894976,0.0965632,0.115405,0.120115,0.0612352,0.11776,0.423936,0.383898,0.380365,0.419226,0.386253,0.394496,0.431002,0.369766,0.315597,0.438067,0,0,0,0,0,0,0,0,1.1305,0,0,0,0,0.136602,0.108339,0,0,0.167219,0,0,0,0,0.127181,0.138957,0,0,0,0,0,0,
0,0,0,4.53965,4.37007,4.04388,0.193126,0.160154,0.167219,0.195482,0.209613,0.100096,0.190771,0.207258,0.195482,0.207258,0.270848,0.301466,0.273203,0.282624,0.23081,0.247296,0.23081,0.211968,0.282624,0.282624,0.425114,0.459264,0.445133,0,0.431002,0.421581,0.398029,0.402739,0.41216,0.41216,0,0,0,0.459264,0,0,0,0,0,0,0,0,0,0.620595,0,0,0,0,0,0,0,0.0847872,0,0.124826,0,0,0.082432,0.11305,0.0800768,0,
0,0,0,3.7954,4.33828,3.78834,0.350925,0.340326,0.309709,0.261427,0.343859,0.325018,0.313242,0.308531,0.317952,0.334438,0.262605,0.280269,0.292045,0.256717,0.266138,0.256717,0.268493,0.242586,0.254362,0.266138,0.292045,0.214323,0.207258,0.195482,0.249651,0.209613,0.233165,0.138957,0.170752,0.223744,0,0,0,0,0,0,0,0,0.509901,0,0,0,0,0,0.725402,0,0,0,0,0,0,0,0,0,0,0.773683,0,0,0,0,
0,0,0,3.99677,4.55613,3.80483,0.388608,0.383898,0.356813,0.337971,0.341504,0.266138,0.310886,0.322662,0.334438,0.334438,0.256717,0.236698,0.223744,0.233165,0.221389,0.226099,0.226099,0.23552,0.270848,0.228454,0.261427,0.226099,0.162509,0.233165,0.221389,0.242586,0.237875,0.207258,0.214323,0.204902,0,0,0.23552,0,0,0.153088,0,0,0,0,0,0,0,0,0,0,0.126003,0,0.148378,0,0,0,0,0,0,0.612352,0,0,0,0,
0,0,0,4.51492,4.75397,4.62915,0.383898,0.395674,0.393318,0.390963,0.379187,0.372122,0.355635,0.284979,0.374477,0.334438,0.501658,0.442778,0.44631,0.47575,0.449843,0.447488,0.442778,0.423936,0.459264,0.442778,0.287334,0.337971,0.309709,0.334438,0.327373,0.322662,0.329728,0.228454,0.303821,0.317952,0,0,0,0,0,0,0,0,0,0.360346,0,0,0.253184,0,0.223744,0,0,0,0,0,0,0,0,0,0,0,0,0,0.28969,0,
0,0,0,4.57733,4.42895,4.16988,0.219034,0.197837,0.137779,0.169574,0.214323,0.233165,0.202547,0.24023,0.222566,0.23552,0.365056,0.325018,0.341504,0.29911,0.340326,0.34857,0.350925,0.336794,0.386253,0.388608,0.277914,0.35799,0.383898,0.362701,0.241408,0.244941,0.268493,0.402739,0.379187,0.383898,0.150733,0,0,0,0.126003,0,0.155443,0,0,0,0,0,0,0,0,0,0,0,0,0,0.744243,0,0,0,0,0,0,0,0,0,
0,0,0,4.29117,3.55282,4.06861,0.320307,0.310886,0.303821,0.236698,0.320307,0.279091,0.301466,0.259072,0.263782,0.268493,0.339149,0.53463,0.508723,0.320307,0.46633,0.454554,0.400384,0.423936,0.481638,0.504013,0.341504,0.329728,0.336794,0.327373,0.308531,0.295578,0.29911,0.301466,0.167219,0.282624,0,0.0894976,0,0.162509,0,0,0.082432,0,0,0.135424,0.356813,0,0,0.301466,0,0,0.204902,0.242586,0,0,0,0,0,0,0,0,0,0,0.431002,0,
0,0,0,4.93297,4.5055,4.50785,0.188416,0.0871424,0.110694,0,0.127181,0,0.136602,0.131891,0.146022,0.148378,0.141312,0,0.141312,0.160154,0.124826,0.183706,0.168397,0.18135,0.17664,0.0871424,0.308531,0.204902,0.233165,0.310886,0.292045,0.292045,0.301466,0.280269,0.317952,0.301466,0,0,0,0.0836096,0,0,0.124826,0,0,0,0,0,0.640614,0,0,0,0,0,0,0,0,0,0,0,0.120115,0,0,0,0.24023,0,
0,0,0,3.09709,4.1004,4.07214,0.379187,0.355635,0.350925,0.372122,0.315597,0.360346,0.388608,0.346214,0.367411,0.354458,0.18135,0.143667,0.183706,0.105984,0.155443,0.186061,0.18135,0.190771,0.21079,0.160154,0.394496,0,0.442778,0.306176,0.2944,0.445133,0.282624,0.284979,0.274381,0.426291,0.233165,0,0,0,0.270848,0,0,0,0,0,0,0,0,0,0.704205,0,0,0,0,0,0,0,0,0,0.951501,0,0,0,0,0,
0,0,0,3.78363,4.4631,4.11336,0.376832,0.459264,0.428646,0.433357,0.406272,0.409805,0.41687,0.395674,0.419226,0.41687,0.421581,0.447488,0.46633,0.41687,0.419226,0.451021,0.440422,0.426291,0.489882,0.452198,0.381542,0.369766,0.35328,0.321485,0.341504,0,0.350925,0.362701,0.339149,0.346214,0,0,0,0,0,0.807834,0,0,0,0,0,0,0,0,0.553472,0,0,0,0,0,0,0,0.343859,0,0,0,0,0,0.209613,0,
0,0,0,4.3948,4.70687,2.35873,0.46633,0.453376,0.388608,0.23081,0.390963,0.379187,0.419226,0.426291,0.431002,0.268493,0.284979,0.283802,0.300288,0.310886,0.317952,0.327373,0.317952,0.292045,0.376832,0.287334,0.479283,0.567603,0.52992,0.443955,0.467507,0.536986,0.53463,0.511078,0.553472,0.507546,0.237875,0,0,0,0,0,0.312064,0,0,0,0,0,0,0.162509,0,0,0,0.0871424,0.105984,0,0,0,0,0,0,0,0,0,0.0953856,0.0989184,
0,0,0,3.42093,4.84111,4.38067,0.367411,0.350925,0.32384,0.339149,0.35328,0.355635,0.320307,0.320307,0.343859,0.334438,0.244941,0.224922,0.239053,0.23081,0.228454,0.094208,0.0906752,0.267315,0.296755,0,0.346214,0.35328,0.341504,0.360346,0.320307,0.317952,0.310886,0.23081,0.336794,0.315597,0,0,0,0,0,0,0,0,0,0.784282,0,0,0,0,0,0.17664,0,0,0,0.121293,0,0,0,0,0.374477,0,0,0,0,0,
0,0,0,4.28411,4.02739,4.98125,0.327373,0.329728,0.34857,0.297933,0.350925,0.365056,0.343859,0.310886,0.315597,0.29911,0.372122,0.296755,0.34857,0.307354,0.332083,0.301466,0.325018,0.306176,0.343859,0.29911,0.442778,0.421581,0.449843,0.445133,0.428646,0.40745,0.425114,0.400384,0.428646,0.40745,0,0,0.651213,0,0,0,0,0,0,0,0,0.460442,0,0,0,0,0,0,0,0,0,0,0,0,0,0,0,0,0,0,
0,0,0,3.64349,4.42424,4.04035,0.257894,0.28969,0.268493,0.282624,0.308531,0.204902,0.275558,0.24023,0.273203,0.268493,0.402739,0.398029,0.390963,0.368589,0.374477,0,0.325018,0.263782,0.381542,0.388608,0.275558,0.242586,0.242586,0.252006,0.244941,0.23552,0.166042,0.23081,0.207258,0.23552,0,0,0,1.02922,0,0,0,0,0,0,0,0.569958,0,0,0,0,0,0,0,0,0,0,0.131891,0.115405,0,0,0,0,0.103629,0,
0,0,0,5.40636,4.31002,4.32179,0.242586,0.228454,0.233165,0.24023,0.254362,0.254362,0.187238,0.211968,0.216678,0.216678,0.287334,0.275558,0.257894,0.221389,0.249651,0.244941,0.256717,0.211968,0.280269,0.259072,0.480461,0.35328,0.447488,0.459264,0.346214,0.449843,0.463974,0.442778,0.461619,0.47104,0,0,0,0,0,0,0,0,0,0,0,0,0,0,0,0,0,0.664166,0,0,0,0,0,0.763085,0,0,0,0,0,0,
0,0,0,4.70216,4.61737,5.38163,0.58409,0.53463,0.419226,0.540518,0.53463,0.553472,0.414515,0.522854,0.532275,0.539341,0.276736,0.268493,0.280269,0.292045,0.257894,0.249651,0.209613,0.270848,0.301466,0.29911,0.284979,0.280269,0.315597,0.274381,0.244941,0.256717,0.277914,0.270848,0.270848,0.24023,0,0,0.295578,0,0,0,0,0,0,0,0,0,0,0,0,0,0,0,0,0,0,0,0,0,0,0,0,0,0,0,
0,0,0,4.04977,4.17812,4.0745,0.395674,0.332083,0.332083,0.347392,0.287334,0.355635,0.372122,0.381542,0.315597,0.342682,0.343859,0.325018,0.346214,0.322662,0.308531,0.339149,0.315597,0.263782,0.360346,0.365056,0.325018,0.306176,0.2944,0.306176,0.270848,0.261427,0.303821,0.284979,0.303821,0.287334,0,0,0,0,0.664166,0,0,0,0,0,0,0,1.00803,0,0,0,0,0,0,0,0.939725,0,0,0,0,0,0,0,0,0,
0,0,0,4.49608,4.82345,4.20168,0.454554,0.445133,0.32384,0.47575,0.454554,0.41687,0.463974,0.421581,0.413338,0.390963,0.29911,0.2944,0.322662,0.296755,0.259072,0.270848,0.254362,0.268493,0.202547,0.280269,0.346214,0.303821,0.317952,0.213146,0.214323,0.303821,0.315597,0.216678,0.313242,0.257894,0,0,0,0.369766,0,0,0,0,0,0,0.162509,0,0,0,0,0,0,0,0.0965632,0,0,0,0,0,0,0,0,0.389786,0,0,
0,0,0,4.21816,4.16046,3.49158,0.26967,0.23552,0.261427,0.259072,0.228454,0.273203,0.233165,0.263782,0.247296,0.219034,0.426291,0.398029,0.386253,0.40745,0.426291,0.419226,0.405094,0.321485,0.431002,0.426291,0.273203,0.280269,0.143667,0.182528,0.17664,0.223744,0.247296,0.24023,0.221389,0.129536,0,0,0,0,0.522854,0,0,0,0,0,0,0,0,0,0,0.134246,0,0.174285,0,0,0,0,0.982118,0,0,0,0,0,0,0,
0,0,0,4.39598,4.53376,4.31119,0.452198,0.308531,0.297933,0.369766,0.435712,0.421581,0.463974,0.426291,0.414515,0.438067,0.157798,0.24023,0.23081,0.207258,0.216678,0.233165,0.214323,0.21079,0.221389,0.209613,0.167219,0.14249,0.164864,0,0.17664,0.133069,0.190771,0.219034,0.0918528,0.211968,0,0,0,0,0.920883,0,0,0,0,0,0,0,0,0.290867,0,0,0,0,0,0,0,0,0,0,0,0,0.624128,0,0,0,
0,0,0,4.22641,4.28882,4.05565,0.426291,0.383898,0.41687,0.398029,0.390963,0.400384,0.359168,0.386253,0.393318,0.376832,0.320307,0.277914,0.308531,0.306176,0.306176,0.302643,0.322662,0.308531,0.315597,0.308531,0.362701,0.362701,0.350925,0.383898,0.369766,0.336794,0.35799,0.365056,0.339149,0.303821,0,0,0,0,0.53463,0,0,0,0,0,0,0,0,0,0,0,0.463974,0,0,0,0,0,0.435712,0.249651,0,0,0,0,0,0,
0,0,0,4.60559,4.14986,4.18048,0.405094,0.343859,0.315597,0.317952,0.2944,0.288512,0.2944,0.296755,0.297933,0.306176,0.41216,0.35799,0.247296,0.336794,0.334438,0.320307,0.317952,0.332083,0.346214,0.352102,0.103629,0.0965632,0.108339,0.110694,0.11776,0.120115,0.127181,0.0600576,0.0777216,0.0694784,0.134246,0,0,0.138957,0,0.052992,0,0,0,0,0,0,0,0,0,0,0.217856,0,0.207258,0,0,0.0494592,0,0.0518144,0,0.0753664,0,0.0506368,0.0777216,0,
0,0,0,4.66801,4.34534,4.10158,0.419226,0.40745,0.393318,0.400384,0.402739,0.415693,0.383898,0.360346,0.372122,0.374477,0.135424,0.274381,0.29911,0.227277,0.180173,0.259072,0.20608,0.233165,0.252006,0.252006,0.421581,0.365056,0.383898,0.325018,0.355635,0.374477,0.379187,0.379187,0.35799,0.379187,0,0,0,0,0,0,0,0,0,0,0,0,0,0,0,0,0,0.334438,0,0,0,0,0,0,0,0.64297,0,0,0,0,
0,0,0,4.53494,4.27587,3.32672,0.499302,0.461619,0.303821,0.473395,0,0.423936,0.445133,0.303821,0.322662,0.321485,0.390963,0.336794,0.270848,0.310886,0.339149,0.296755,0.313242,0.29911,0.35799,0.341504,0.0730112,0.0624128,0,0.0659456,0,0.0683008,0.0683008,0.047104,0.0683008,0.0635904,0,0.724224,0,0,0,0,0,0,0,0,0,0,0,0,0,0,0,0,0.536986,0,0,0,0,0,0,0,0.321485,0,0,0.214323,
0,0,0,3.08531,4.56084,4.03328,0.320307,0.332083,0.308531,0.350925,0.34857,0.327373,0.322662,0.339149,0.320307,0.295578,0.512256,0.504013,0.494592,0.485171,0.489882,0.504013,0.489882,0.496947,0.402739,0.518144,0.0989184,0.164864,0.118938,0.12247,0.17193,0.103629,0.203725,0.190771,0.146022,0.138957,0,0.214323,0,0.199014,0,0.153088,0,0,0.120115,0,0,0,0,0,0,0,0,0,0,0,0,0,0,0,0,0,0,0,0.433357,0,
0,0,0,4.28058,4.14633,4.86938,0.478106,0.41687,0.423936,0.440422,0.362701,0.449843,0.419226,0.440422,0.4416,0.426291,0.234342,0.317952,0.28969,0.308531,0.310886,0.26025,0.279091,0.254362,0.277914,0.303821,0.146022,0.11305,0.11776,0.102451,0.0365056,0.150733,0.134246,0.148378,0.161331,0.150733,0,0,0,0,0.355635,0.395674,0,0,0,0,0,0,0,0,0,0,0.640614,0,0,0,0,0.194304,0,0,0,0,0.178995,0,0,0,
0,0,0,5.10136,4.29588,4.46075,0.322662,0.292045,0.287334,0.237875,0.295578,0.313242,0.207258,0.277914,0.282624,0.259072,0.292045,0.423936,0.32855,0.414515,0.405094,0.366234,0.350925,0.34857,0.367411,0.368589,0.300288,0.293222,0.282624,0.287334,0.296755,0.2944,0.261427,0.244941,0.268493,0.286157,0,0,0,0,0,0,0,0,0,0,0,0.242586,0,0,0,0.136602,0,0,0,0.14249,0.121293,0.129536,0,0,0,0,0,0.0953856,0,0,
0,0,0,4.90117,4.12984,4.2582,0.393318,0.337971,0.282624,0.268493,0.325018,0.35328,0.336794,0.352102,0.282624,0.327373,0.372122,0.374477,0.336794,0.350925,0.322662,0.28969,0.325018,0.329728,0.34857,0.343859,0.274381,0.296755,0.301466,0,0,0.237875,0.259072,0.24023,0.222566,0.221389,0.17664,0,0,0,0,0,0,0,0,0,0.854938,0,0,0,0,0,0,0,0,0,0,0,0,0,0,0.522854,0,0,0,0,
0,0,0,30.1277,40.1279,29.135,2.0137,2.01605,1.89829,2.92634,1.93833,1.8453,1.70988,2.88983,3.00759,2.94989,2.27983,2.32694,2.33636,2.37051,2.39053,2.15972,2.38817,2.39288,2.37993,2.4447,2.81211,2.78267,2.78856,2.7497,2.73321,2.72614,2.73674,2.71908,2.74499,2.79209,1.42254,0,0,0,0,1.70634,0,0,0,1.54501,0.756019,0,0.893798,0,0,0.764262,0,0,0,1.06691,0,0,0,0,3.51396,0,0,0,0,0,
0,0,0,35.9557,33.4886,39.3978,2.9758,0,2.92751,2.89572,0,2.92987,3.00877,2.8545,2.96755,2.92516,1.79937,1.28358,1.34717,1.79348,1.37544,1.91478,1.97012,1.88063,2.01134,1.7982,2.55421,2.51771,2.58954,2.55421,2.55657,2.51889,2.4812,2.59779,2.47649,2.50004,1.88298,0,0,0,0,0,0,0,2.19976,0,0,0,0,0,3.10651,0,0,2.62369,0,0,0,0.866714,0.712448,0.866714,0.913818,0.598221,0,0.565248,0.41687,0.402739,
0,0,0,38.2131,38.1319,40.5342,2.52006,2.4706,2.39524,2.55892,2.51889,2.56717,2.51182,2.55304,2.56128,2.47649,2.63782,2.6178,2.48238,2.61545,2.68257,2.02076,2.07375,2.54244,2.63665,2.60956,1.18113,1.37897,1.13756,1.44845,0.944435,1.50851,0.640614,1.57092,1.48966,1.32127,0,0,1.31302,0,2.06551,0,1.89123,0,0,0,2.64842,2.51889,0,1.34953,0,0,0,0,0,0,0,0,0,0,0,0,0,2.48591,2.98522,0,
0,0,0,44.5333,32.9492,32.7773,2.20447,2.29985,2.30927,2.21271,1.84177,2.3658,2.19387,2.15148,2.32223,2.28337,2.48945,2.47885,2.4129,2.42703,2.45765,2.43999,2.38346,2.30574,2.42468,2.5236,2.25039,2.34696,2.35873,2.38228,2.24451,1.8559,2.29279,2.17974,2.18563,2.25628,0.805478,0.674765,0,0,0.675942,0,0,0.723046,0,0,0,0,0.932659,1.57445,0,0,0,0,1.92891,0,0,0,0,0,0.463974,1.66513,0,0.958566,0.873779,1.12579,
0,0,0,32.6996,39.0174,33.8748,2.09731,1.91596,2.03136,2.05373,2.00074,1.93833,2.01487,2.0608,1.76169,2.04785,2.9546,2.90396,2.86275,2.88983,2.92163,2.87688,2.84626,2.33871,2.88394,2.94282,2.87099,2.85097,2.80975,2.83331,2.78385,2.78149,2.35991,2.87334,2.72143,2.8074,1.90889,0,0,0,1.59212,0,0.520499,1.07162,0,0,0,0,0.870246,1.1199,0.73129,1.17171,0,0,0.884378,0.713626,0,0,1.46729,0,1.32244,2.08317,0,0,0,0,
0,0,0,38.0906,32.6784,33.5592,2.48003,2.5601,2.46354,2.42468,2.48003,2.48474,2.51182,2.47767,2.40937,2.47532,2.27748,2.31045,2.25393,2.27866,2.3446,2.34696,2.21742,2.31281,2.19858,0,2.52006,2.06433,2.47532,2.49887,2.06551,2.41879,2.52713,2.50358,2.48827,2.58483,0,2.50004,0,1.31773,0,0,0,1.46022,0,0,1.13167,0.587622,0,1.29183,0.959744,0,0,0,0,0.703027,0,0,1.54266,1.66277,0,1.33775,1.72754,0,0,0,
0,0,0,33.803,26.5879,39.4013,2.50476,2.48591,2.39877,1.9819,2.45647,2.42821,2.4341,2.44941,2.46236,2.41172,2.70848,2.61663,2.66844,2.64724,2.68728,2.19622,2.69082,2.65431,2.71908,2.65902,2.12792,2.1503,2.70024,2.6967,2.70141,2.64842,2.64489,2.66844,2.71319,2.62252,0,0,0,0,0,0,1.97248,0,1.5509,1.651,1.40841,0,1.20704,0,0,0,0,0,0,1.46729,0,0.771328,0.746598,0.604109,0,1.31891,0,0,1.1458,0,
0,0,0,28.6793,26.5796,32.3522,2.27748,2.23037,1.98308,2.12321,2.16325,2.06198,2.1185,2.11261,2.25039,2.22802,2.88983,2.8969,2.76265,0,2.85921,2.92751,2.89807,2.85804,2.87452,2.88983,2.70495,2.71084,2.54597,2.63782,2.6708,2.70377,2.15619,2.66255,2.68375,2.62958,0,0,0,0,0,2.12439,1.85001,0,0,2.34813,0,1.57681,0,0,1.53206,0,1.0198,0,1.17524,0,0.699494,1.04806,0,0,1.50733,1.08928,0,0,0,0.882022,
0,0,0,32.5194,40.9263,32.5206,1.78642,1.76404,1.85943,1.83706,1.84294,1.84412,1.75698,1.84177,1.91831,2.03489,0,2.78267,2.65313,2.75794,2.78267,2.84508,2.2292,2.15501,2.82977,2.77325,2.57541,2.5342,2.59896,2.62958,2.60956,2.67668,2.57659,2.63665,2.68022,2.61545,0,0,0.754842,0,0,0.85376,0.862003,0.923238,0,0.884378,0.62295,0.694784,0.632371,0.74071,0,0,0,0.601754,0,0.402739,0,0,1.00567,0,0.91735,0,0.513434,0.984474,0.608819,0,
0,0,0,32.835,39.0539,32.3098,2.77089,2.83095,2.79916,2.81329,2.72968,2.84744,2.75205,2.76265,2.77914,2.77443,2.55892,2.52242,2.43528,2.44941,2.45059,2.48945,2.44234,1.9925,2.39171,2.48238,0,2.72614,2.69435,2.62016,2.47885,2.71319,2.55539,2.72732,2.67551,2.74145,0,0,3.56695,0,2.48356,0,0,0,0,0,1.91007,0,2.38582,0,2.29514,2.41172,0,0,0,0,0,0.777216,1.1199,0,1.01156,0,0.926771,0,0,0.721869,
0,0,0,34.5308,26.2028,26.602,2.50829,2.3446,2.46472,2.49298,2.45059,1.87709,2.46943,2.46943,2.45294,2.48003,2.60956,3.06647,3.07354,3.05469,3.11475,3.10415,3.12653,3.06412,3.07354,3.12417,3.03821,3.04998,3.06412,3.10769,3.0441,3.09473,3.08649,3.09944,3.04056,2.94282,3.56342,0,1.8453,0,0,0,0,0,0,0,1.48024,0,0,0,0.767795,0.821965,0,0,0.420403,1.20351,0,0,0.99625,0,1.21411,0,0.947968,0,1.30243,0,
0,0,0,29.4412,28.4296,32.2992,2.37522,2.47649,2.56835,2.51653,2.54008,2.61898,2.10908,2.48356,2.53184,2.4706,2.55775,2.17738,2.60721,2.60367,2.58365,2.58012,2.5919,2.54126,2.64489,2.67433,2.48356,2.32576,2.46943,2.4023,2.43292,2.46943,2.41526,2.39759,2.43292,1.72165,0,0.59351,0.992717,0.654746,0.533453,0,0.514611,0,0.938547,0.535808,0,0,0,0,0,0,0,0,3.84015,3.14066,0,0.930304,1.42607,0,0,1.62509,0,0,0,0.945613,
0,0,0,37.3452,30.4739,35.2679,1.82175,1.70516,1.83117,1.61684,1.55208,1.68397,1.63569,1.12225,1.66395,1.77347,2.57894,2.62958,2.51064,1.72989,2.52831,2.59543,2.63429,2.54362,2.67668,1.69692,2.46707,2.47532,2.46001,2.47885,2.42703,2.54479,2.50358,2.50476,2.49062,2.39759,0.540518,0.562893,0.23552,0.539341,0.627661,0.951501,0.508723,0,0,0.96681,0,0,0,0,0,1.83352,0,0,3.39031,0,0.925594,0,2.37404,0,0,1.3142,0,0,0,0,
0,0,0,29.0855,28.5168,36.9507,2.45176,2.46354,2.52006,2.53773,2.61309,2.54833,2.55068,2.53184,2.48945,2.4341,2.86039,2.88276,2.39171,2.93458,2.89219,2.90749,2.87099,2.85097,2.88983,2.90278,2.59425,2.65313,2.4341,2.64371,2.4447,2.65078,2.66373,2.70377,0,2.42703,0,1.98661,0,1.37544,0,0,0,0,0,1.61684,0,0,0,0,0,0,3.05234,0,2.09142,0,1.07986,0.977408,0,0,0,1.11636,0,1.23177,0,0,
0,0,0,37.98,38.915,24.4835,1.88298,1.69574,1.78877,1.86414,1.86885,2.03018,1.98897,1.91478,1.05748,1.57916,2.04667,2.01016,2.75441,2.73203,2.69199,2.76029,2.0714,2.64136,2.64607,2.57777,2.81329,2.8439,2.87334,2.87334,2.84626,2.9122,2.89454,2.85804,2.87334,2.74852,1.76169,0,0,0,0,0,0,1.98072,0,2.03843,0,1.94657,0,1.37897,0,0,0,1.49084,1.08104,0,0.753664,0.99625,0.519322,1.07044,0,0,0,0.601754,0,0,
0,0,0,41.1818,28.0752,37.2228,2.59661,2.56128,2.58836,2.56481,2.57777,0,2.5024,2.60721,2.36109,2.39053,2.41761,2.41526,2.01605,2.45294,2.4341,2.41879,2.38464,2.41644,2.334,2.32812,3.09827,3.14301,0,3.04998,3.13477,3.10769,3.07942,3.05587,2.99817,2.98522,0,2.01252,1.9136,1.26356,0,0,0,0,0,0,0,3.11475,1.04571,0,0,2.1868,0,0,0,0,0,1.87592,1.11283,0,0.64768,1.14109,0,1.14109,0,1.08692,
0,0,0,37.1462,36.203,30.9885,2.24568,2.41879,1.70634,2.35167,2.33165,1.79231,2.3446,1.73343,2.27277,2.27277,2.56128,2.51771,2.57659,2.53655,2.47414,2.50711,2.52831,2.52242,2.58012,2.59661,2.46943,2.49887,2.42232,2.36815,2.43174,2.47885,2.42115,2.47532,2.32458,2.05491,0.905574,0.687718,0,0,0.712448,0,0,0,1.0516,0,0,3.52573,0,0,0,0,0,3.12653,0,0,0,2.22802,0,1.44845,0,0,1.48378,0,0,0,
0,0,0,32.3122,45.1539,32.7585,2.48591,2.55657,2.49769,2.54244,2.58719,2.52477,2.54479,2.5495,2.58248,2.57423,1.82881,1.67808,1.59683,1.81468,1.84294,1.72872,1.48142,1.79348,1.76404,1.90889,2.52595,3.1595,3.10533,3.11475,3.17481,3.13948,3.08296,2.1762,3.12653,3.16774,0,0,0,0,0,0,2.82035,0,0,3.54575,0,0,0.851405,0,0,1.97955,0,0,0,2.13499,0,1.54501,0.97152,0,0,0,0,0,0,1.20586,
0,0,0,39.2117,28.9737,33.9102,2.52948,2.52595,2.48591,2.45176,2.48709,2.49533,2.37522,2.53066,1.69457,2.32576,2.60838,2.5919,2.53891,2.59543,2.46589,2.56364,2.48945,2.5601,2.513,2.52831,3.05469,2.98757,3.04998,2.98404,2.95813,2.44705,3.03232,2.99935,3.00052,2.96166,0,0,1.13756,0,1.00685,0,0,0.820787,0.713626,0.804301,1.43432,0,0,0,0,1.25061,1.27063,0,1.30007,0,0.838451,0,0,1.23884,0.804301,0,0.956211,0,0.367411,0,
0,0,0,27.4981,36.8589,30.01,2.44588,2.53302,2.46236,2.50358,2.50711,2.50476,2.50358,2.48238,2.43881,2.47296,2.05256,1.98072,1.9925,2.00899,1.58976,2.12321,1.99132,2.12557,1.90182,2.09966,0,2.70024,2.1974,2.74734,2.75558,2.65078,2.72614,2.71437,2.7497,2.68257,0,0,0,0.997427,0.791347,0.999782,0,1.05395,0,0.96681,2.1291,0,0,1.51204,0,0,0,0,0,0,0.286157,0,0,0.243763,0,0.59351,0.522854,0.99625,0.712448,0,
0,0,0,34.4271,37.0061,39.6498,2.30927,2.43292,2.25039,1.68397,2.31987,2.29279,2.30692,2.30456,2.33754,2.39171,2.67786,2.79916,2.78385,2.77089,2.71201,2.69082,2.22331,2.67433,2.73439,2.76854,1.9713,1.95835,1.97248,2.03372,2.05609,1.86885,2.09024,0,2.11497,2.18092,0,0.451021,0,0.535808,0,0.91735,0.91264,0.79488,0.408627,0,1.09281,0,0,0.847872,0,0,1.01274,1.28476,0,0,1.05748,0.786637,0.952678,0,0,0,0.82903,0.766618,0.751309,0,
0,0,0,26.7256,38.544,36.6928,2.93811,2.95931,2.99228,2.89219,2.98757,2.88983,2.91456,2.9758,2.96637,2.92398,2.71084,1.79584,2.04902,2.5495,2.64018,2.64253,2.0396,2.65078,2.58719,1.97719,1.72047,0,1.64511,1.44845,1.82175,1.71812,1.86767,1.00214,1.63922,1.8924,0,1.27063,0,1.03393,1.36955,0,0,0,0,0,1.29772,0,0.668877,0,0,0,0,1.05042,0,0.580557,0,0,0,2.70848,0,0,3.02525,0,0,0,
0,0,0,31.8835,32.4264,35.3433,2.49416,2.5707,2.61192,2.64842,2.47767,2.58248,2.16207,2.61074,2.63076,2.6602,1.87592,2.0714,2.11379,2.14912,1.88063,2.03018,2.04314,2.12086,1.95482,2.08317,2.40819,2.36462,1.93597,2.38346,2.24333,2.45176,1.88534,2.47178,2.54008,2.43528,0,0,0.995072,0.76073,0,0,0,0.999782,1.31891,0,0,1.05631,0.914995,0,0.694784,1.37426,0.870246,0,0.673587,0,0,2.40584,1.66277,0,1.6086,0,0,0,0,0,
0,0,0,33.2707,41.375,35.8744,2.43645,2.60014,2.42115,0,2.49062,2.50122,2.48003,2.3764,2.12204,2.45647,2.93929,2.89336,2.90514,2.85804,2.86863,2.90514,2.87099,0,2.82388,2.03489,2.42468,2.50947,2.50711,2.4918,2.41997,2.48474,2.4706,2.45765,2.27866,2.513,0,0,0,1.26239,0,0,0,1.70634,1.71694,0,0.797235,0,1.04689,0,0.882022,0,0,0,0,0,0,1.8135,0,0,0,1.25297,0,1.72872,1.28005,0,
0,0,0,30.0182,38.789,31.5479,2.54479,2.46943,2.42115,2.44941,2.53655,2.41879,2.46943,2.04549,2.43174,2.4918,2.44116,2.36698,2.27159,2.39995,2.37522,2.36815,2.24451,2.37286,2.37522,2.33518,2.1397,2.21507,1.9607,2.07375,2.30221,2.12792,2.03489,2.06316,2.208,2.02547,1.71576,1.47082,0.885555,0,0,0,0.732467,0,0,0,0,0.545229,0.781926,0.940902,0.599398,0,0.553472,0,0,0,1.62744,0,1.30596,0,0,0,0,1.63686,0,0,
0,0,0,31.3041,37.7126,39.0633,2.93811,2.91103,2.95578,2.88865,2.38346,2.94047,2.91809,2.86863,2.88159,2.96049,2.72968,2.81917,2.29985,2.73085,2.76029,2.76854,2.7756,2.68257,2.80033,2.73439,2.78267,2.83802,2.78856,2.76736,2.80269,2.75912,2.73792,2.7285,2.73674,2.28101,1.17996,0,0.748954,0,0.435712,0,0,0,0,0.704205,0,1.36955,1.13521,0,0,0,0,2.96049,0,0,0.846694,0.434534,0.516966,0.707738,0,0.630016,0,0.295578,0,0.738355,
0,0,0,29.4871,43.4052,31.2123,2.89925,2.90161,2.944,2.92634,2.90632,2.88159,2.93576,2.87805,2.94518,2.96873,2.91927,2.88276,2.91809,2.91927,2.8757,2.87688,2.93929,2.84273,2.97697,2.99228,3.0017,2.98051,3.03232,2.9911,2.98168,2.96284,2.99817,2.96284,2.99817,3.04998,0,0,2.5024,0,0,0,1.94657,0,0,0,1.73343,0,0,1.43785,0,0,0,0,0,1.60036,2.19622,0,0,0,1.2671,0,0,0,0,0,
0,0,0,33.9938,24.3092,34.8428,2.5601,2.5813,2.54597,2.50122,2.60014,2.58483,2.58719,2.47532,2.52124,2.53891,3.27137,2.72026,3.22309,3.22309,3.17834,3.26666,3.24193,3.16303,3.19012,3.26431,2.75794,2.75323,2.76147,2.78856,2.81329,2.82977,2.77089,2.75323,2.7756,2.74145,0,1.67337,1.9607,0,0,0,0,0,0,0,0,0,0,0,0.463974,0,0.747776,0,0.744243,1.16818,0,0.579379,0.594688,0.243763,0.680653,0,0.710093,0,0.0918528,0,
0,0,0,37.3358,40.8392,36.157,2.93222,2.92987,2.07022,2.91692,2.94636,2.07493,2.96873,2.98051,2.8286,2.98051,2.64136,2.60838,2.70966,2.68375,2.62369,2.68728,2.60367,2.6025,2.56599,2.66255,2.31398,2.29514,2.20564,2.208,2.26452,1.82528,2.1868,2.21389,2.00192,2.12792,1.44609,0,0,0,2.30339,0,0,1.29183,0,0,0,1.22941,0,1.31067,0.988006,0,0,1.03747,0,0.777216,0,1.44845,1.85708,0,0,0,1.94068,0,0,0,
0,0,0,28.5403,39.6204,38.796,2.84744,2.80975,2.80504,2.26806,2.83331,2.77914,2.73439,2.78385,2.76265,2.84508,2.69199,2.68728,2.7285,2.76972,2.73439,2.6708,2.7073,2.33283,2.71319,2.75323,2.57188,2.68493,2.56599,1.99839,2.64607,2.49416,2.59661,2.69317,2.6602,1.9925,0,1.40959,0,0,1.05866,1.1882,1.74638,0,0,0,0,1.76758,0,1.11048,0,0.983296,0,0,0,0,0,0.893798,0.693606,0,1.16936,0,0,0,0,1.26121,
0,0,0,25.8365,34.8958,33.5675,2.90396,2.93693,2.8651,2.4341,2.85921,2.89101,2.84273,2.84744,2.89219,2.91927,2.5813,2.52242,2.49769,2.55657,2.46707,0,2.39053,2.51064,2.58248,2.59543,2.64018,2.68257,2.62016,2.65078,2.71201,2.65902,2.63429,2.65196,2.61663,2.66962,0,1.08575,0.621773,0.918528,0,0,1.16229,1.05984,0,0,0,0,0.520499,0,0.413338,0.806656,0.851405,0.645325,0.496947,0.429824,1.47082,0,0,0,0,0,0.840806,0,1.24826,0,
0,0,0,38.5558,31.3454,32.4865,2.03489,2.09495,2.10202,2.09731,1.9925,2.03607,2.05844,1.67926,2.14323,1.97955,2.83448,2.84861,2.8969,2.88512,2.88983,2.71319,2.7179,2.80504,2.35167,2.82153,2.56952,2.50711,2.50476,2.5813,2.55775,2.59661,2.5495,2.4918,2.51064,2.49062,1.34246,0,0,1.75345,0,1.6192,0,0,1.55561,1.10694,0,0,0,1.34717,0,0,0,1.2671,0,1.59212,1.84412,0,0,0,0,1.3931,0,0,0,0.879667,
0,0,0,34.6497,40.9145,32.8009,2.2186,2.28454,2.25157,2.208,2.23273,2.13499,2.16796,2.22566,1.94775,2.17385,1.51439,1.58505,1.28476,1.35895,1.28476,0.950323,1.29065,1.2777,1.17642,1.6298,1.84412,2.61545,2.63547,2.52831,2.64489,2.59072,2.64489,2.51182,2.54126,2.6814,0,1.45787,1.50497,0,1.58387,0,1.52499,0,0,0,0,1.90065,0.826675,0,1.79584,0,0,1.64746,0.671232,0,0,1.17524,0.76073,0.785459,0,0.913818,0,0,0,1.01038,
0,0,0,29.838,29.2469,30.9332,2.54715,2.54479,2.57659,2.55304,2.5342,2.47414,2.52477,2.53066,2.52595,2.52124,2.52477,2.45059,2.49062,2.48945,2.43999,2.39288,2.53184,2.44588,2.45883,2.49416,2.42586,2.29632,2.4129,2.19034,2.38228,2.20211,2.38111,1.59918,2.28337,2.31281,0,1.72165,1.39899,0.955034,0,0.838451,0,0,0,0.876134,0.392141,0,0.871424,0.200192,1.59565,0.747776,0.64297,0,0,0.479283,0,3.37147,0,0,0,0,0,3.31965,0,0,
0,0,0,36.9967,33.2813,27.0612,2.39877,2.42232,2.49533,2.43057,2.50004,2.46825,2.55186,2.48356,2.52595,2.48945,2.17974,2.17385,1.76522,2.29985,2.23155,2.32223,2.15736,2.24215,2.24922,2.22566,2.62958,2.70612,2.59543,2.61427,2.6602,2.66255,2.66609,2.65431,2.65196,2.63782,0,0.664166,0,0,0,0,1.04689,0,1.34835,1.07162,0,0,0,1.40134,0,0,1.34364,0,0,1.71459,0,1.6086,0,0,0,1.51675,0,0,0,0,
0,0,0,35.4434,34.6179,25.4055,2.88041,2.98522,2.94871,2.91103,2.13852,2.9758,2.96166,2.93222,2.82624,2.92751,2.15383,2.98168,3.04056,2.04902,2.05962,2.99935,2.10319,2.9911,2.90867,2.99581,2.94753,2.91927,2.92751,2.91574,2.88041,2.90985,2.94047,2.88159,2.90161,2.88276,1.4826,2.1291,0,0,0,2.7497,0,0,0,0,0,0,0,0,2.34342,0,2.43174,0,0,2.73439,0,0,0,2.88983,0,0,0,0,0,0,
0,0,0,31.4937,32.9704,28.0398,2.26452,3.45743,3.53044,2.69199,3.43153,0,3.38913,3.4068,2.70377,3.501,2.75794,2.60956,2.64136,2.62487,2.58719,2.6284,2.69082,2.67551,2.63547,2.63782,2.4447,2.46236,2.44823,2.30456,2.44588,2.47296,2.33518,2.36933,2.4023,2.44588,0,0,0.781926,0,1.041,0,0.796058,0,0,1.0622,0,0,0,2.42586,0,1.65924,0,1.46729,0,0,0,0,0,0,0,1.3036,0,0.877312,0,1.38486,
0,0,0,24.2409,31.9718,37.6761,2.72497,2.73556,2.74852,2.80858,2.71084,2.77914,2.73085,2.72026,2.66609,2.76854,2.87217,2.81917,2.77443,2.89101,2.85332,2.90985,2.80387,2.87452,2.85804,2.86863,1.78171,1.84412,1.66513,1.90182,1.42843,1.84648,1.93126,1.79584,1.75816,0,0,0,2.29985,0,1.73814,0,0,0,0,0,1.06808,0.957389,0,0,1.06926,0,0.612352,0,0.720691,0,0,0,0,0,3.36205,1.81704,0,0,0,0,
0,0,0,31.1699,37.6455,39.9854,2.74263,2.81446,2.76854,2.76383,2.76618,2.76736,2.77914,2.76147,2.69199,2.70377,2.39288,2.35167,2.31634,2.23508,2.39406,2.27866,2.40819,1.99839,2.42115,2.39406,1.87827,1.93009,1.80173,1.45905,1.73696,1.92538,1.82646,1.37544,1.95128,1.91713,0,0,0,3.21367,0,1.93244,0,0,0,0,0,0,0,0,2.18563,0,0,0,3.00406,0,0,0.932659,1.60389,0,1.47907,0,0,1.15758,0,0,
0,0,0,41.5881,31.3406,28.8453,1.71576,1.60389,1.93244,1.67337,1.73578,1.91596,1.8453,1.39899,1.7346,1.57563,2.82388,2.85097,2.80033,2.78856,2.78031,2.85568,2.84508,2.78149,2.80858,2.84979,2.62487,2.60132,2.58601,2.58954,2.62487,2.57423,2.07611,2.48238,2.62487,2.61074,0,0,0,2.16678,0,1.95011,2.48238,0,0,0,1.81468,0.847872,0,0,0,0.788992,0,0,0,0,0,0,0,0,4.00384,1.3248,0,0,0,0,
0,0,0,36.674,26.0179,33.7135,1.07397,1.09988,1.12814,1.28829,1.346,1.24826,1.10577,1.33304,1.24119,1.24001,2.88748,2.9228,2.33518,2.89572,2.9334,2.92163,2.40701,2.87099,2.84979,2.94636,2.25157,2.24804,2.20093,2.26806,2.22802,2.27983,2.22449,2.13028,2.1762,2.17738,1.46258,0,1.02451,0.821965,1.167,0,0,0,0,1.35424,0,0,0,0,0,0,1.20233,1.88063,0,0,0,0,0,0,2.39524,1.19997,0,0,1.15523,1.13167,
0,0,0,34.91,28.6157,39.2388,2.90985,2.84626,2.944,0,2.93929,2.84273,2.45765,2.9758,2.91574,2.9911,2.14912,2.78267,2.22213,2.85804,2.83448,2.7968,2.13028,2.91456,2.92163,2.85097,2.73203,2.65902,2.75676,2.73556,2.71084,2.68257,2.67904,2.11968,2.18445,2.70966,1.91007,0,0,0,1.43785,0,0,0,0,1.30596,0,0,0,0.587622,0,0.691251,0.84905,0.886733,0.82903,0,0,0,1.09635,0,0,0,1.02569,0,0,1.8924,
0,0,0,27.2932,38.8632,32.7856,2.67197,2.71084,2.69553,2.78738,2.72379,2.7179,2.76029,2.79209,2.69317,2.68611,2.62134,2.64607,2.23508,2.66962,2.63194,2.57188,2.62016,2.67668,2.73203,2.208,2.65902,2.66138,2.6967,2.65549,2.60485,2.56246,2.64371,2.7179,2.63665,2.65313,0,0.949146,0,1.02804,1.24943,0.825498,0,0.870246,0,0,0,0,1.38015,0,0,0,0,0,1.63098,1.94893,0.634726,0,0,0,0.655923,0.811366,0,0,0.346214,0.970342,
0,0,0,28.545,30.5022,27.3816,2.95107,2.99464,2.95931,2.47414,2.92398,3.02761,2.92751,2.99346,2.9911,2.89807,3.10769,3.1383,2.52006,3.19012,3.16186,2.48827,3.15715,3.06765,3.16774,3.16421,3.19954,3.13242,3.18188,3.16774,3.15244,3.19836,3.11946,3.15244,3.14066,3.20072,0,0,0,0,0,0,0,0,5.29684,0,1.598,1.42843,0,0,0,0.973875,0,0,1.24119,0.978586,0,0,1.10812,0.820787,0.483994,0.621773,0,0.463974,0.421581,0,
0,0,0,36.3207,33.2272,36.2477,1.87474,1.58152,2.05256,1.86885,2.01605,1.9713,2.07493,2.01134,2.09848,1.91124,2.00074,1.85943,1.98779,2.07729,1.93597,2.00074,1.95482,1.89476,2.00663,2.0137,2.58365,0,2.61309,2.46825,2.52595,2.57306,2.48591,2.47767,2.4918,2.5601,0,0,4.50196,0,0,0,0,0,0,0,0,0,0,0,0,0,2.27512,2.2398,0.884378,0,0,0,1.78642,0,0.854938,0.575846,0,0,0,0.725402,
0,0,0,33.8218,35.3916,34.8628,2.07611,2.06433,2.01605,2.04785,1.94304,2.01252,2.02076,1.99132,1.91713,2.11615,2.04431,1.97248,2.08317,2.16561,2.24568,2.12557,2.16561,1.99485,2.12557,2.20093,2.2975,2.33989,2.1185,2.208,2.24568,2.17738,2.12557,2.29632,2.25864,2.18092,0.852582,0.320307,0,0,0.979763,0.625306,0.870246,0.777216,0.502835,0,0,0,0,2.47649,1.58152,0,0,0,0,1.95128,0.703027,0,0.932659,0,0,2.37169,0,0,1.85236,0,
0,0,0,29.1256,38.9079,39.6851,2.639,2.60956,1.93362,2.68257,2.69082,2.60014,2.09495,2.43999,2.6814,2.61663,2.62369,2.64842,2.63429,2.64489,2.6284,2.58601,2.64136,2.50476,2.69199,2.72026,1.54854,1.65217,1.69221,1.76522,1.58505,1.48142,1.62744,1.5874,1.50144,1.63686,2.01841,0,0,0,1.27652,1.93597,0,0,1.68397,0,0,0,0,1.83235,0,0,0,0,0,1.38015,0,0,0.945613,0,1.23059,0.947968,0,0,1.00803,0.82432,
0,0,0,30.0288,30.2996,38.7383,1.79584,2.082,2.06198,2.09966,2.07375,2.15501,2.11615,2.12204,2.07846,1.99485,2.50122,2.54244,2.51889,2.4918,2.41644,2.46589,2.41408,2.1079,2.52006,2.46118,1.79113,1.70516,1.79113,2.01016,1.72401,1.87356,1.8241,1.54266,1.91713,2.01134,1.16347,0,1.57916,0,1.50615,1.33304,0,0,0,1.62627,0,1.32244,0,0,1.59683,0,0,0,0,1.35777,0.82432,0,0.818432,0,0,0.94208,0,0.957389,0,1.00096,
0,0,0,39.0092,35.0206,34.5178,1.67572,1.63922,1.29065,1.61684,1.56856,1.53677,1.70634,1.36837,1.67219,1.67219,1.90653,1.98426,2.04902,1.93597,2.06433,2.05962,2.14676,1.41901,1.84294,1.9607,2.52477,2.11026,2.41408,2.53302,2.35873,2.387,2.44941,2.44116,2.44116,2.37404,0.936192,0.635904,0,1.97484,0.542874,0.514611,0,0,0.747776,0,0,0,0,2.25275,0,2.09495,0,0,2.20682,0,0.929126,1.3248,0,0,0.745421,0,0.859648,0,0,0,
0,0,0,36.6092,33.0458,36.9342,2.00192,2.14088,2.05138,1.88652,1.70752,1.93715,1.56032,1.8347,1.81586,1.92773,2.69435,2.60603,2.53655,2.6602,2.64489,2.55304,2.73321,2.66844,2.5813,2.69317,2.14088,2.082,1.66159,2.07022,2.03018,2.1762,2.15619,2.10673,2.05844,2.18445,0.97623,0.452198,0.832563,0,0,0.552294,0,0.707738,1.06102,0,1.52028,0,0,0,0,0,0.910285,0,1.77347,0,0,0,0,2.13381,0,1.6298,0,0,0,0,
0,0,0,34.3965,23.8311,43.7361,2.57306,2.55657,2.53184,2.54479,2.57423,2.52242,2.50358,2.05138,2.58365,2.54597,2.93693,2.98168,2.9228,3.03703,2.9652,3.00288,2.43645,2.93222,3.03468,2.46118,2.94753,2.89219,2.88041,2.90514,2.9122,2.91692,2.95578,2.90867,2.88041,2.90985,1.68397,0,0,0,1.26474,0.983296,0,0,0,0,1.27416,0,0,0.903219,1.07986,0,0,0,0.81961,0,0,0.984474,0,0,0,0.692429,0.750131,0,0.885555,1.14109,
0,0,0,42.237,23.5661,33.4909,0,1.79702,1.81115,1.93833,1.31891,1.55914,1.36484,1.70634,1.66984,1.6875,3.19601,3.15479,3.13477,3.18659,3.09944,3.20425,3.10533,3.0912,3.16186,3.07589,2.61427,2.67197,2.639,2.67786,2.56952,2.55539,2.08788,2.57306,2.58483,2.60603,1.86885,0,0,0,0,2.00428,0,0,0,1.72283,0,0,0,0,0,2.39406,2.30221,0,0,0,0,1.79584,0,2.43174,0,0,0,0,1.98426,0,
0,0,0,40.6036,26.4748,32.497,2.13734,2.35638,2.06551,2.23273,1.52264,1.64157,1.44963,2.21271,1.80173,2.15383,2.94636,2.11615,2.23037,2.80033,2.15854,2.87334,2.91927,2.89336,2.85332,2.22095,2.31398,2.41408,2.25746,2.36227,2.39406,2.39171,2.39053,2.36933,2.20211,2.45294,2.02076,0,0,0,0,1.57563,0,0,0,1.69221,1.36013,0,0,0.783104,0.830208,0,0,0,0,0.753664,1.63804,1.64511,0,0,0,0,0,1.46258,1.60154,0,
0,0,0,33.8395,24.3787,37.0614,1.91949,2.69788,2.54008,2.68375,2.61663,2.01016,1.99603,2.60485,2.66138,2.67433,2.48709,2.45883,2.32576,2.44116,2.39995,2.42586,2.39288,2.37051,2.5342,2.43763,2.52242,2.334,2.41644,2.42232,2.43292,2.39288,2.41997,2.30927,2.32694,2.40113,2.01487,2.10908,0.959744,0,0,1.03511,0,0,0,0,1.06926,0.739533,0,0,1.15169,0,0.592333,0,0.751309,0,0,1.70045,0,0.796058,1.36484,0,1.81468,0,0,0,
0,0,0,32.6289,36.3702,35.1502,2.67668,2.70848,2.78267,2.72732,2.71555,2.78856,2.79562,2.62016,2.75441,2.77914,2.50004,2.54479,2.15383,0,2.48945,2.47296,2.52006,2.20211,2.53302,2.47414,2.65431,2.69435,2.15972,2.73674,2.66373,2.77089,2.67551,2.52242,2.67433,2.16678,0,0,0,3.36676,0,0,0,0,2.04549,0,1.12696,1.08928,1.00332,0,0.713626,0,0.313242,0,0.317952,0,0.856115,0.157798,0.0800768,0,0,0.582912,0,0.606464,0.637082,0.498125,
0,0,0,31.1864,38.6889,33.8042,2.5813,2.60485,2.64136,2.45176,2.52713,2.03372,2.55068,2.59308,2.57188,2.61545,2.18798,2.20329,2.26099,1.99132,2.35638,1.78171,2.2657,1.52264,2.16325,2.30103,2.19976,2.24451,1.76051,2.04667,2.23037,2.25275,2.21507,2.19622,2.15383,1.83588,0,1.49555,1.17053,0,0,0,0,0,1.63686,0,0,0,1.8818,1.79466,0,2.21978,0,0,0,0,0,0,0,1.45316,0.947968,0,0,1.0092,1.63686,0,
0,0,0,38.1531,33.3567,38.6783,2.69788,2.63782,2.67315,2.62605,2.53655,2.12086,2.69553,2.67315,2.59072,2.51889,2.40584,2.4706,2.4023,2.35284,2.43292,2.45059,2.41526,2.42115,2.387,2.49533,2.19034,2.30339,2.1291,0,2.03843,2.05373,2.20211,2.11497,2.24451,2.16914,0,1.50026,0,1.12932,0,0,0,1.2565,0,0,0,1.47436,0,0.527565,0,0,0,1.00449,0.929126,1.31891,0,0,1.93244,1.94304,0,1.39428,0,0,0,0,
0,0,0,42.2287,31.3772,29.6072,1.76876,2.45647,2.35284,2.39053,2.24686,2.46589,2.37993,1.92067,2.44588,2.31752,2.41644,2.38464,2.37757,1.85119,2.33871,2.40937,2.37993,2.334,2.36698,2.36109,2.15383,2.21036,2.2186,2.16207,2.09495,2.15619,2.06551,2.18563,2.21036,0,0,0,2.27395,1.65806,1.36837,0,0,0,0,1.16465,0.807834,0.832563,0,0,0.617062,0.953856,0,0,0.435712,0,0,1.62862,0,1.87003,0,0,0,0,1.78642,1.041,
0,0,0,35.8344,38.9091,38.5852,2.65431,2.60485,2.59779,2.59896,2.54362,2.52124,2.56952,2.47532,2.55186,2.57306,2.86746,2.84861,2.90278,2.93105,2.90514,2.85804,2.91809,2.84273,2.86863,2.88276,2.8969,2.83448,2.86981,2.82742,2.84155,2.82506,2.87452,2.80269,2.79916,2.80622,1.54266,0.655923,0,0,0,1.27652,1.17524,0,0,0,0,0,0,2.48474,0,0,0,0,2.27983,0,1.26474,0,0,0,0,1.39428,1.14698,0,1.59683,0,
0,0,0,34.4024,29.2104,27.6701,2.79327,2.76383,2.83213,2.81682,2.83919,2.85804,2.78385,2.81446,2.78502,2.27512,3.12417,3.04763,3.06883,3.11946,3.08649,3.08649,3.02996,3.03232,3.05705,3.1383,2.84979,2.84155,2.86157,2.88748,2.85097,2.92516,2.90867,2.87923,2.83095,2.80269,0,1.12343,0,0,1.48024,0,0.930304,0,0.935014,0,0.860826,1.52735,1.52852,0,0,0,0,0,0,0,0,2.1762,1.60154,0,0,1.26239,0,0,0,0,
0,0,0,38.06,28.6722,31.595,2.66255,2.69435,2.76618,2.78031,2.67786,2.6602,2.77089,2.72968,2.73792,2.21389,2.34931,2.95224,2.8651,2.95578,2.85921,2.9228,2.89572,2.90278,2.84508,2.90396,2.28454,2.22802,2.2551,2.18209,2.25275,1.94068,2.20447,2.2186,2.02312,2.24451,0,0.952678,0,0,0,1.23766,0,0.783104,0,1.29418,1.19644,0.79959,0,1.41783,0.780749,0,0,0,1.29654,0,0,0.836096,0.67241,0,0,0,1.20822,0,0.787814,0,
0,0,0,28.0528,39.5803,40.9581,2.94282,2.78267,0,3.72357,3.86606,0,3.84957,2.86746,3.87548,3.81189,2.75676,2.82742,2.78502,2.69906,2.73085,2.82035,2.80269,2.72732,2.74028,2.81682,2.84744,2.87805,2.31163,2.7497,2.81329,2.83331,2.85804,2.78856,2.76618,2.78149,1.10694,0,1.07397,0,0,0,0.761907,1.28123,0,0,1.51675,1.22235,1.41076,0.850227,0,0,0,0,0,0,0,1.42607,1.37308,0,0,0,0,1.70988,0,1.37308,
0,0,0,31.6244,32.9952,27.2073,2.49651,2.45647,2.46707,2.48827,2.40819,2.52006,2.42468,2.48474,2.51182,2.46118,2.74381,2.73321,2.7756,2.83095,2.6178,2.81564,2.80387,2.74616,2.78031,2.80622,3.26195,3.21603,3.27373,3.26077,3.28786,3.25135,3.22309,3.22309,3.22427,3.22662,0,0,1.23412,2.11497,0,2.34225,1.20115,0,0,0,0.79959,0,0,0,1.43196,0,0.816077,1.16465,0,0,0,0,2.02783,0,0,2.2186,0,0,0,0,
0,0,0,42.9494,39.7793,33.6111,1.85825,2.639,0,1.42725,2.57894,1.93009,2.4553,2.53773,2.55657,2.52006,2.75441,2.65431,2.72614,2.67315,2.74263,2.67433,2.56952,2.71201,2.25628,2.69317,1.55443,1.70163,1.60742,1.53441,1.68279,1.70988,1.28123,1.62627,1.70634,1.55561,0,2.50476,0,0,0,1.50144,2.30574,0,0,0,0,1.35306,0.31913,0.67712,0.818432,1.06926,0,0,0,0,0,0,0,0,0,0,2.98875,0,0,3.04174,
0,0,0,26.1733,26.8246,34.5614,2.80387,2.81211,2.77796,2.82742,2.76972,2.84037,2.83802,2.81564,2.86039,2.78385,2.40701,2.39171,2.41172,2.54362,2.46118,2.51535,2.42821,2.46236,2.49062,2.49887,2.72497,2.63782,2.65902,2.05138,2.07964,2.13852,2.72497,2.68611,2.65549,2.77443,0,1.42136,0,0,1.24237,0,0,1.55208,0,0,1.22824,1.17171,0,0,0,0,1.58976,0,0,1.85354,0,0,0,1.44374,0,0,0,0,1.48142,1.29183,
0,0,0,38.3615,30.952,40.3469,2.33636,2.32458,2.34107,2.3081,2.26806,2.27277,2.2398,2.33283,2.29985,2.41526,1.79584,2.14912,2.13734,2.12675,2.14441,2.07022,2.13852,2.15736,2.08788,2.19269,2.37522,2.37169,2.48238,2.35991,1.72518,2.43881,2.44352,2.46354,2.42468,2.42115,2.03136,0,0,1.74167,0,0,0,1.4826,0,0,0,0.778394,0.832563,1.24943,0.995072,0,0.784282,0,0,0,0.854938,0.451021,0,0.315597,0.839629,0,0.24023,0.465152,0,0.545229,
0,0,0,25.4515,29.3576,28.5168,3.09827,3.02525,2.96166,2.387,3.07825,3.00524,3.02408,2.41644,3.00641,3.0806,2.13381,2.21036,1.88416,2.24097,2.13499,2.06904,2.14441,2.11379,2.08553,2.12321,2.87334,2.90867,2.818,2.89572,2.83566,2.88983,2.83802,2.92398,2.91103,2.84273,0.577024,0,0,0.704205,1.28829,1.07279,0,0,0.918528,0,0,0,0,1.95599,0,1.40841,0,0,0,1.82764,0,0,0,0,2.47532,0,2.01252,0,0,0,
0,0,0,38.5428,37.3758,37.5819,2.87688,2.97933,2.94047,3.00995,2.93576,2.9911,2.88394,2.87099,0,2.90396,2.82271,0,2.89572,2.82388,2.2551,2.81093,2.81093,2.77443,2.78385,2.80269,1.28947,1.75816,1.61802,1.58387,1.49084,1.67455,1.87121,1.7558,1.81586,1.81233,1.01627,0.687718,0.474573,0,0,0.651213,0,0.873779,0,0.90793,0,3.13477,0,0,0,0,3.11475,0,0,1.37426,0,0,0,0,0,0.756019,0,0,2.38935,1.40605,
0,0,0,42.5432,31.5126,30.1654,2.61898,2.4706,2.56835,1.93597,2.59779,2.59661,2.57659,2.5495,2.60956,2.66373,2.55539,2.34225,2.43763,2.49298,2.50122,2.51064,2.45883,2.44705,2.49769,2.45647,2.05727,1.95128,1.54266,2.14912,2.20918,2.23862,2.21036,2.22095,2.3081,2.19505,0.947968,0,0.440422,0,0.630016,0,0.750131,0.738355,0.272026,0.445133,3.08767,0,0,0,0,2.98168,0,0,0,0,1.54501,0,0,0,0,0,0,0,0,2.87923,
0,0,0,35.0725,34.1127,29.2551,2.68846,2.61663,2.73321,2.67551,2.70259,2.6967,2.70141,2.71437,2.66844,2.66726,1.49202,1.05748,1.61449,1.54854,1.48613,1.45316,1.53559,1.48495,1.57445,1.31538,2.90396,2.82035,2.90632,2.92516,2.42586,2.40466,2.88159,2.87217,2.91809,2.8439,0.314419,0,0,0,0,0.220211,0,0,0,0,0,0,2.81329,0,2.19387,0,0,0,3.33614,0,0.528742,1.69574,0,0,0.779571,0,0,1.35188,0,0.479283,
0,0,0,34.1316,31.8082,31.4949,2.45765,2.97462,2.92516,2.92398,3.00288,3.01583,2.91809,3.02172,2.92045,2.41055,2.96991,3.02525,2.9228,2.93929,2.42703,2.96637,2.92045,3.01583,3.01466,3.03821,3.11711,3.04174,3.0594,3.0335,3.12535,3.0806,3.0335,2.60014,3.02996,3.01701,0,1.82999,2.19151,2.55304,0,0,0,0,0,0,0,0,0,0,1.94068,1.91596,0,0,0,1.57327,0.935014,1.31891,0,0,0.816077,0,0,0,0.90793,0.832563,
0,0,0,30.1595,34.8864,32.6266,3.08413,1.79231,1.76758,1.72518,3.11004,1.7346,1.75698,3.15008,3.11122,3.14419,2.19269,2.2398,2.29868,2.27866,2.39406,2.37169,2.30221,2.33636,2.28219,2.33165,2.21624,2.28925,1.5038,2.34931,2.4023,2.23744,2.40819,1.80879,2.18209,1.63333,1.30596,0,0,1.59212,0,0,1.54619,0,0,0,1.62862,1.61449,0,0,1.58976,0,0,0,0,0,0.885555,0,0,0,0.578202,1.18702,0.918528,0,0,1.05984,
0,0,0,27.1072,40.9864,33.0246,3.12417,3.08296,3.12182,2.61192,3.16657,3.15126,3.08649,3.09709,3.13242,3.1701,2.14676,2.05373,2.25039,2.20447,2.21153,2.33165,2.19622,2.18563,2.26099,2.17032,2.13028,2.01134,2.05491,2.03843,2.09613,2.01487,2.05138,2.00899,1.53324,2.04667,0,0.79959,0.511078,0,0,1.1305,0.242586,0.114227,0,0.662989,0.970342,0,1.18113,0.547584,0.670054,0.614707,0.674765,0.700672,0.736,0,2.1503,2.29396,0,2.01016,0,0,0,0,0,0,
0,0,0,36.5115,31.6621,30.4245,2.1079,0,2.09966,2.20564,2.24568,2.29279,2.10908,2.15619,2.14205,2.04902,2.86863,2.84508,2.91103,2.85804,2.91809,2.87217,2.82388,2.88276,2.85804,2.8439,2.73321,2.75205,2.67433,2.68728,2.68846,2.65078,2.59896,2.74499,2.71201,2.65431,1.21999,0,0,1.56739,0,1.6192,0,0,0,0,0,0,0,1.02922,1.70045,0,0.721869,0,0,0.972698,1.31891,0,1.30125,0,0,0,0,0,1.22706,1.2459,
0,0,0,27.1213,32.6007,27.2238,2.88865,2.9228,2.86039,2.89807,2.90985,2.95224,2.87923,2.92634,2.85332,2.84273,1.99956,0,2.5342,2.52242,2.54715,2.60485,2.52242,2.5024,2.58012,2.32223,2.67433,2.71319,2.64489,2.66255,2.74381,2.70848,2.65196,2.639,2.6602,2.6025,0,2.24922,0,0,0,0,1.51086,0,0,2.58483,0.408627,0,0.73129,0.498125,0.472218,0.847872,0,0.84905,0,1.46729,0,2.41644,0,0,0,0,0,0,0,0,
0,0,0,33.8266,38.8749,32.6749,0,2.61427,2.7073,1.74403,2.69199,2.78973,1.78289,2.67433,2.68493,2.67904,1.92302,0,1.86532,2.0137,1.57445,1.9348,1.80173,1.93362,1.73814,1.91713,2.69788,2.69553,2.69435,2.72261,2.71319,2.78856,2.765,2.76147,2.71437,2.74499,0,3.67764,0,0,0,0,3.6223,0,0,0,0.460442,0.664166,0.746598,0.909107,0.579379,0,0,0,0,0.74071,0,0,0,0,0,0,0,0,0,2.21271,
0,0,0,38.5511,28.4084,27.9939,2.37757,2.44234,1.97012,2.31281,2.42468,2.46001,2.39171,2.33047,2.39524,2.41172,2.85568,2.93811,2.91103,2.51653,2.92163,2.88159,2.89572,2.90867,2.95695,2.90514,2.89925,2.8969,2.93576,2.91692,2.94047,2.92634,2.94047,2.89219,2.86275,2.89454,1.73814,0,0,0,0,0,2.76383,3.03468,0,0,0,0.507546,0,0,0,0,1.53677,0,0,2.15619,0.670054,0.694784,0,0,0,1.59212,0,0,0,0.626483,
0,0,0,29.3929,31.3065,28.5639,2.47532,2.54126,2.54244,2.33871,2.49887,2.48356,2.52831,2.39759,2.54715,2.49887,2.54008,2.54126,2.01487,2.58836,2.56599,2.56481,2.58248,2.46943,2.55421,2.58012,2.57777,2.55539,2.57659,2.62016,2.55539,2.62134,2.60956,2.43763,2.63429,2.59661,0,1.02216,0,0.983296,0.836096,0,0.560538,0.85847,0,0,0,0,0,0,0,0,0,0,0,6.8183,0,0,2.07258,0.933837,0.955034,0,1.45551,0,0,0,
0,0,0,28.691,40.036,38.1189,2.47296,2.37875,2.4553,2.44705,2.43174,2.45883,2.52595,2.44116,2.51771,2.50358,1.97248,1.84765,1.85472,1.58034,2.11261,2.05962,1.56856,2.12675,2.10555,2.02194,2.75441,2.77678,2.79562,2.31163,2.78856,2.765,2.83566,2.29396,2.78031,2.76265,0,2.81564,0,0,0,0,0,0,0,2.33283,1.26474,0,1.88652,0,0,0,0,1.28241,0,0,0.233165,0.867891,0,0,0.679475,0.936192,0,0.44631,0,0,
0,0,0,26.244,32.3805,29.9322,2.86039,2.81329,2.77678,2.79916,2.77325,2.30221,2.8074,2.74263,2.87688,2.75323,2.17032,2.76265,2.75205,2.74028,2.78738,2.73556,2.78856,2.81329,2.78267,2.69199,2.387,2.24922,2.35402,2.3081,2.27277,1.9242,2.31869,2.20093,2.38464,2.31281,0,0,0,1.87238,0,0,0,0,2.74499,0,0,0,1.86296,1.37426,0,1.18113,0,0,0,0,0,1.03747,0.870246,0,1.2094,0,1.64511,0.85847,0,0,
0,0,0,25.8695,34.9535,32.291,2.53302,2.4918,2.51418,2.55657,2.07964,2.54008,2.41055,2.49769,2.53302,2.5236,1.83706,1.95364,1.89594,1.6875,1.85001,1.87474,1.64157,1.76993,1.93362,1.73343,2.86628,2.8651,2.85215,2.83566,2.83566,2.84037,2.7968,2.80269,2.87452,2.8969,0,0,0.856115,1.6875,0,2.16207,0,0,0,1.40017,0,0,0,0,2.93929,0,0,2.62723,0,0,0,1.15405,0.668877,0.660634,0.771328,0,0,0.877312,0,0,
0,0,0,28.7794,38.2508,27.5817,2.59543,2.55186,2.54833,2.58836,2.49298,2.54715,2.60014,2.4023,2.52006,2.51418,2.16678,2.75912,2.67433,2.02783,2.05256,2.7285,2.71908,2.48945,2.68964,2.61545,2.7756,2.91809,2.944,2.75441,2.83684,2.90161,2.8651,2.83448,2.86039,2.84037,1.34364,0.673587,0,0,0,1.57681,0,0.873779,0,0,0,1.47318,0,0,0,1.66042,0,0,1.49202,0,0,1.45198,1.92538,1.35542,0,0,0,0,0,0,
0,0,0,41.8331,34.3588,32.7608,1.96659,2.11497,2.16914,2.21271,2.19387,2.11615,1.78289,2.26099,1.97955,1.95482,2.37286,2.57423,2.51418,2.54126,2.48474,2.56364,2.52242,2.09024,2.4129,2.49651,2.64842,2.19387,2.70377,2.61545,2.64607,2.72026,2.68493,2.62016,2.56246,2.66138,1.24708,0,1.43785,0,0,1.40252,0,0,0.832563,0,0,0.998605,1.61449,0,0.85376,0,0,0,1.34011,0,0,0,2.04078,0,0.440422,0,1.15405,0,0,0,
0,0,0,28.7829,35.4693,32.2038,2.513,2.65431,2.63429,2.65078,2.58365,2.69317,2.61309,2.19151,2.5813,2.60603,2.43881,2.387,2.4023,2.3764,2.35167,2.40113,2.43999,2.4129,2.43528,2.50358,2.24686,2.06551,2.24333,2.02665,2.08553,2.16325,2.11497,2.16678,2.15265,2.18092,0.393318,0.520499,0.204902,0.528742,0.216678,0.780749,0.532275,0,0,0.279091,1.66866,1.58034,0,0,0,2.22802,0,0,0,0,1.47318,0,1.07868,0,0.939725,0,0,0.879667,0,0,
0,0,0,32.4299,27.0236,37.0626,2.05491,2.95695,2.96991,3.01112,2.93811,2.99346,3.00759,2.87805,2.95578,2.96991,2.98639,2.93105,2.91809,2.98875,2.93576,2.91456,3.00524,2.90278,2.96637,2.9758,4.16988,4.23347,3.27726,4.24878,3.23016,4.18401,0,4.2005,3.17716,3.20543,0,0,0.956211,0,1.56268,0,0,0,0,1.75109,0,0,0,0,0,0,1.95128,1.71341,0,0,0,0.402739,0,0.821965,0,0,1.07515,0,0,0.320307,
0,0,0,37.5584,28.0175,34.6697,2.81446,2.68375,2.74028,2.73674,2.65313,2.72261,2.76265,2.72732,2.68375,2.75323,2.48003,2.48356,2.50476,2.52006,2.47649,2.5024,2.49298,2.55068,2.46001,2.47178,2.48709,2.53537,2.52006,1.87474,2.42586,1.93951,2.46236,2.46825,2.54008,2.43763,0,0,2.20564,1.95482,0,0,0,0,0,0,0,0,0,2.17032,0,0,2.98168,0,0,0,0,1.06455,1.16229,0,0,1.14816,1.15052,0,0,0,
0,0,0,35.8026,44.5062,42.6409,3.17481,2.65784,3.19483,3.20072,3.23133,3.13477,3.19365,3.17245,3.21603,3.16303,1.9819,1.73814,1.72401,1.53795,1.91242,1.86532,1.83352,1.81939,1.92302,1.23766,2.07611,2.01134,2.15148,2.08788,2.13852,1.50615,2.00428,2.09377,1.62509,1.76169,0,0.611174,0,0,0.744243,0.674765,0,0.730112,0,0,2.25157,0,2.33754,0,0,2.30221,0,0,0,0,0,2.31516,2.20329,0,0,0,0,0,1.93009,0,
0,0,0,41.3656,27.3274,28.5474,2.30692,2.30574,1.85943,2.20447,2.22213,2.22331,2.3081,2.36109,2.27748,2.28101,2.5236,2.46472,2.48003,2.44588,2.4553,2.44705,2.46118,2.45647,2.47649,2.4812,2.19269,2.26806,2.21271,2.24568,2.15501,2.20329,2.208,2.17032,2.11026,2.18563,0.810189,0,0,0.628838,0,0,1.16347,0,0,1.4143,0,3.40562,0,0,0,2.46118,0,0,0,0,2.06433,0,1.75698,0,1.53441,0,0,0,0,0,
0,0,0,38.9397,33.5157,37.7279,2.91103,2.76265,2.76383,2.28454,2.87452,2.30221,2.82388,2.87099,2.80151,2.81329,2.61192,2.50004,2.59896,2.59425,2.61663,2.14559,2.63782,2.64371,2.69553,2.62016,2.94282,2.72261,2.98522,2.81564,2.95813,2.91338,2.90749,2.84155,2.87688,0,0,1.56385,0,0,1.64746,0,0,1.49202,0,1.38721,0.665344,0,0,0,0.370944,0.896154,0,1.11636,0.870246,0.68183,0,0.998605,0.705382,0.90793,0,0.792525,0,0,0,0,
0,0,0,29.0078,30.8449,32.5783,2.4918,2.54126,2.59308,2.59072,2.06316,2.52713,2.57188,2.5601,2.51418,2.62958,2.25864,2.27041,2.32458,2.35402,2.32458,2.30574,2.387,2.29043,2.37522,2.29396,2.51064,2.48827,2.48827,2.50711,2.52948,2.51653,2.52124,2.5236,2.46001,2.49769,0,0,0,0,2.52595,0,0,0,2.4553,0,1.07162,0,0.800768,0.479283,0.982118,0,0.721869,0,0,0.910285,1.04571,0.993894,0.555827,0,1.28005,0,0,0,0,0.648858,
0,0,0,39.1258,38.7784,38.5393,2.79798,2.76265,2.87217,2.76618,2.82977,2.81093,2.80858,2.78856,2.81211,2.6602,2.83566,2.78502,2.30456,2.79209,2.8757,2.83213,2.86863,2.78031,2.82624,2.82035,1.12932,0.796058,0.960922,0.68183,0.866714,0.982118,0.852582,0.763085,0.97152,0.91735,0,0,1.96306,0,0,0,1.70634,1.54854,0,0,0.817254,0.589978,1.05042,0,0,1.35895,1.32362,0,0,0,1.77582,0,0.956211,1.83117,0.691251,0,1.44963,0,1.09399,0,
0,0,0,37.9764,30.7589,31.2912,2.62016,2.47414,2.52595,2.53184,2.51418,2.55892,2.5024,2.51535,2.4812,2.46825,2.74028,2.66726,1.87003,2.60603,0,2.76854,2.72026,2.67197,2.81917,2.70495,0,0,2.78385,2.77325,2.71437,0,0,2.94282,2.97108,3.01937,1.76522,0,1.05866,0,0,1.07868,0,1.08575,0,0,0.421581,0,0.639437,0.956211,0.634726,0.766618,0,0.838451,0,0.90793,3.1383,0,0,0,0,0,0,0,0,2.58836,
0,0,0,27.3356,35.0089,27.6359,2.6708,2.67786,2.71555,2.70141,2.6967,2.68375,2.64607,2.68728,2.56246,2.62134,0,2.60603,2.66373,2.4812,2.13852,2.60132,2.43999,2.43763,2.4447,2.53184,2.7968,2.78973,2.81329,2.77325,2.84861,2.81917,2.86275,2.79209,2.76265,2.77089,0,0,1.20822,0.699494,0,1.62862,0,1.00685,0,0,0,0,0,2.73439,4.1322,0,0,0,0,0,0,0,0,0,0,0,0,0,0,2.22802,
0,0,0,29.4777,33.7194,32.6254,2.54008,2.54244,2.62958,2.65784,2.66844,2.60838,2.57659,2.56835,2.56128,2.59308,2.75794,2.81682,2.75205,2.77089,2.79209,2.84979,2.27748,2.77796,2.79798,2.82742,2.40937,2.4918,2.52595,2.52242,2.52713,2.48827,2.513,2.48709,2.56364,2.58836,1.07986,0,1.91596,2.14323,0,0,0,0,0,0,1.1564,0,2.69906,0,0.777216,0,0,0,0,0,1.36248,0,0.944435,0,1.11283,1.18349,0,0,0,0,
0,0,0,31.7151,43.583,35.4104,2.61663,2.68728,2.63429,2.63665,2.25628,2.61898,2.61309,2.53655,2.65667,2.62252,2.28101,2.31752,2.28219,2.29043,2.2551,2.2186,2.35756,2.12204,2.334,2.34107,2.65196,2.49298,2.65196,2.56835,0,2.68022,2.59543,2.45294,2.68964,2.70966,0,0,0,0,3.01348,0,0,3.57284,0,0,1.24355,0,0.943258,0,0.49577,0,1.11636,0,1.26592,0,1.90418,0,0,0,1.95953,0,1.7664,0,0,0,
0,0,0,34.1386,33.0941,35.6024,2.944,2.99817,1.88534,2.28337,3.00641,2.94753,2.94164,2.97815,2.25628,2.97697,2.5813,2.64842,2.56128,1.86532,2.50476,2.54479,2.58601,2.66844,2.63547,2.57894,2.00545,2.19269,2.09495,0,2.11732,2.10202,2.02665,2.10437,2.26335,2.02076,0,1.34011,0,0.885555,0,1.12108,0,0,1.04453,0,0.434534,0,1.24708,0,0.592333,0.507546,0,0.856115,0.714803,0,0,1.13992,0.62295,0.840806,0.715981,0.851405,0,0,0,0,
0,0,0,27.8903,25.4585,32.523,2.30339,2.30221,2.36344,2.3081,2.2975,2.23626,2.38111,2.28572,2.21742,1.56739,2.98051,2.9228,2.93105,2.9122,2.98051,2.91809,2.96873,2.96166,2.98993,2.99935,1.30949,1.4932,1.6404,1.53559,1.67219,1.63804,1.70988,1.54619,1.66277,1.56621,0,2.9228,0,0,1.95953,0,0,1.81233,0,0,0,0,0,0,0,0,0,0,0,3.24193,0,0,2.37051,0,1.68868,0,0,0,0,1.84177,
0,0,0,35.3103,33.226,36.8824,2.68375,2.63547,2.62369,2.14088,2.55539,2.64489,2.07022,2.62487,2.5707,2.56717,2.38582,2.9122,2.32812,2.92987,2.90396,2.98875,3.00524,2.92751,2.90161,2.96637,2.71319,2.68375,2.63782,2.26217,2.54715,2.63194,2.66255,2.62723,2.65313,2.62134,0.632371,0.38743,0,0,0.81961,0.753664,0.401562,0.273203,1.08928,0.403917,0,0.736,0,0,0.383898,0,0,0,0.094208,0,0,0,0.662989,0,0.12247,0,0,0.0400384,0,0,
